Timestamp,station,source,pm25,pm10,no2,so2,co,o3,nh3,at,rh,ws,wd,sr,pm10_capped
2025-10-01 05:00:00+05:30,anand_vihar_new_delhi_dpcc,openaq,36.0,102.0,,,,,,,,,,,False
2025-10-01 06:00:00+05:30,anand_vihar_new_delhi_dpcc,openaq,44.5,95.8,,,,,,,,,,,False
2025-10-01 07:00:00+05:30,anand_vihar_new_delhi_dpcc,openaq,50.0,106.0,,,,,,,,,,,False
2025-10-01 08:00:00+05:30,anand_vihar_new_delhi_dpcc,openaq,48.0,99.8,,,,,,,,,,,False
2025-10-01 09:00:00+05:30,anand_vihar_new_delhi_dpcc,openaq,66.8,119.0,,,,,,,,,,,False
2025-10-01 11:00:00+05:30,anand_vihar_new_delhi_dpcc,openaq,62.0,120.0,,,,,,,,,,,False
2025-10-01 12:00:00+05:30,anand_vihar_new_delhi_dpcc,openaq,40.5,110.0,,,,,,,,,,,False
2025-10-01 13:00:00+05:30,anand_vihar_new_delhi_dpcc,openaq,28.3,85.3,,,,,,,,,,,False
2025-10-01 14:00:00+05:30,anand_vihar_new_delhi_dpcc,openaq,28.0,89.3,,,,,,,,,,,False
2025-10-01 15:00:00+05:30,anand_vihar_new_delhi_dpcc,openaq,38.5,101.0,,,,,,,,,,,False
2025-10-01 16:00:00+05:30,anand_vihar_new_delhi_dpcc,openaq,45.3,143.0,,,,,,,,,,,False
2025-10-01 17:00:00+05:30,anand_vihar_new_delhi_dpcc,openaq,66.5,193.0,,,,,,,,,,,False
2025-10-01 18:00:00+05:30,anand_vihar_new_delhi_dpcc,openaq,82.0,309.0,,,,,,,,,,,False
2025-10-01 19:00:00+05:30,anand_vihar_new_delhi_dpcc,openaq,77.8,408.0,,,,,,,,,,,False
2025-10-01 20:00:00+05:30,anand_vihar_new_delhi_dpcc,openaq,74.0,326.0,,,,,,,,,,,False
2025-10-01 21:00:00+05:30,anand_vihar_new_delhi_dpcc,openaq,73.0,280.0,,,,,,,,,,,False
2025-10-01 22:00:00+05:30,anand_vihar_new_delhi_dpcc,openaq,70.0,291.0,,,,,,,,,,,False
2025-10-01 23:00:00+05:30,anand_vihar_new_delhi_dpcc,openaq,66.0,213.0,,,,,,,,,,,False
2025-10-02 01:00:00+05:30,anand_vihar_new_delhi_dpcc,openaq,52.3,141.0,,,,,,,,,,,False
2025-10-02 02:00:00+05:30,anand_vihar_new_delhi_dpcc,openaq,46.0,122.0,,,,,,,,,,,False
2025-10-02 03:00:00+05:30,anand_vihar_new_delhi_dpcc,openaq,26.3,104.0,,,,,,,,,,,False
2025-10-02 04:00:00+05:30,anand_vihar_new_delhi_dpcc,openaq,26.8,120.0,,,,,,,,,,,False
2025-10-02 05:00:00+05:30,anand_vihar_new_delhi_dpcc,openaq,19.5,109.0,,,,,,,,,,,False
2025-10-02 06:00:00+05:30,anand_vihar_new_delhi_dpcc,openaq,27.3,115.0,,,,,,,,,,,False
2025-10-02 07:00:00+05:30,anand_vihar_new_delhi_dpcc,openaq,33.0,146.0,,,,,,,,,,,False
2025-10-02 08:00:00+05:30,anand_vihar_new_delhi_dpcc,openaq,55.5,164.0,,,,,,,,,,,False
2025-10-02 09:00:00+05:30,anand_vihar_new_delhi_dpcc,openaq,84.0,220.0,,,,,,,,,,,False
2025-10-02 10:00:00+05:30,anand_vihar_new_delhi_dpcc,openaq,57.0,158.0,,,,,,,,,,,False
2025-10-02 11:00:00+05:30,anand_vihar_new_delhi_dpcc,openaq,57.3,144.0,,,,,,,,,,,False
2025-10-02 12:00:00+05:30,anand_vihar_new_delhi_dpcc,openaq,63.8,160.0,,,,,,,,,,,False
2025-10-02 13:00:00+05:30,anand_vihar_new_delhi_dpcc,openaq,75.3,162.0,,,,,,,,,,,False
2025-10-02 14:00:00+05:30,anand_vihar_new_delhi_dpcc,openaq,56.0,155.0,,,,,,,,,,,False
2025-10-02 15:00:00+05:30,anand_vihar_new_delhi_dpcc,openaq,49.3,123.0,,,,,,,,,,,False
2025-10-02 16:00:00+05:30,anand_vihar_new_delhi_dpcc,openaq,49.5,108.0,,,,,,,,,,,False
2025-10-02 17:00:00+05:30,anand_vihar_new_delhi_dpcc,openaq,54.8,122.0,,,,,,,,,,,False
2025-10-02 18:00:00+05:30,anand_vihar_new_delhi_dpcc,openaq,46.0,103.0,,,,,,,,,,,False
2025-10-02 19:00:00+05:30,anand_vihar_new_delhi_dpcc,openaq,47.0,78.3,,,,,,,,,,,False
2025-10-02 20:00:00+05:30,anand_vihar_new_delhi_dpcc,openaq,75.0,103.0,,,,,,,,,,,False
2025-10-02 21:00:00+05:30,anand_vihar_new_delhi_dpcc,openaq,92.0,146.0,,,,,,,,,,,False
2025-10-02 22:00:00+05:30,anand_vihar_new_delhi_dpcc,openaq,70.3,126.0,,,,,,,,,,,False
2025-10-02 23:00:00+05:30,anand_vihar_new_delhi_dpcc,openaq,41.0,80.0,,,,,,,,,,,False
2025-10-03 01:00:00+05:30,anand_vihar_new_delhi_dpcc,openaq,35.3,90.3,,,,,,,,,,,False
2025-10-03 02:00:00+05:30,anand_vihar_new_delhi_dpcc,openaq,64.0,127.0,,,,,,,,,,,False
2025-10-03 03:00:00+05:30,anand_vihar_new_delhi_dpcc,openaq,32.0,77.0,,,,,,,,,,,False
2025-10-03 04:00:00+05:30,anand_vihar_new_delhi_dpcc,openaq,36.5,84.8,,,,,,,,,,,False
2025-10-03 05:00:00+05:30,anand_vihar_new_delhi_dpcc,openaq,43.3,86.3,,,,,,,,,,,False
2025-10-03 06:00:00+05:30,anand_vihar_new_delhi_dpcc,openaq,45.5,96.3,,,,,,,,,,,False
2025-10-03 07:00:00+05:30,anand_vihar_new_delhi_dpcc,openaq,32.5,78.0,,,,,,,,,,,False
2025-10-03 08:00:00+05:30,anand_vihar_new_delhi_dpcc,openaq,30.8,74.5,,,,,,,,,,,False
2025-10-03 09:00:00+05:30,anand_vihar_new_delhi_dpcc,openaq,22.3,75.8,,,,,,,,,,,False
2025-10-03 10:00:00+05:30,anand_vihar_new_delhi_dpcc,openaq,28.8,84.5,,,,,,,,,,,False
2025-10-03 11:00:00+05:30,anand_vihar_new_delhi_dpcc,openaq,35.3,83.0,,,,,,,,,,,False
2025-10-03 12:00:00+05:30,anand_vihar_new_delhi_dpcc,openaq,31.3,75.3,,,,,,,,,,,False
2025-10-03 13:00:00+05:30,anand_vihar_new_delhi_dpcc,openaq,30.8,71.0,,,,,,,,,,,False
2025-10-03 14:00:00+05:30,anand_vihar_new_delhi_dpcc,openaq,32.0,70.8,,,,,,,,,,,False
2025-10-03 15:00:00+05:30,anand_vihar_new_delhi_dpcc,openaq,28.3,76.5,,,,,,,,,,,False
2025-10-03 16:00:00+05:30,anand_vihar_new_delhi_dpcc,openaq,24.5,64.5,,,,,,,,,,,False
2025-10-03 17:00:00+05:30,anand_vihar_new_delhi_dpcc,openaq,20.0,55.0,,,,,,,,,,,False
2025-10-03 18:00:00+05:30,anand_vihar_new_delhi_dpcc,openaq,22.5,74.5,,,,,,,,,,,False
2025-10-03 19:00:00+05:30,anand_vihar_new_delhi_dpcc,openaq,38.0,125.0,,,,,,,,,,,False
2025-10-03 20:00:00+05:30,anand_vihar_new_delhi_dpcc,openaq,62.3,219.0,,,,,,,,,,,False
2025-10-03 21:00:00+05:30,anand_vihar_new_delhi_dpcc,openaq,95.3,254.0,,,,,,,,,,,False
2025-10-03 22:00:00+05:30,anand_vihar_new_delhi_dpcc,openaq,116.0,320.0,,,,,,,,,,,False
2025-10-03 23:00:00+05:30,anand_vihar_new_delhi_dpcc,openaq,103.0,447.0,,,,,,,,,,,False
2025-10-04 01:00:00+05:30,anand_vihar_new_delhi_dpcc,openaq,85.0,267.0,,,,,,,,,,,False
2025-10-04 02:00:00+05:30,anand_vihar_new_delhi_dpcc,openaq,74.5,240.0,,,,,,,,,,,False
2025-10-04 03:00:00+05:30,anand_vihar_new_delhi_dpcc,openaq,76.3,206.0,,,,,,,,,,,False
2025-10-04 04:00:00+05:30,anand_vihar_new_delhi_dpcc,openaq,132.0,232.0,,,,,,,,,,,False
2025-10-04 05:00:00+05:30,anand_vihar_new_delhi_dpcc,openaq,241.0,363.0,,,,,,,,,,,False
2025-10-04 06:00:00+05:30,anand_vihar_new_delhi_dpcc,openaq,224.0,310.0,,,,,,,,,,,False
2025-10-04 07:00:00+05:30,anand_vihar_new_delhi_dpcc,openaq,148.0,212.0,,,,,,,,,,,False
2025-10-04 08:00:00+05:30,anand_vihar_new_delhi_dpcc,openaq,90.3,200.0,,,,,,,,,,,False
2025-10-04 09:00:00+05:30,anand_vihar_new_delhi_dpcc,openaq,100.0,209.0,,,,,,,,,,,False
2025-10-04 10:00:00+05:30,anand_vihar_new_delhi_dpcc,openaq,62.0,150.0,,,,,,,,,,,False
2025-10-04 11:00:00+05:30,anand_vihar_new_delhi_dpcc,openaq,53.3,124.0,,,,,,,,,,,False
2025-10-04 12:00:00+05:30,anand_vihar_new_delhi_dpcc,openaq,45.0,115.0,,,,,,,,,,,False
2025-10-04 13:00:00+05:30,anand_vihar_new_delhi_dpcc,openaq,45.0,117.0,,,,,,,,,,,False
2025-10-04 14:00:00+05:30,anand_vihar_new_delhi_dpcc,openaq,48.0,116.0,,,,,,,,,,,False
2025-10-04 15:00:00+05:30,anand_vihar_new_delhi_dpcc,openaq,45.8,127.0,,,,,,,,,,,False
2025-10-04 16:00:00+05:30,anand_vihar_new_delhi_dpcc,openaq,55.3,136.0,,,,,,,,,,,False
2025-10-04 17:00:00+05:30,anand_vihar_new_delhi_dpcc,openaq,53.8,151.0,,,,,,,,,,,False
2025-10-04 18:00:00+05:30,anand_vihar_new_delhi_dpcc,openaq,68.8,172.0,,,,,,,,,,,False
2025-10-04 19:00:00+05:30,anand_vihar_new_delhi_dpcc,openaq,84.8,218.0,,,,,,,,,,,False
2025-10-04 20:00:00+05:30,anand_vihar_new_delhi_dpcc,openaq,96.5,300.0,,,,,,,,,,,False
2025-10-04 21:00:00+05:30,anand_vihar_new_delhi_dpcc,openaq,86.8,272.0,,,,,,,,,,,False
2025-10-04 22:00:00+05:30,anand_vihar_new_delhi_dpcc,openaq,79.3,227.0,,,,,,,,,,,False
2025-10-04 23:00:00+05:30,anand_vihar_new_delhi_dpcc,openaq,77.0,235.0,,,,,,,,,,,False
2025-10-05 01:00:00+05:30,anand_vihar_new_delhi_dpcc,openaq,76.3,266.0,,,,,,,,,,,False
2025-10-05 02:00:00+05:30,anand_vihar_new_delhi_dpcc,openaq,87.8,262.0,,,,,,,,,,,False
2025-10-05 03:00:00+05:30,anand_vihar_new_delhi_dpcc,openaq,75.0,238.0,,,,,,,,,,,False
2025-10-05 04:00:00+05:30,anand_vihar_new_delhi_dpcc,openaq,76.8,217.0,,,,,,,,,,,False
2025-10-05 05:00:00+05:30,anand_vihar_new_delhi_dpcc,openaq,83.5,239.0,,,,,,,,,,,False
2025-10-05 06:00:00+05:30,anand_vihar_new_delhi_dpcc,openaq,86.0,220.0,,,,,,,,,,,False
2025-10-05 07:00:00+05:30,anand_vihar_new_delhi_dpcc,openaq,79.0,229.0,,,,,,,,,,,False
2025-10-05 08:00:00+05:30,anand_vihar_new_delhi_dpcc,openaq,71.3,265.0,,,,,,,,,,,False
2025-10-05 09:00:00+05:30,anand_vihar_new_delhi_dpcc,openaq,55.0,170.0,,,,,,,,,,,False
2025-10-05 10:00:00+05:30,anand_vihar_new_delhi_dpcc,openaq,42.3,135.0,,,,,,,,,,,False
2025-10-05 11:00:00+05:30,anand_vihar_new_delhi_dpcc,openaq,40.8,140.0,,,,,,,,,,,False
2025-10-05 12:00:00+05:30,anand_vihar_new_delhi_dpcc,openaq,78.3,202.0,,,,,,,,,,,False
2025-10-05 13:00:00+05:30,anand_vihar_new_delhi_dpcc,openaq,85.0,207.0,,,,,,,,,,,False
2025-10-05 14:00:00+05:30,anand_vihar_new_delhi_dpcc,openaq,80.8,257.0,,,,,,,,,,,False
2025-10-05 15:00:00+05:30,anand_vihar_new_delhi_dpcc,openaq,70.0,234.0,,,,,,,,,,,False
2025-10-05 16:00:00+05:30,anand_vihar_new_delhi_dpcc,openaq,76.0,234.0,,,,,,,,,,,False
2025-10-05 17:00:00+05:30,anand_vihar_new_delhi_dpcc,openaq,70.5,222.0,,,,,,,,,,,False
2025-10-05 18:00:00+05:30,anand_vihar_new_delhi_dpcc,openaq,58.3,276.0,,,,,,,,,,,False
2025-10-05 19:00:00+05:30,anand_vihar_new_delhi_dpcc,openaq,74.0,425.0,,,,,,,,,,,False
2025-10-05 20:00:00+05:30,anand_vihar_new_delhi_dpcc,openaq,84.3,469.0,,,,,,,,,,,False
2025-10-05 21:00:00+05:30,anand_vihar_new_delhi_dpcc,openaq,92.3,441.0,,,,,,,,,,,False
2025-10-05 22:00:00+05:30,anand_vihar_new_delhi_dpcc,openaq,108.0,583.0,,,,,,,,,,,False
2025-10-05 23:00:00+05:30,anand_vihar_new_delhi_dpcc,openaq,116.0,465.0,,,,,,,,,,,False
2025-10-06 01:00:00+05:30,anand_vihar_new_delhi_dpcc,openaq,20.3,178.0,,,,,,,,,,,False
2025-10-06 02:00:00+05:30,anand_vihar_new_delhi_dpcc,openaq,14.8,59.5,,,,,,,,,,,False
2025-10-06 03:00:00+05:30,anand_vihar_new_delhi_dpcc,openaq,26.3,54.3,,,,,,,,,,,False
2025-10-06 04:00:00+05:30,anand_vihar_new_delhi_dpcc,openaq,37.8,63.8,,,,,,,,,,,False
2025-10-06 05:00:00+05:30,anand_vihar_new_delhi_dpcc,openaq,42.5,72.3,,,,,,,,,,,False
2025-10-06 06:00:00+05:30,anand_vihar_new_delhi_dpcc,openaq,42.5,85.8,,,,,,,,,,,False
2025-10-06 07:00:00+05:30,anand_vihar_new_delhi_dpcc,openaq,46.8,119.0,,,,,,,,,,,False
2025-10-06 08:00:00+05:30,anand_vihar_new_delhi_dpcc,openaq,46.3,101.0,,,,,,,,,,,False
2025-10-06 09:00:00+05:30,anand_vihar_new_delhi_dpcc,openaq,53.8,107.0,,,,,,,,,,,False
2025-10-06 10:00:00+05:30,anand_vihar_new_delhi_dpcc,openaq,75.0,138.0,,,,,,,,,,,False
2025-10-06 11:00:00+05:30,anand_vihar_new_delhi_dpcc,openaq,71.3,164.0,,,,,,,,,,,False
2025-10-06 12:00:00+05:30,anand_vihar_new_delhi_dpcc,openaq,49.5,154.0,,,,,,,,,,,False
2025-10-06 13:00:00+05:30,anand_vihar_new_delhi_dpcc,openaq,43.0,122.0,,,,,,,,,,,False
2025-10-06 14:00:00+05:30,anand_vihar_new_delhi_dpcc,openaq,36.7,105.0,,,,,,,,,,,False
2025-10-06 15:00:00+05:30,anand_vihar_new_delhi_dpcc,openaq,34.0,62.3,,,,,,,,,,,False
2025-10-06 16:00:00+05:30,anand_vihar_new_delhi_dpcc,openaq,30.3,58.8,,,,,,,,,,,False
2025-10-06 17:00:00+05:30,anand_vihar_new_delhi_dpcc,openaq,34.0,63.5,,,,,,,,,,,False
2025-10-06 18:00:00+05:30,anand_vihar_new_delhi_dpcc,openaq,26.8,63.3,,,,,,,,,,,False
2025-10-06 19:00:00+05:30,anand_vihar_new_delhi_dpcc,openaq,35.5,72.8,,,,,,,,,,,False
2025-10-06 20:00:00+05:30,anand_vihar_new_delhi_dpcc,openaq,45.0,85.5,,,,,,,,,,,False
2025-10-06 21:00:00+05:30,anand_vihar_new_delhi_dpcc,openaq,43.5,76.0,,,,,,,,,,,False
2025-10-06 22:00:00+05:30,anand_vihar_new_delhi_dpcc,openaq,48.0,90.3,,,,,,,,,,,False
2025-10-06 23:00:00+05:30,anand_vihar_new_delhi_dpcc,openaq,48.0,97.0,,,,,,,,,,,False
2025-10-07 01:00:00+05:30,anand_vihar_new_delhi_dpcc,openaq,22.5,55.5,,,,,,,,,,,False
2025-10-07 02:00:00+05:30,anand_vihar_new_delhi_dpcc,openaq,24.3,55.5,,,,,,,,,,,False
2025-10-07 03:00:00+05:30,anand_vihar_new_delhi_dpcc,openaq,31.3,75.0,,,,,,,,,,,False
2025-10-07 04:00:00+05:30,anand_vihar_new_delhi_dpcc,openaq,23.3,60.8,,,,,,,,,,,False
2025-10-07 05:00:00+05:30,anand_vihar_new_delhi_dpcc,openaq,22.0,39.3,,,,,,,,,,,False
2025-10-07 06:00:00+05:30,anand_vihar_new_delhi_dpcc,openaq,16.3,22.5,,,,,,,,,,,False
2025-10-07 07:00:00+05:30,anand_vihar_new_delhi_dpcc,openaq,18.3,26.3,,,,,,,,,,,False
2025-10-07 08:00:00+05:30,anand_vihar_new_delhi_dpcc,openaq,22.8,33.8,,,,,,,,,,,False
2025-10-07 09:00:00+05:30,anand_vihar_new_delhi_dpcc,openaq,23.3,32.3,,,,,,,,,,,False
2025-10-07 10:00:00+05:30,anand_vihar_new_delhi_dpcc,openaq,22.3,31.8,,,,,,,,,,,False
2025-10-07 11:00:00+05:30,anand_vihar_new_delhi_dpcc,openaq,28.5,51.5,,,,,,,,,,,False
2025-10-07 12:00:00+05:30,anand_vihar_new_delhi_dpcc,openaq,21.5,49.0,,,,,,,,,,,False
2025-10-07 13:00:00+05:30,anand_vihar_new_delhi_dpcc,openaq,5.75,46.5,,,,,,,,,,,False
2025-10-07 14:00:00+05:30,anand_vihar_new_delhi_dpcc,openaq,12.3,57.5,,,,,,,,,,,False
2025-10-07 15:00:00+05:30,anand_vihar_new_delhi_dpcc,openaq,25.3,81.3,,,,,,,,,,,False
2025-10-07 16:00:00+05:30,anand_vihar_new_delhi_dpcc,openaq,27.3,78.8,,,,,,,,,,,False
2025-10-07 17:00:00+05:30,anand_vihar_new_delhi_dpcc,openaq,26.3,94.5,,,,,,,,,,,False
2025-10-07 18:00:00+05:30,anand_vihar_new_delhi_dpcc,openaq,13.0,39.0,,,,,,,,,,,False
2025-10-07 19:00:00+05:30,anand_vihar_new_delhi_dpcc,openaq,19.5,45.8,,,,,,,,,,,False
2025-10-07 20:00:00+05:30,anand_vihar_new_delhi_dpcc,openaq,30.0,45.3,,,,,,,,,,,False
2025-10-07 21:00:00+05:30,anand_vihar_new_delhi_dpcc,openaq,37.3,67.8,,,,,,,,,,,False
2025-10-07 22:00:00+05:30,anand_vihar_new_delhi_dpcc,openaq,81.8,107.0,,,,,,,,,,,False
2025-10-07 23:00:00+05:30,anand_vihar_new_delhi_dpcc,openaq,150.0,190.0,,,,,,,,,,,False
2025-10-08 01:00:00+05:30,anand_vihar_new_delhi_dpcc,openaq,18.5,40.5,,,,,,,,,,,False
2025-10-08 02:00:00+05:30,anand_vihar_new_delhi_dpcc,openaq,22.3,46.8,,,,,,,,,,,False
2025-10-08 03:00:00+05:30,anand_vihar_new_delhi_dpcc,openaq,38.5,65.5,,,,,,,,,,,False
2025-10-08 04:00:00+05:30,anand_vihar_new_delhi_dpcc,openaq,47.3,84.3,,,,,,,,,,,False
2025-10-08 05:00:00+05:30,anand_vihar_new_delhi_dpcc,openaq,72.0,106.0,,,,,,,,,,,False
2025-10-08 06:00:00+05:30,anand_vihar_new_delhi_dpcc,openaq,82.8,127.0,,,,,,,,,,,False
2025-10-08 07:00:00+05:30,anand_vihar_new_delhi_dpcc,openaq,100.0,143.0,,,,,,,,,,,False
2025-10-08 08:00:00+05:30,anand_vihar_new_delhi_dpcc,openaq,120.0,160.0,,,,,,,,,,,False
2025-10-08 09:00:00+05:30,anand_vihar_new_delhi_dpcc,openaq,78.3,125.0,,,,,,,,,,,False
2025-10-08 10:00:00+05:30,anand_vihar_new_delhi_dpcc,openaq,47.8,103.0,,,,,,,,,,,False
2025-10-08 11:00:00+05:30,anand_vihar_new_delhi_dpcc,openaq,51.8,110.0,,,,,,,,,,,False
2025-10-08 12:00:00+05:30,anand_vihar_new_delhi_dpcc,openaq,49.0,107.0,,,,,,,,,,,False
2025-10-08 13:00:00+05:30,anand_vihar_new_delhi_dpcc,openaq,51.3,125.0,,,,,,,,,,,False
2025-10-08 14:00:00+05:30,anand_vihar_new_delhi_dpcc,openaq,53.0,138.0,,,,,,,,,,,False
2025-10-08 15:00:00+05:30,anand_vihar_new_delhi_dpcc,openaq,67.8,161.0,,,,,,,,,,,False
2025-10-08 16:00:00+05:30,anand_vihar_new_delhi_dpcc,openaq,76.8,189.0,,,,,,,,,,,False
2025-10-08 17:00:00+05:30,anand_vihar_new_delhi_dpcc,openaq,75.5,158.0,,,,,,,,,,,False
2025-10-08 18:00:00+05:30,anand_vihar_new_delhi_dpcc,openaq,57.5,169.0,,,,,,,,,,,False
2025-10-08 19:00:00+05:30,anand_vihar_new_delhi_dpcc,openaq,36.8,137.0,,,,,,,,,,,False
2025-10-08 20:00:00+05:30,anand_vihar_new_delhi_dpcc,openaq,42.0,174.0,,,,,,,,,,,False
2025-10-08 21:00:00+05:30,anand_vihar_new_delhi_dpcc,openaq,47.8,158.0,,,,,,,,,,,False
2025-10-08 22:00:00+05:30,anand_vihar_new_delhi_dpcc,openaq,32.8,103.0,,,,,,,,,,,False
2025-10-08 23:00:00+05:30,anand_vihar_new_delhi_dpcc,openaq,26.0,89.0,,,,,,,,,,,False
2025-10-09 01:00:00+05:30,anand_vihar_new_delhi_dpcc,openaq,37.3,117.0,,,,,,,,,,,False
2025-10-09 02:00:00+05:30,anand_vihar_new_delhi_dpcc,openaq,30.3,78.8,,,,,,,,,,,False
2025-10-09 04:00:00+05:30,anand_vihar_new_delhi_dpcc,openaq,33.8,98.8,,,,,,,,,,,False
2025-10-09 05:00:00+05:30,anand_vihar_new_delhi_dpcc,openaq,39.0,145.0,,,,,,,,,,,False
2025-10-09 06:00:00+05:30,anand_vihar_new_delhi_dpcc,openaq,38.3,128.0,,,,,,,,,,,False
2025-10-09 07:00:00+05:30,anand_vihar_new_delhi_dpcc,openaq,36.5,132.0,,,,,,,,,,,False
2025-10-09 08:00:00+05:30,anand_vihar_new_delhi_dpcc,openaq,39.5,126.0,,,,,,,,,,,False
2025-10-09 09:00:00+05:30,anand_vihar_new_delhi_dpcc,openaq,46.8,137.0,,,,,,,,,,,False
2025-10-09 10:00:00+05:30,anand_vihar_new_delhi_dpcc,openaq,51.0,141.0,,,,,,,,,,,False
2025-10-09 11:00:00+05:30,anand_vihar_new_delhi_dpcc,openaq,39.3,120.0,,,,,,,,,,,False
2025-10-09 12:00:00+05:30,anand_vihar_new_delhi_dpcc,openaq,37.5,112.0,,,,,,,,,,,False
2025-10-09 13:00:00+05:30,anand_vihar_new_delhi_dpcc,openaq,31.3,107.0,,,,,,,,,,,False
2025-10-09 14:00:00+05:30,anand_vihar_new_delhi_dpcc,openaq,34.3,112.0,,,,,,,,,,,False
2025-10-09 15:00:00+05:30,anand_vihar_new_delhi_dpcc,openaq,31.5,111.0,,,,,,,,,,,False
2025-10-09 16:00:00+05:30,anand_vihar_new_delhi_dpcc,openaq,30.5,114.0,,,,,,,,,,,False
2025-10-09 17:00:00+05:30,anand_vihar_new_delhi_dpcc,openaq,31.3,127.0,,,,,,,,,,,False
2025-10-09 18:00:00+05:30,anand_vihar_new_delhi_dpcc,openaq,29.3,134.0,,,,,,,,,,,False
2025-10-09 19:00:00+05:30,anand_vihar_new_delhi_dpcc,openaq,29.3,133.0,,,,,,,,,,,False
2025-10-09 20:00:00+05:30,anand_vihar_new_delhi_dpcc,openaq,36.0,171.0,,,,,,,,,,,False
2025-10-09 21:00:00+05:30,anand_vihar_new_delhi_dpcc,openaq,49.3,239.0,,,,,,,,,,,False
2025-10-09 22:00:00+05:30,anand_vihar_new_delhi_dpcc,openaq,61.8,268.0,,,,,,,,,,,False
2025-10-09 23:00:00+05:30,anand_vihar_new_delhi_dpcc,openaq,88.0,266.0,,,,,,,,,,,False
2025-10-10 01:00:00+05:30,anand_vihar_new_delhi_dpcc,openaq,69.0,284.0,,,,,,,,,,,False
2025-10-10 02:00:00+05:30,anand_vihar_new_delhi_dpcc,openaq,57.0,214.0,,,,,,,,,,,False
2025-10-10 03:00:00+05:30,anand_vihar_new_delhi_dpcc,openaq,63.0,199.0,,,,,,,,,,,False
2025-10-10 04:00:00+05:30,anand_vihar_new_delhi_dpcc,openaq,80.0,233.0,,,,,,,,,,,False
2025-10-10 05:00:00+05:30,anand_vihar_new_delhi_dpcc,openaq,67.8,233.0,,,,,,,,,,,False
2025-10-10 06:00:00+05:30,anand_vihar_new_delhi_dpcc,openaq,43.8,216.0,,,,,,,,,,,False
2025-10-10 07:00:00+05:30,anand_vihar_new_delhi_dpcc,openaq,56.5,244.0,,,,,,,,,,,False
2025-10-10 08:00:00+05:30,anand_vihar_new_delhi_dpcc,openaq,61.5,270.0,,,,,,,,,,,False
2025-10-10 09:00:00+05:30,anand_vihar_new_delhi_dpcc,openaq,60.0,251.0,,,,,,,,,,,False
2025-10-10 10:00:00+05:30,anand_vihar_new_delhi_dpcc,openaq,53.3,202.0,,,,,,,,,,,False
2025-10-10 11:00:00+05:30,anand_vihar_new_delhi_dpcc,openaq,59.3,193.0,,,,,,,,,,,False
2025-10-10 12:00:00+05:30,anand_vihar_new_delhi_dpcc,openaq,60.8,204.0,,,,,,,,,,,False
2025-10-10 13:00:00+05:30,anand_vihar_new_delhi_dpcc,openaq,57.0,231.0,,,,,,,,,,,False
2025-10-10 14:00:00+05:30,anand_vihar_new_delhi_dpcc,openaq,54.0,228.0,,,,,,,,,,,False
2025-10-10 15:00:00+05:30,anand_vihar_new_delhi_dpcc,openaq,50.0,203.0,,,,,,,,,,,False
2025-10-10 16:00:00+05:30,anand_vihar_new_delhi_dpcc,openaq,56.0,227.0,,,,,,,,,,,False
2025-10-10 19:00:00+05:30,anand_vihar_new_delhi_dpcc,openaq,63.0,300.0,,,,,,,,,,,False
2025-10-10 20:00:00+05:30,anand_vihar_new_delhi_dpcc,openaq,71.3,379.0,,,,,,,,,,,False
2025-10-10 21:00:00+05:30,anand_vihar_new_delhi_dpcc,openaq,83.5,408.0,,,,,,,,,,,False
2025-10-10 22:00:00+05:30,anand_vihar_new_delhi_dpcc,openaq,108.0,475.0,,,,,,,,,,,False
2025-10-10 23:00:00+05:30,anand_vihar_new_delhi_dpcc,openaq,130.0,492.0,,,,,,,,,,,False
2025-10-11 02:00:00+05:30,anand_vihar_new_delhi_dpcc,openaq,116.0,321.0,,,,,,,,,,,False
2025-10-11 03:00:00+05:30,anand_vihar_new_delhi_dpcc,openaq,130.0,337.0,,,,,,,,,,,False
2025-10-11 04:00:00+05:30,anand_vihar_new_delhi_dpcc,openaq,126.0,321.0,,,,,,,,,,,False
2025-10-11 05:00:00+05:30,anand_vihar_new_delhi_dpcc,openaq,122.0,313.0,,,,,,,,,,,False
2025-10-11 06:00:00+05:30,anand_vihar_new_delhi_dpcc,openaq,115.0,287.0,,,,,,,,,,,False
2025-10-11 07:00:00+05:30,anand_vihar_new_delhi_dpcc,openaq,104.0,296.0,,,,,,,,,,,False
2025-10-11 08:00:00+05:30,anand_vihar_new_delhi_dpcc,openaq,91.8,323.0,,,,,,,,,,,False
2025-10-11 09:00:00+05:30,anand_vihar_new_delhi_dpcc,openaq,84.3,300.0,,,,,,,,,,,False
2025-10-11 10:00:00+05:30,anand_vihar_new_delhi_dpcc,openaq,69.8,221.0,,,,,,,,,,,False
2025-10-11 11:00:00+05:30,anand_vihar_new_delhi_dpcc,openaq,61.8,208.0,,,,,,,,,,,False
2025-10-11 12:00:00+05:30,anand_vihar_new_delhi_dpcc,openaq,64.5,225.0,,,,,,,,,,,False
2025-10-11 13:00:00+05:30,anand_vihar_new_delhi_dpcc,openaq,54.8,218.0,,,,,,,,,,,False
2025-10-11 14:00:00+05:30,anand_vihar_new_delhi_dpcc,openaq,51.3,216.0,,,,,,,,,,,False
2025-10-11 15:00:00+05:30,anand_vihar_new_delhi_dpcc,openaq,56.0,217.0,,,,,,,,,,,False
2025-10-11 16:00:00+05:30,anand_vihar_new_delhi_dpcc,openaq,49.3,252.0,,,,,,,,,,,False
2025-10-11 17:00:00+05:30,anand_vihar_new_delhi_dpcc,openaq,49.5,301.0,,,,,,,,,,,False
2025-10-11 18:00:00+05:30,anand_vihar_new_delhi_dpcc,openaq,60.5,344.0,,,,,,,,,,,False
2025-10-11 19:00:00+05:30,anand_vihar_new_delhi_dpcc,openaq,76.5,508.0,,,,,,,,,,,False
2025-10-11 20:00:00+05:30,anand_vihar_new_delhi_dpcc,openaq,103.0,620.0,,,,,,,,,,,False
2025-10-11 21:00:00+05:30,anand_vihar_new_delhi_dpcc,openaq,125.0,659.0,,,,,,,,,,,False
2025-10-11 22:00:00+05:30,anand_vihar_new_delhi_dpcc,openaq,99.0,551.0,,,,,,,,,,,False
2025-10-11 23:00:00+05:30,anand_vihar_new_delhi_dpcc,openaq,93.0,460.0,,,,,,,,,,,False
2025-10-12 01:00:00+05:30,anand_vihar_new_delhi_dpcc,openaq,67.5,220.0,,,,,,,,,,,False
2025-10-12 02:00:00+05:30,anand_vihar_new_delhi_dpcc,openaq,66.0,233.0,,,,,,,,,,,False
2025-10-12 03:00:00+05:30,anand_vihar_new_delhi_dpcc,openaq,64.8,196.0,,,,,,,,,,,False
2025-10-12 04:00:00+05:30,anand_vihar_new_delhi_dpcc,openaq,66.8,203.0,,,,,,,,,,,False
2025-10-12 05:00:00+05:30,anand_vihar_new_delhi_dpcc,openaq,75.0,207.0,,,,,,,,,,,False
2025-10-12 06:00:00+05:30,anand_vihar_new_delhi_dpcc,openaq,80.5,368.0,,,,,,,,,,,False
2025-10-12 07:00:00+05:30,anand_vihar_new_delhi_dpcc,openaq,87.3,395.0,,,,,,,,,,,False
2025-10-12 08:00:00+05:30,anand_vihar_new_delhi_dpcc,openaq,87.0,361.0,,,,,,,,,,,False
2025-10-12 09:00:00+05:30,anand_vihar_new_delhi_dpcc,openaq,86.8,331.0,,,,,,,,,,,False
2025-10-12 10:00:00+05:30,anand_vihar_new_delhi_dpcc,openaq,75.3,319.0,,,,,,,,,,,False
2025-10-12 11:00:00+05:30,anand_vihar_new_delhi_dpcc,openaq,74.5,330.0,,,,,,,,,,,False
2025-10-12 12:00:00+05:30,anand_vihar_new_delhi_dpcc,openaq,83.5,363.0,,,,,,,,,,,False
2025-10-12 13:00:00+05:30,anand_vihar_new_delhi_dpcc,openaq,64.5,296.0,,,,,,,,,,,False
2025-10-12 14:00:00+05:30,anand_vihar_new_delhi_dpcc,openaq,44.5,257.0,,,,,,,,,,,False
2025-10-12 15:00:00+05:30,anand_vihar_new_delhi_dpcc,openaq,32.3,233.0,,,,,,,,,,,False
2025-10-12 16:00:00+05:30,anand_vihar_new_delhi_dpcc,openaq,29.5,239.0,,,,,,,,,,,False
2025-10-12 17:00:00+05:30,anand_vihar_new_delhi_dpcc,openaq,40.5,314.0,,,,,,,,,,,False
2025-10-12 18:00:00+05:30,anand_vihar_new_delhi_dpcc,openaq,52.8,471.0,,,,,,,,,,,False
2025-10-12 19:00:00+05:30,anand_vihar_new_delhi_dpcc,openaq,64.5,482.0,,,,,,,,,,,False
2025-10-12 20:00:00+05:30,anand_vihar_new_delhi_dpcc,openaq,91.5,644.0,,,,,,,,,,,False
2025-10-12 21:00:00+05:30,anand_vihar_new_delhi_dpcc,openaq,114.0,811.0,,,,,,,,,,,False
2025-10-12 22:00:00+05:30,anand_vihar_new_delhi_dpcc,openaq,109.0,770.0,,,,,,,,,,,False
2025-10-13 01:00:00+05:30,anand_vihar_new_delhi_dpcc,openaq,84.3,319.0,,,,,,,,,,,False
2025-10-13 02:00:00+05:30,anand_vihar_new_delhi_dpcc,openaq,79.3,228.0,,,,,,,,,,,False
2025-10-13 03:00:00+05:30,anand_vihar_new_delhi_dpcc,openaq,80.8,220.0,,,,,,,,,,,False
2025-10-13 04:00:00+05:30,anand_vihar_new_delhi_dpcc,openaq,90.5,399.0,,,,,,,,,,,False
2025-10-13 05:00:00+05:30,anand_vihar_new_delhi_dpcc,openaq,117.0,644.0,,,,,,,,,,,False
2025-10-13 06:00:00+05:30,anand_vihar_new_delhi_dpcc,openaq,125.0,566.0,,,,,,,,,,,False
2025-10-13 07:00:00+05:30,anand_vihar_new_delhi_dpcc,openaq,120.0,570.0,,,,,,,,,,,False
2025-10-13 08:00:00+05:30,anand_vihar_new_delhi_dpcc,openaq,118.0,722.0,,,,,,,,,,,False
2025-10-13 09:00:00+05:30,anand_vihar_new_delhi_dpcc,openaq,110.0,507.0,,,,,,,,,,,False
2025-10-13 10:00:00+05:30,anand_vihar_new_delhi_dpcc,openaq,90.3,396.0,,,,,,,,,,,False
2025-10-13 11:00:00+05:30,anand_vihar_new_delhi_dpcc,openaq,64.3,266.0,,,,,,,,,,,False
2025-10-13 12:00:00+05:30,anand_vihar_new_delhi_dpcc,openaq,65.0,316.0,,,,,,,,,,,False
2025-10-13 13:00:00+05:30,anand_vihar_new_delhi_dpcc,openaq,60.8,344.0,,,,,,,,,,,False
2025-10-13 14:00:00+05:30,anand_vihar_new_delhi_dpcc,openaq,50.0,252.0,,,,,,,,,,,False
2025-10-13 15:00:00+05:30,anand_vihar_new_delhi_dpcc,openaq,56.3,209.0,,,,,,,,,,,False
2025-10-13 16:00:00+05:30,anand_vihar_new_delhi_dpcc,openaq,55.0,182.0,,,,,,,,,,,False
2025-10-13 17:00:00+05:30,anand_vihar_new_delhi_dpcc,openaq,48.5,193.0,,,,,,,,,,,False
2025-10-13 18:00:00+05:30,anand_vihar_new_delhi_dpcc,openaq,57.0,290.0,,,,,,,,,,,False
2025-10-13 19:00:00+05:30,anand_vihar_new_delhi_dpcc,openaq,93.8,519.0,,,,,,,,,,,False
2025-10-13 20:00:00+05:30,anand_vihar_new_delhi_dpcc,openaq,116.0,625.0,,,,,,,,,,,False
2025-10-13 22:00:00+05:30,anand_vihar_new_delhi_dpcc,openaq,142.0,676.0,,,,,,,,,,,False
2025-10-13 23:00:00+05:30,anand_vihar_new_delhi_dpcc,openaq,152.0,677.0,,,,,,,,,,,False
2025-10-14 01:00:00+05:30,anand_vihar_new_delhi_dpcc,openaq,161.0,628.0,,,,,,,,,,,False
2025-10-14 02:00:00+05:30,anand_vihar_new_delhi_dpcc,openaq,162.0,540.0,,,,,,,,,,,False
2025-10-14 03:00:00+05:30,anand_vihar_new_delhi_dpcc,openaq,136.0,509.0,,,,,,,,,,,False
2025-10-14 04:00:00+05:30,anand_vihar_new_delhi_dpcc,openaq,106.0,439.0,,,,,,,,,,,False
2025-10-14 05:00:00+05:30,anand_vihar_new_delhi_dpcc,openaq,98.0,425.0,,,,,,,,,,,False
2025-10-14 06:00:00+05:30,anand_vihar_new_delhi_dpcc,openaq,105.0,396.0,,,,,,,,,,,False
2025-10-14 07:00:00+05:30,anand_vihar_new_delhi_dpcc,openaq,126.0,562.0,,,,,,,,,,,False
2025-10-14 08:00:00+05:30,anand_vihar_new_delhi_dpcc,openaq,157.0,998.0,,,,,,,,,,,False
2025-10-14 09:00:00+05:30,anand_vihar_new_delhi_dpcc,openaq,116.0,524.0,,,,,,,,,,,False
2025-10-14 10:00:00+05:30,anand_vihar_new_delhi_dpcc,openaq,88.0,313.0,,,,,,,,,,,False
2025-10-14 11:00:00+05:30,anand_vihar_new_delhi_dpcc,openaq,58.8,268.0,,,,,,,,,,,False
2025-10-14 12:00:00+05:30,anand_vihar_new_delhi_dpcc,openaq,46.0,162.0,,,,,,,,,,,False
2025-10-14 13:00:00+05:30,anand_vihar_new_delhi_dpcc,openaq,55.0,150.0,,,,,,,,,,,False
2025-10-14 14:00:00+05:30,anand_vihar_new_delhi_dpcc,openaq,,87.0,,,,,,,,,,,False
2025-10-14 15:00:00+05:30,anand_vihar_new_delhi_dpcc,openaq,35.0,156.0,,,,,,,,,,,False
2025-10-14 18:00:00+05:30,anand_vihar_new_delhi_dpcc,openaq,107.0,356.0,,,,,,,,,,,False
2025-10-14 19:00:00+05:30,anand_vihar_new_delhi_dpcc,openaq,122.0,570.0,,,,,,,,,,,False
2025-10-14 20:00:00+05:30,anand_vihar_new_delhi_dpcc,openaq,113.0,613.0,,,,,,,,,,,False
2025-10-14 21:00:00+05:30,anand_vihar_new_delhi_dpcc,openaq,98.3,586.0,,,,,,,,,,,False
2025-10-14 22:00:00+05:30,anand_vihar_new_delhi_dpcc,openaq,107.0,618.0,,,,,,,,,,,False
2025-10-14 23:00:00+05:30,anand_vihar_new_delhi_dpcc,openaq,148.0,871.0,,,,,,,,,,,False
2025-10-15 01:00:00+05:30,anand_vihar_new_delhi_dpcc,openaq,265.0,1060.0,,,,,,,,,,,False
2025-10-15 02:00:00+05:30,anand_vihar_new_delhi_dpcc,openaq,202.0,517.0,,,,,,,,,,,False
2025-10-15 03:00:00+05:30,anand_vihar_new_delhi_dpcc,openaq,201.0,524.0,,,,,,,,,,,False
2025-10-15 04:00:00+05:30,anand_vihar_new_delhi_dpcc,openaq,281.0,741.0,,,,,,,,,,,False
2025-10-15 05:00:00+05:30,anand_vihar_new_delhi_dpcc,openaq,229.0,645.0,,,,,,,,,,,False
2025-10-15 06:00:00+05:30,anand_vihar_new_delhi_dpcc,openaq,180.0,600.0,,,,,,,,,,,False
2025-10-15 07:00:00+05:30,anand_vihar_new_delhi_dpcc,openaq,189.0,529.0,,,,,,,,,,,False
2025-10-15 08:00:00+05:30,anand_vihar_new_delhi_dpcc,openaq,131.0,266.0,,,,,,,,,,,False
2025-10-15 09:00:00+05:30,anand_vihar_new_delhi_dpcc,openaq,118.0,318.0,,,,,,,,,,,False
2025-10-15 10:00:00+05:30,anand_vihar_new_delhi_dpcc,openaq,144.0,512.0,,,,,,,,,,,False
2025-10-15 11:00:00+05:30,anand_vihar_new_delhi_dpcc,openaq,73.5,274.0,,,,,,,,,,,False
2025-10-15 12:00:00+05:30,anand_vihar_new_delhi_dpcc,openaq,56.0,225.0,,,,,,,,,,,False
2025-10-15 13:00:00+05:30,anand_vihar_new_delhi_dpcc,openaq,83.0,296.0,,,,,,,,,,,False
2025-10-15 14:00:00+05:30,anand_vihar_new_delhi_dpcc,openaq,,300.0,,,,,,,,,,,False
2025-10-15 15:00:00+05:30,anand_vihar_new_delhi_dpcc,openaq,90.5,249.0,,,,,,,,,,,False
2025-10-15 16:00:00+05:30,anand_vihar_new_delhi_dpcc,openaq,63.3,227.0,,,,,,,,,,,False
2025-10-15 17:00:00+05:30,anand_vihar_new_delhi_dpcc,openaq,55.8,311.0,,,,,,,,,,,False
2025-10-15 21:00:00+05:30,anand_vihar_new_delhi_dpcc,openaq,133.0,594.0,,,,,,,,,,,False
2025-10-15 22:00:00+05:30,anand_vihar_new_delhi_dpcc,openaq,181.0,780.0,,,,,,,,,,,False
2025-10-15 23:00:00+05:30,anand_vihar_new_delhi_dpcc,openaq,212.0,881.0,,,,,,,,,,,False
2025-10-16 01:00:00+05:30,anand_vihar_new_delhi_dpcc,openaq,239.0,995.0,,,,,,,,,,,False
2025-10-16 02:00:00+05:30,anand_vihar_new_delhi_dpcc,openaq,164.0,622.0,,,,,,,,,,,False
2025-10-16 03:00:00+05:30,anand_vihar_new_delhi_dpcc,openaq,136.0,509.0,,,,,,,,,,,False
2025-10-16 04:00:00+05:30,anand_vihar_new_delhi_dpcc,openaq,101.0,411.0,,,,,,,,,,,False
2025-10-16 05:00:00+05:30,anand_vihar_new_delhi_dpcc,openaq,130.0,525.0,,,,,,,,,,,False
2025-10-16 06:00:00+05:30,anand_vihar_new_delhi_dpcc,openaq,,550.0,,,,,,,,,,,False
2025-10-16 07:00:00+05:30,anand_vihar_new_delhi_dpcc,openaq,158.0,612.0,,,,,,,,,,,False
2025-10-16 08:00:00+05:30,anand_vihar_new_delhi_dpcc,openaq,166.0,753.0,,,,,,,,,,,False
2025-10-16 09:00:00+05:30,anand_vihar_new_delhi_dpcc,openaq,171.0,844.0,,,,,,,,,,,False
2025-10-16 10:00:00+05:30,anand_vihar_new_delhi_dpcc,openaq,174.0,575.0,,,,,,,,,,,False
2025-10-16 11:00:00+05:30,anand_vihar_new_delhi_dpcc,openaq,149.0,528.0,,,,,,,,,,,False
2025-10-16 12:00:00+05:30,anand_vihar_new_delhi_dpcc,openaq,81.0,250.0,,,,,,,,,,,False
2025-10-16 13:00:00+05:30,anand_vihar_new_delhi_dpcc,openaq,58.0,218.0,,,,,,,,,,,False
2025-10-16 14:00:00+05:30,anand_vihar_new_delhi_dpcc,openaq,37.8,144.0,,,,,,,,,,,False
2025-10-16 15:00:00+05:30,anand_vihar_new_delhi_dpcc,openaq,47.8,140.0,,,,,,,,,,,False
2025-10-16 16:00:00+05:30,anand_vihar_new_delhi_dpcc,openaq,65.0,222.0,,,,,,,,,,,False
2025-10-16 17:00:00+05:30,anand_vihar_new_delhi_dpcc,openaq,80.0,266.0,,,,,,,,,,,False
2025-10-16 18:00:00+05:30,anand_vihar_new_delhi_dpcc,openaq,110.0,358.0,,,,,,,,,,,False
2025-10-16 19:00:00+05:30,anand_vihar_new_delhi_dpcc,openaq,123.0,426.0,,,,,,,,,,,False
2025-10-16 20:00:00+05:30,anand_vihar_new_delhi_dpcc,openaq,138.0,516.0,,,,,,,,,,,False
2025-10-16 21:00:00+05:30,anand_vihar_new_delhi_dpcc,openaq,154.0,591.0,,,,,,,,,,,False
2025-10-16 22:00:00+05:30,anand_vihar_new_delhi_dpcc,openaq,170.0,622.0,,,,,,,,,,,False
2025-10-16 23:00:00+05:30,anand_vihar_new_delhi_dpcc,openaq,177.0,641.0,,,,,,,,,,,False
2025-10-17 01:00:00+05:30,anand_vihar_new_delhi_dpcc,openaq,204.0,530.0,,,,,,,,,,,False
2025-10-17 02:00:00+05:30,anand_vihar_new_delhi_dpcc,openaq,205.0,521.0,,,,,,,,,,,False
2025-10-17 03:00:00+05:30,anand_vihar_new_delhi_dpcc,openaq,184.0,500.0,,,,,,,,,,,False
2025-10-17 04:00:00+05:30,anand_vihar_new_delhi_dpcc,openaq,153.0,502.0,,,,,,,,,,,False
2025-10-17 05:00:00+05:30,anand_vihar_new_delhi_dpcc,openaq,162.0,458.0,,,,,,,,,,,False
2025-10-17 06:00:00+05:30,anand_vihar_new_delhi_dpcc,openaq,174.0,493.0,,,,,,,,,,,False
2025-10-17 07:00:00+05:30,anand_vihar_new_delhi_dpcc,openaq,195.0,491.0,,,,,,,,,,,False
2025-10-17 09:00:00+05:30,anand_vihar_new_delhi_dpcc,openaq,160.0,807.0,,,,,,,,,,,False
2025-10-17 10:00:00+05:30,anand_vihar_new_delhi_dpcc,openaq,105.0,298.0,,,,,,,,,,,False
2025-10-17 11:00:00+05:30,anand_vihar_new_delhi_dpcc,openaq,113.0,355.0,,,,,,,,,,,False
2025-10-17 12:00:00+05:30,anand_vihar_new_delhi_dpcc,openaq,99.3,336.0,,,,,,,,,,,False
2025-10-17 13:00:00+05:30,anand_vihar_new_delhi_dpcc,openaq,80.8,321.0,,,,,,,,,,,False
2025-10-17 14:00:00+05:30,anand_vihar_new_delhi_dpcc,openaq,81.0,289.0,,,,,,,,,,,False
2025-10-17 15:00:00+05:30,anand_vihar_new_delhi_dpcc,openaq,103.0,383.0,,,,,,,,,,,False
2025-10-17 16:00:00+05:30,anand_vihar_new_delhi_dpcc,openaq,126.0,411.0,,,,,,,,,,,False
2025-10-17 17:00:00+05:30,anand_vihar_new_delhi_dpcc,openaq,106.0,298.0,,,,,,,,,,,False
2025-10-17 18:00:00+05:30,anand_vihar_new_delhi_dpcc,openaq,96.3,432.0,,,,,,,,,,,False
2025-10-17 19:00:00+05:30,anand_vihar_new_delhi_dpcc,openaq,89.7,523.0,,,,,,,,,,,False
2025-10-17 20:00:00+05:30,anand_vihar_new_delhi_dpcc,openaq,81.0,511.0,,,,,,,,,,,False
2025-10-17 21:00:00+05:30,anand_vihar_new_delhi_dpcc,openaq,103.0,466.0,,,,,,,,,,,False
2025-10-17 22:00:00+05:30,anand_vihar_new_delhi_dpcc,openaq,139.0,524.0,,,,,,,,,,,False
2025-10-17 23:00:00+05:30,anand_vihar_new_delhi_dpcc,openaq,158.0,565.0,,,,,,,,,,,False
2025-10-18 01:00:00+05:30,anand_vihar_new_delhi_dpcc,openaq,202.0,724.0,,,,,,,,,,,False
2025-10-18 02:00:00+05:30,anand_vihar_new_delhi_dpcc,openaq,213.0,774.0,,,,,,,,,,,False
2025-10-18 03:00:00+05:30,anand_vihar_new_delhi_dpcc,openaq,203.0,601.0,,,,,,,,,,,False
2025-10-18 04:00:00+05:30,anand_vihar_new_delhi_dpcc,openaq,186.0,533.0,,,,,,,,,,,False
2025-10-18 05:00:00+05:30,anand_vihar_new_delhi_dpcc,openaq,156.0,440.0,,,,,,,,,,,False
2025-10-18 06:00:00+05:30,anand_vihar_new_delhi_dpcc,openaq,107.0,344.0,,,,,,,,,,,False
2025-10-18 07:00:00+05:30,anand_vihar_new_delhi_dpcc,openaq,145.0,404.0,,,,,,,,,,,False
2025-10-18 08:00:00+05:30,anand_vihar_new_delhi_dpcc,openaq,181.0,539.0,,,,,,,,,,,False
2025-10-18 09:00:00+05:30,anand_vihar_new_delhi_dpcc,openaq,197.0,754.0,,,,,,,,,,,False
2025-10-18 10:00:00+05:30,anand_vihar_new_delhi_dpcc,openaq,200.0,488.0,,,,,,,,,,,False
2025-10-18 11:00:00+05:30,anand_vihar_new_delhi_dpcc,openaq,199.0,463.0,,,,,,,,,,,False
2025-10-18 12:00:00+05:30,anand_vihar_new_delhi_dpcc,openaq,156.0,374.0,,,,,,,,,,,False
2025-10-18 13:00:00+05:30,anand_vihar_new_delhi_dpcc,openaq,132.0,312.0,,,,,,,,,,,False
2025-10-18 14:00:00+05:30,anand_vihar_new_delhi_dpcc,openaq,104.0,339.0,,,,,,,,,,,False
2025-10-18 15:00:00+05:30,anand_vihar_new_delhi_dpcc,openaq,83.5,336.0,,,,,,,,,,,False
2025-10-18 16:00:00+05:30,anand_vihar_new_delhi_dpcc,openaq,65.0,355.0,,,,,,,,,,,False
2025-10-18 17:00:00+05:30,anand_vihar_new_delhi_dpcc,openaq,80.3,623.0,,,,,,,,,,,False
2025-10-18 18:00:00+05:30,anand_vihar_new_delhi_dpcc,openaq,121.0,778.0,,,,,,,,,,,False
2025-10-18 19:00:00+05:30,anand_vihar_new_delhi_dpcc,openaq,136.0,748.0,,,,,,,,,,,False
2025-10-18 20:00:00+05:30,anand_vihar_new_delhi_dpcc,openaq,157.0,797.0,,,,,,,,,,,False
2025-10-18 22:00:00+05:30,anand_vihar_new_delhi_dpcc,openaq,245.0,794.0,,,,,,,,,,,False
2025-10-18 23:00:00+05:30,anand_vihar_new_delhi_dpcc,openaq,250.0,481.0,,,,,,,,,,,False
2025-10-19 01:00:00+05:30,anand_vihar_new_delhi_dpcc,openaq,287.0,753.0,,,,,,,,,,,False
2025-10-19 02:00:00+05:30,anand_vihar_new_delhi_dpcc,openaq,267.0,760.0,,,,,,,,,,,False
2025-10-19 03:00:00+05:30,anand_vihar_new_delhi_dpcc,openaq,312.0,,,,,,,,,,,,False
2025-10-19 04:00:00+05:30,anand_vihar_new_delhi_dpcc,openaq,359.0,,,,,,,,,,,,False
2025-10-19 05:00:00+05:30,anand_vihar_new_delhi_dpcc,openaq,373.0,825.0,,,,,,,,,,,False
2025-10-19 06:00:00+05:30,anand_vihar_new_delhi_dpcc,openaq,334.0,623.0,,,,,,,,,,,False
2025-10-19 07:00:00+05:30,anand_vihar_new_delhi_dpcc,openaq,304.0,689.0,,,,,,,,,,,False
2025-10-19 08:00:00+05:30,anand_vihar_new_delhi_dpcc,openaq,308.0,873.0,,,,,,,,,,,False
2025-10-19 09:00:00+05:30,anand_vihar_new_delhi_dpcc,openaq,319.0,650.0,,,,,,,,,,,False
2025-10-19 10:00:00+05:30,anand_vihar_new_delhi_dpcc,openaq,276.0,691.0,,,,,,,,,,,False
2025-10-19 11:00:00+05:30,anand_vihar_new_delhi_dpcc,openaq,128.0,316.0,,,,,,,,,,,False
2025-10-19 12:00:00+05:30,anand_vihar_new_delhi_dpcc,openaq,81.3,289.0,,,,,,,,,,,False
2025-10-19 13:00:00+05:30,anand_vihar_new_delhi_dpcc,openaq,83.3,358.0,,,,,,,,,,,False
2025-10-19 14:00:00+05:30,anand_vihar_new_delhi_dpcc,openaq,104.0,330.0,,,,,,,,,,,False
2025-10-19 15:00:00+05:30,anand_vihar_new_delhi_dpcc,openaq,102.0,311.0,,,,,,,,,,,False
2025-10-19 16:00:00+05:30,anand_vihar_new_delhi_dpcc,openaq,103.0,426.0,,,,,,,,,,,False
2025-10-19 17:00:00+05:30,anand_vihar_new_delhi_dpcc,openaq,136.0,667.0,,,,,,,,,,,False
2025-10-19 18:00:00+05:30,anand_vihar_new_delhi_dpcc,openaq,196.0,1160.0,,,,,,,,,,,False
2025-10-19 19:00:00+05:30,anand_vihar_new_delhi_dpcc,openaq,223.0,1130.0,,,,,,,,,,,False
2025-10-19 20:00:00+05:30,anand_vihar_new_delhi_dpcc,openaq,261.0,1040.0,,,,,,,,,,,False
2025-10-19 21:00:00+05:30,anand_vihar_new_delhi_dpcc,openaq,334.0,827.0,,,,,,,,,,,False
2025-10-19 22:00:00+05:30,anand_vihar_new_delhi_dpcc,openaq,356.0,748.0,,,,,,,,,,,False
2025-10-19 23:00:00+05:30,anand_vihar_new_delhi_dpcc,openaq,423.0,931.0,,,,,,,,,,,False
2025-10-20 01:00:00+05:30,anand_vihar_new_delhi_dpcc,openaq,389.0,1060.0,,,,,,,,,,,False
2025-10-20 02:00:00+05:30,anand_vihar_new_delhi_dpcc,openaq,355.0,979.0,,,,,,,,,,,False
2025-10-20 03:00:00+05:30,anand_vihar_new_delhi_dpcc,openaq,323.0,822.0,,,,,,,,,,,False
2025-10-20 04:00:00+05:30,anand_vihar_new_delhi_dpcc,openaq,281.0,645.0,,,,,,,,,,,False
2025-10-20 05:00:00+05:30,anand_vihar_new_delhi_dpcc,openaq,266.0,557.0,,,,,,,,,,,False
2025-10-20 06:00:00+05:30,anand_vihar_new_delhi_dpcc,openaq,241.0,542.0,,,,,,,,,,,False
2025-10-20 07:00:00+05:30,anand_vihar_new_delhi_dpcc,openaq,261.0,735.0,,,,,,,,,,,False
2025-10-20 08:00:00+05:30,anand_vihar_new_delhi_dpcc,openaq,278.0,862.0,,,,,,,,,,,False
2025-10-20 09:00:00+05:30,anand_vihar_new_delhi_dpcc,openaq,302.0,850.0,,,,,,,,,,,False
2025-10-20 15:00:00+05:30,anand_vihar_new_delhi_dpcc,openaq,105.0,211.0,,,,,,,,,,,False
2025-10-20 16:00:00+05:30,anand_vihar_new_delhi_dpcc,openaq,82.8,210.0,,,,,,,,,,,False
2025-10-20 17:00:00+05:30,anand_vihar_new_delhi_dpcc,openaq,70.5,245.0,,,,,,,,,,,False
2025-10-20 18:00:00+05:30,anand_vihar_new_delhi_dpcc,openaq,68.8,236.0,,,,,,,,,,,False
2025-10-20 19:00:00+05:30,anand_vihar_new_delhi_dpcc,openaq,161.0,371.0,,,,,,,,,,,False
2025-10-20 22:00:00+05:30,anand_vihar_new_delhi_dpcc,openaq,627.0,944.0,,,,,,,,,,,False
2025-10-20 23:00:00+05:30,anand_vihar_new_delhi_dpcc,openaq,,1310.0,,,,,,,,,,,False
2025-10-21 02:00:00+05:30,anand_vihar_new_delhi_dpcc,openaq,,1360.0,,,,,,,,,,,False
2025-10-21 03:00:00+05:30,anand_vihar_new_delhi_dpcc,openaq,656.0,1300.0,,,,,,,,,,,False
2025-10-21 04:00:00+05:30,anand_vihar_new_delhi_dpcc,openaq,605.0,983.0,,,,,,,,,,,False
2025-10-21 05:00:00+05:30,anand_vihar_new_delhi_dpcc,openaq,438.0,583.0,,,,,,,,,,,False
2025-10-21 06:00:00+05:30,anand_vihar_new_delhi_dpcc,openaq,392.0,540.0,,,,,,,,,,,False
2025-10-21 07:00:00+05:30,anand_vihar_new_delhi_dpcc,openaq,319.0,468.0,,,,,,,,,,,False
2025-10-21 08:00:00+05:30,anand_vihar_new_delhi_dpcc,openaq,279.0,447.0,,,,,,,,,,,False
2025-10-21 09:00:00+05:30,anand_vihar_new_delhi_dpcc,openaq,240.0,363.0,,,,,,,,,,,False
2025-10-21 10:00:00+05:30,anand_vihar_new_delhi_dpcc,openaq,194.0,310.0,,,,,,,,,,,False
2025-10-21 11:00:00+05:30,anand_vihar_new_delhi_dpcc,openaq,168.0,284.0,,,,,,,,,,,False
2025-10-21 12:00:00+05:30,anand_vihar_new_delhi_dpcc,openaq,106.0,202.0,,,,,,,,,,,False
2025-10-21 13:00:00+05:30,anand_vihar_new_delhi_dpcc,openaq,84.0,174.0,,,,,,,,,,,False
2025-10-21 14:00:00+05:30,anand_vihar_new_delhi_dpcc,openaq,73.3,138.0,,,,,,,,,,,False
2025-10-21 15:00:00+05:30,anand_vihar_new_delhi_dpcc,openaq,76.8,119.0,,,,,,,,,,,False
2025-10-21 16:00:00+05:30,anand_vihar_new_delhi_dpcc,openaq,78.5,143.0,,,,,,,,,,,False
2025-10-21 17:00:00+05:30,anand_vihar_new_delhi_dpcc,openaq,86.8,205.0,,,,,,,,,,,False
2025-10-21 18:00:00+05:30,anand_vihar_new_delhi_dpcc,openaq,105.0,292.0,,,,,,,,,,,False
2025-10-21 19:00:00+05:30,anand_vihar_new_delhi_dpcc,openaq,159.0,411.0,,,,,,,,,,,False
2025-10-21 20:00:00+05:30,anand_vihar_new_delhi_dpcc,openaq,264.0,597.0,,,,,,,,,,,False
2025-10-21 21:00:00+05:30,anand_vihar_new_delhi_dpcc,openaq,333.0,623.0,,,,,,,,,,,False
2025-10-21 22:00:00+05:30,anand_vihar_new_delhi_dpcc,openaq,316.0,652.0,,,,,,,,,,,False
2025-10-21 23:00:00+05:30,anand_vihar_new_delhi_dpcc,openaq,337.0,730.0,,,,,,,,,,,False
2025-10-22 01:00:00+05:30,anand_vihar_new_delhi_dpcc,openaq,497.0,927.0,,,,,,,,,,,False
2025-10-22 02:00:00+05:30,anand_vihar_new_delhi_dpcc,openaq,536.0,926.0,,,,,,,,,,,False
2025-10-22 03:00:00+05:30,anand_vihar_new_delhi_dpcc,openaq,378.0,559.0,,,,,,,,,,,False
2025-10-22 04:00:00+05:30,anand_vihar_new_delhi_dpcc,openaq,282.0,437.0,,,,,,,,,,,False
2025-10-22 05:00:00+05:30,anand_vihar_new_delhi_dpcc,openaq,245.0,445.0,,,,,,,,,,,False
2025-10-22 06:00:00+05:30,anand_vihar_new_delhi_dpcc,openaq,229.0,551.0,,,,,,,,,,,False
2025-10-22 07:00:00+05:30,anand_vihar_new_delhi_dpcc,openaq,236.0,519.0,,,,,,,,,,,False
2025-10-22 08:00:00+05:30,anand_vihar_new_delhi_dpcc,openaq,255.0,563.0,,,,,,,,,,,False
2025-10-22 09:00:00+05:30,anand_vihar_new_delhi_dpcc,openaq,262.0,497.0,,,,,,,,,,,False
2025-10-22 10:00:00+05:30,anand_vihar_new_delhi_dpcc,openaq,290.0,558.0,,,,,,,,,,,False
2025-10-22 11:00:00+05:30,anand_vihar_new_delhi_dpcc,openaq,304.0,521.0,,,,,,,,,,,False
2025-10-22 12:00:00+05:30,anand_vihar_new_delhi_dpcc,openaq,241.0,445.0,,,,,,,,,,,False
2025-10-22 13:00:00+05:30,anand_vihar_new_delhi_dpcc,openaq,186.0,406.0,,,,,,,,,,,False
2025-10-22 15:00:00+05:30,anand_vihar_new_delhi_dpcc,openaq,150.0,362.0,,,,,,,,,,,False
2025-10-22 16:00:00+05:30,anand_vihar_new_delhi_dpcc,openaq,129.0,433.0,,,,,,,,,,,False
2025-10-22 17:00:00+05:30,anand_vihar_new_delhi_dpcc,openaq,135.0,666.0,,,,,,,,,,,False
2025-10-22 18:00:00+05:30,anand_vihar_new_delhi_dpcc,openaq,131.0,655.0,,,,,,,,,,,False
2025-10-22 19:00:00+05:30,anand_vihar_new_delhi_dpcc,openaq,130.0,585.0,,,,,,,,,,,False
2025-10-22 20:00:00+05:30,anand_vihar_new_delhi_dpcc,openaq,151.0,499.0,,,,,,,,,,,False
2025-10-22 21:00:00+05:30,anand_vihar_new_delhi_dpcc,openaq,188.0,507.0,,,,,,,,,,,False
2025-10-22 22:00:00+05:30,anand_vihar_new_delhi_dpcc,openaq,234.0,663.0,,,,,,,,,,,False
2025-10-23 01:00:00+05:30,anand_vihar_new_delhi_dpcc,openaq,210.0,554.0,,,,,,,,,,,False
2025-10-23 02:00:00+05:30,anand_vihar_new_delhi_dpcc,openaq,196.0,589.0,,,,,,,,,,,False
2025-10-23 03:00:00+05:30,anand_vihar_new_delhi_dpcc,openaq,194.0,582.0,,,,,,,,,,,False
2025-10-23 04:00:00+05:30,anand_vihar_new_delhi_dpcc,openaq,202.0,563.0,,,,,,,,,,,False
2025-10-23 05:00:00+05:30,anand_vihar_new_delhi_dpcc,openaq,197.0,492.0,,,,,,,,,,,False
2025-10-23 06:00:00+05:30,anand_vihar_new_delhi_dpcc,openaq,203.0,500.0,,,,,,,,,,,False
2025-10-23 09:00:00+05:30,anand_vihar_new_delhi_dpcc,openaq,193.0,406.0,,,,,,,,,,,False
2025-10-23 10:00:00+05:30,anand_vihar_new_delhi_dpcc,openaq,174.0,343.0,,,,,,,,,,,False
2025-10-23 11:00:00+05:30,anand_vihar_new_delhi_dpcc,openaq,151.0,313.0,,,,,,,,,,,False
2025-10-23 12:00:00+05:30,anand_vihar_new_delhi_dpcc,openaq,169.0,358.0,,,,,,,,,,,False
2025-10-23 13:00:00+05:30,anand_vihar_new_delhi_dpcc,openaq,187.0,457.0,,,,,,,,,,,False
2025-10-23 14:00:00+05:30,anand_vihar_new_delhi_dpcc,openaq,150.0,404.0,,,,,,,,,,,False
2025-10-23 15:00:00+05:30,anand_vihar_new_delhi_dpcc,openaq,117.0,331.0,,,,,,,,,,,False
2025-10-23 16:00:00+05:30,anand_vihar_new_delhi_dpcc,openaq,134.0,402.0,,,,,,,,,,,False
2025-10-23 17:00:00+05:30,anand_vihar_new_delhi_dpcc,openaq,113.0,411.0,,,,,,,,,,,False
2025-10-23 18:00:00+05:30,anand_vihar_new_delhi_dpcc,openaq,105.0,505.0,,,,,,,,,,,False
2025-10-23 19:00:00+05:30,anand_vihar_new_delhi_dpcc,openaq,133.0,391.0,,,,,,,,,,,False
2025-10-23 20:00:00+05:30,anand_vihar_new_delhi_dpcc,openaq,164.0,537.0,,,,,,,,,,,False
2025-10-23 21:00:00+05:30,anand_vihar_new_delhi_dpcc,openaq,219.0,663.0,,,,,,,,,,,False
2025-10-23 22:00:00+05:30,anand_vihar_new_delhi_dpcc,openaq,263.0,775.0,,,,,,,,,,,False
2025-10-23 23:00:00+05:30,anand_vihar_new_delhi_dpcc,openaq,337.0,892.0,,,,,,,,,,,False
2025-10-24 01:00:00+05:30,anand_vihar_new_delhi_dpcc,openaq,349.0,1030.0,,,,,,,,,,,False
2025-10-24 02:00:00+05:30,anand_vihar_new_delhi_dpcc,openaq,298.0,879.0,,,,,,,,,,,False
2025-10-24 03:00:00+05:30,anand_vihar_new_delhi_dpcc,openaq,235.0,595.0,,,,,,,,,,,False
2025-10-24 04:00:00+05:30,anand_vihar_new_delhi_dpcc,openaq,226.0,650.0,,,,,,,,,,,False
2025-10-24 05:00:00+05:30,anand_vihar_new_delhi_dpcc,openaq,204.0,593.0,,,,,,,,,,,False
2025-10-24 06:00:00+05:30,anand_vihar_new_delhi_dpcc,openaq,180.0,468.0,,,,,,,,,,,False
2025-10-24 07:00:00+05:30,anand_vihar_new_delhi_dpcc,openaq,166.0,527.0,,,,,,,,,,,False
2025-10-24 08:00:00+05:30,anand_vihar_new_delhi_dpcc,openaq,163.0,505.0,,,,,,,,,,,False
2025-10-24 09:00:00+05:30,anand_vihar_new_delhi_dpcc,openaq,170.0,513.0,,,,,,,,,,,False
2025-10-24 10:00:00+05:30,anand_vihar_new_delhi_dpcc,openaq,169.0,675.0,,,,,,,,,,,False
2025-10-24 11:00:00+05:30,anand_vihar_new_delhi_dpcc,openaq,156.0,476.0,,,,,,,,,,,False
2025-10-24 12:00:00+05:30,anand_vihar_new_delhi_dpcc,openaq,153.0,398.0,,,,,,,,,,,False
2025-10-24 13:00:00+05:30,anand_vihar_new_delhi_dpcc,openaq,131.0,352.0,,,,,,,,,,,False
2025-10-24 14:00:00+05:30,anand_vihar_new_delhi_dpcc,openaq,99.8,274.0,,,,,,,,,,,False
2025-10-24 15:00:00+05:30,anand_vihar_new_delhi_dpcc,openaq,59.5,165.0,,,,,,,,,,,False
2025-10-24 16:00:00+05:30,anand_vihar_new_delhi_dpcc,openaq,73.5,237.0,,,,,,,,,,,False
2025-10-24 17:00:00+05:30,anand_vihar_new_delhi_dpcc,openaq,98.8,400.0,,,,,,,,,,,False
2025-10-24 18:00:00+05:30,anand_vihar_new_delhi_dpcc,openaq,113.0,467.0,,,,,,,,,,,False
2025-10-24 19:00:00+05:30,anand_vihar_new_delhi_dpcc,openaq,114.0,456.0,,,,,,,,,,,False
2025-10-24 20:00:00+05:30,anand_vihar_new_delhi_dpcc,openaq,159.0,660.0,,,,,,,,,,,False
2025-10-24 21:00:00+05:30,anand_vihar_new_delhi_dpcc,openaq,236.0,934.0,,,,,,,,,,,False
2025-10-24 22:00:00+05:30,anand_vihar_new_delhi_dpcc,openaq,280.0,866.0,,,,,,,,,,,False
2025-10-24 23:00:00+05:30,anand_vihar_new_delhi_dpcc,openaq,301.0,954.0,,,,,,,,,,,False
2025-10-25 01:00:00+05:30,anand_vihar_new_delhi_dpcc,openaq,266.0,752.0,,,,,,,,,,,False
2025-10-25 02:00:00+05:30,anand_vihar_new_delhi_dpcc,openaq,206.0,842.0,,,,,,,,,,,False
2025-10-25 03:00:00+05:30,anand_vihar_new_delhi_dpcc,openaq,218.0,655.0,,,,,,,,,,,False
2025-10-25 04:00:00+05:30,anand_vihar_new_delhi_dpcc,openaq,242.0,734.0,,,,,,,,,,,False
2025-10-25 05:00:00+05:30,anand_vihar_new_delhi_dpcc,openaq,239.0,585.0,,,,,,,,,,,False
2025-10-25 06:00:00+05:30,anand_vihar_new_delhi_dpcc,openaq,248.0,560.0,,,,,,,,,,,False
2025-10-25 07:00:00+05:30,anand_vihar_new_delhi_dpcc,openaq,299.0,616.0,,,,,,,,,,,False
2025-10-25 08:00:00+05:30,anand_vihar_new_delhi_dpcc,openaq,422.0,705.0,,,,,,,,,,,False
2025-10-25 09:00:00+05:30,anand_vihar_new_delhi_dpcc,openaq,451.0,811.0,,,,,,,,,,,False
2025-10-25 10:00:00+05:30,anand_vihar_new_delhi_dpcc,openaq,307.0,691.0,,,,,,,,,,,False
2025-10-25 11:00:00+05:30,anand_vihar_new_delhi_dpcc,openaq,203.0,625.0,,,,,,,,,,,False
2025-10-25 12:00:00+05:30,anand_vihar_new_delhi_dpcc,openaq,138.0,274.0,,,,,,,,,,,False
2025-10-25 13:00:00+05:30,anand_vihar_new_delhi_dpcc,openaq,109.0,234.0,,,,,,,,,,,False
2025-10-25 14:00:00+05:30,anand_vihar_new_delhi_dpcc,openaq,109.0,286.0,,,,,,,,,,,False
2025-10-25 15:00:00+05:30,anand_vihar_new_delhi_dpcc,openaq,128.0,364.0,,,,,,,,,,,False
2025-10-25 16:00:00+05:30,anand_vihar_new_delhi_dpcc,openaq,131.0,477.0,,,,,,,,,,,False
2025-10-25 17:00:00+05:30,anand_vihar_new_delhi_dpcc,openaq,132.0,437.0,,,,,,,,,,,False
2025-10-25 18:00:00+05:30,anand_vihar_new_delhi_dpcc,openaq,153.0,481.0,,,,,,,,,,,False
2025-10-25 19:00:00+05:30,anand_vihar_new_delhi_dpcc,openaq,185.0,579.0,,,,,,,,,,,False
2025-10-25 20:00:00+05:30,anand_vihar_new_delhi_dpcc,openaq,229.0,804.0,,,,,,,,,,,False
2025-10-25 21:00:00+05:30,anand_vihar_new_delhi_dpcc,openaq,282.0,807.0,,,,,,,,,,,False
2025-10-25 22:00:00+05:30,anand_vihar_new_delhi_dpcc,openaq,324.0,655.0,,,,,,,,,,,False
2025-10-25 23:00:00+05:30,anand_vihar_new_delhi_dpcc,openaq,381.0,854.0,,,,,,,,,,,False
2025-10-26 01:00:00+05:30,anand_vihar_new_delhi_dpcc,openaq,332.0,839.0,,,,,,,,,,,False
2025-10-26 02:00:00+05:30,anand_vihar_new_delhi_dpcc,openaq,321.0,739.0,,,,,,,,,,,False
2025-10-26 03:00:00+05:30,anand_vihar_new_delhi_dpcc,openaq,303.0,669.0,,,,,,,,,,,False
2025-10-26 04:00:00+05:30,anand_vihar_new_delhi_dpcc,openaq,291.0,668.0,,,,,,,,,,,False
2025-10-26 05:00:00+05:30,anand_vihar_new_delhi_dpcc,openaq,278.0,576.0,,,,,,,,,,,False
2025-10-26 06:00:00+05:30,anand_vihar_new_delhi_dpcc,openaq,258.0,526.0,,,,,,,,,,,False
2025-10-26 07:00:00+05:30,anand_vihar_new_delhi_dpcc,openaq,261.0,564.0,,,,,,,,,,,False
2025-10-26 08:00:00+05:30,anand_vihar_new_delhi_dpcc,openaq,266.0,632.0,,,,,,,,,,,False
2025-10-26 09:00:00+05:30,anand_vihar_new_delhi_dpcc,openaq,268.0,500.0,,,,,,,,,,,False
2025-10-26 10:00:00+05:30,anand_vihar_new_delhi_dpcc,openaq,286.0,550.0,,,,,,,,,,,False
2025-10-27 05:00:00+05:30,anand_vihar_new_delhi_dpcc,openaq,253.0,498.0,,,,,,,,,,,False
2025-10-27 06:00:00+05:30,anand_vihar_new_delhi_dpcc,openaq,235.0,492.0,,,,,,,,,,,False
2025-10-27 07:00:00+05:30,anand_vihar_new_delhi_dpcc,openaq,243.0,414.0,,,,,,,,,,,False
2025-10-27 08:00:00+05:30,anand_vihar_new_delhi_dpcc,openaq,280.0,453.0,,,,,,,,,,,False
2025-10-27 09:00:00+05:30,anand_vihar_new_delhi_dpcc,openaq,293.0,488.0,,,,,,,,,,,False
2025-10-27 10:00:00+05:30,anand_vihar_new_delhi_dpcc,openaq,229.0,433.0,,,,,,,,,,,False
2025-10-27 11:00:00+05:30,anand_vihar_new_delhi_dpcc,openaq,172.0,351.0,,,,,,,,,,,False
2025-10-27 12:00:00+05:30,anand_vihar_new_delhi_dpcc,openaq,127.0,282.0,,,,,,,,,,,False
2025-10-27 13:00:00+05:30,anand_vihar_new_delhi_dpcc,openaq,145.0,334.0,,,,,,,,,,,False
2025-10-27 15:00:00+05:30,anand_vihar_new_delhi_dpcc,openaq,129.0,310.0,,,,,,,,,,,False
2025-10-27 16:00:00+05:30,anand_vihar_new_delhi_dpcc,openaq,116.0,288.0,,,,,,,,,,,False
2025-10-27 17:00:00+05:30,anand_vihar_new_delhi_dpcc,openaq,105.0,268.0,,,,,,,,,,,False
2025-10-27 18:00:00+05:30,anand_vihar_new_delhi_dpcc,openaq,129.0,286.0,,,,,,,,,,,False
2025-10-27 19:00:00+05:30,anand_vihar_new_delhi_dpcc,openaq,165.0,319.0,,,,,,,,,,,False
2025-10-27 20:00:00+05:30,anand_vihar_new_delhi_dpcc,openaq,149.0,289.0,,,,,,,,,,,False
2025-10-27 21:00:00+05:30,anand_vihar_new_delhi_dpcc,openaq,160.0,318.0,,,,,,,,,,,False
2025-10-27 22:00:00+05:30,anand_vihar_new_delhi_dpcc,openaq,174.0,374.0,,,,,,,,,,,False
2025-10-27 23:00:00+05:30,anand_vihar_new_delhi_dpcc,openaq,133.0,268.0,,,,,,,,,,,False
2025-10-28 01:00:00+05:30,anand_vihar_new_delhi_dpcc,openaq,104.0,214.0,,,,,,,,,,,False
2025-10-28 02:00:00+05:30,anand_vihar_new_delhi_dpcc,openaq,108.0,271.0,,,,,,,,,,,False
2025-10-28 03:00:00+05:30,anand_vihar_new_delhi_dpcc,openaq,109.0,212.0,,,,,,,,,,,False
2025-10-28 04:00:00+05:30,anand_vihar_new_delhi_dpcc,openaq,129.0,227.0,,,,,,,,,,,False
2025-10-28 05:00:00+05:30,anand_vihar_new_delhi_dpcc,openaq,152.0,258.0,,,,,,,,,,,False
2025-10-28 06:00:00+05:30,anand_vihar_new_delhi_dpcc,openaq,177.0,278.0,,,,,,,,,,,False
2025-10-28 07:00:00+05:30,anand_vihar_new_delhi_dpcc,openaq,201.0,298.0,,,,,,,,,,,False
2025-10-28 08:00:00+05:30,anand_vihar_new_delhi_dpcc,openaq,210.0,322.0,,,,,,,,,,,False
2025-10-28 09:00:00+05:30,anand_vihar_new_delhi_dpcc,openaq,218.0,336.0,,,,,,,,,,,False
2025-10-28 10:00:00+05:30,anand_vihar_new_delhi_dpcc,openaq,228.0,339.0,,,,,,,,,,,False
2025-10-28 13:00:00+05:30,anand_vihar_new_delhi_dpcc,openaq,118.0,221.0,,,,,,,,,,,False
2025-10-28 14:00:00+05:30,anand_vihar_new_delhi_dpcc,openaq,124.0,253.0,,,,,,,,,,,False
2025-10-28 15:00:00+05:30,anand_vihar_new_delhi_dpcc,openaq,108.0,205.0,,,,,,,,,,,False
2025-10-28 16:00:00+05:30,anand_vihar_new_delhi_dpcc,openaq,127.0,232.0,,,,,,,,,,,False
2025-10-28 17:00:00+05:30,anand_vihar_new_delhi_dpcc,openaq,144.0,264.0,,,,,,,,,,,False
2025-10-28 19:00:00+05:30,anand_vihar_new_delhi_dpcc,openaq,140.0,292.0,,,,,,,,,,,False
2025-10-29 01:00:00+05:30,anand_vihar_new_delhi_dpcc,openaq,115.0,291.0,,,,,,,,,,,False
2025-10-29 02:00:00+05:30,anand_vihar_new_delhi_dpcc,openaq,105.0,256.0,,,,,,,,,,,False
2025-10-29 03:00:00+05:30,anand_vihar_new_delhi_dpcc,openaq,97.8,220.0,,,,,,,,,,,False
2025-10-29 04:00:00+05:30,anand_vihar_new_delhi_dpcc,openaq,105.0,194.0,,,,,,,,,,,False
2025-10-29 05:00:00+05:30,anand_vihar_new_delhi_dpcc,openaq,149.0,254.0,,,,,,,,,,,False
2025-10-29 06:00:00+05:30,anand_vihar_new_delhi_dpcc,openaq,216.0,350.0,,,,,,,,,,,False
2025-10-29 07:00:00+05:30,anand_vihar_new_delhi_dpcc,openaq,371.0,544.0,,,,,,,,,,,False
2025-10-29 08:00:00+05:30,anand_vihar_new_delhi_dpcc,openaq,319.0,477.0,,,,,,,,,,,False
2025-10-29 09:00:00+05:30,anand_vihar_new_delhi_dpcc,openaq,265.0,443.0,,,,,,,,,,,False
2025-10-29 10:00:00+05:30,anand_vihar_new_delhi_dpcc,openaq,195.0,387.0,,,,,,,,,,,False
2025-10-29 11:00:00+05:30,anand_vihar_new_delhi_dpcc,openaq,153.0,267.0,,,,,,,,,,,False
2025-10-29 12:00:00+05:30,anand_vihar_new_delhi_dpcc,openaq,151.0,271.0,,,,,,,,,,,False
2025-10-29 13:00:00+05:30,anand_vihar_new_delhi_dpcc,openaq,168.0,282.0,,,,,,,,,,,False
2025-10-29 14:00:00+05:30,anand_vihar_new_delhi_dpcc,openaq,176.0,301.0,,,,,,,,,,,False
2025-10-29 15:00:00+05:30,anand_vihar_new_delhi_dpcc,openaq,193.0,314.0,,,,,,,,,,,False
2025-10-29 16:00:00+05:30,anand_vihar_new_delhi_dpcc,openaq,208.0,352.0,,,,,,,,,,,False
2025-10-29 17:00:00+05:30,anand_vihar_new_delhi_dpcc,openaq,216.0,360.0,,,,,,,,,,,False
2025-10-29 18:00:00+05:30,anand_vihar_new_delhi_dpcc,openaq,223.0,379.0,,,,,,,,,,,False
2025-10-29 19:00:00+05:30,anand_vihar_new_delhi_dpcc,openaq,248.0,448.0,,,,,,,,,,,False
2025-10-29 20:00:00+05:30,anand_vihar_new_delhi_dpcc,openaq,260.0,491.0,,,,,,,,,,,False
2025-10-29 21:00:00+05:30,anand_vihar_new_delhi_dpcc,openaq,275.0,518.0,,,,,,,,,,,False
2025-10-29 22:00:00+05:30,anand_vihar_new_delhi_dpcc,openaq,296.0,569.0,,,,,,,,,,,False
2025-10-29 23:00:00+05:30,anand_vihar_new_delhi_dpcc,openaq,301.0,548.0,,,,,,,,,,,False
2025-10-30 01:00:00+05:30,anand_vihar_new_delhi_dpcc,openaq,370.0,669.0,,,,,,,,,,,False
2025-10-30 02:00:00+05:30,anand_vihar_new_delhi_dpcc,openaq,449.0,698.0,,,,,,,,,,,False
2025-10-30 03:00:00+05:30,anand_vihar_new_delhi_dpcc,openaq,484.0,679.0,,,,,,,,,,,False
2025-10-30 04:00:00+05:30,anand_vihar_new_delhi_dpcc,openaq,344.0,498.0,,,,,,,,,,,False
2025-10-30 05:00:00+05:30,anand_vihar_new_delhi_dpcc,openaq,303.0,411.0,,,,,,,,,,,False
2025-10-30 06:00:00+05:30,anand_vihar_new_delhi_dpcc,openaq,325.0,439.0,,,,,,,,,,,False
2025-10-30 07:00:00+05:30,anand_vihar_new_delhi_dpcc,openaq,339.0,520.0,,,,,,,,,,,False
2025-10-30 08:00:00+05:30,anand_vihar_new_delhi_dpcc,openaq,329.0,536.0,,,,,,,,,,,False
2025-10-30 09:00:00+05:30,anand_vihar_new_delhi_dpcc,openaq,313.0,585.0,,,,,,,,,,,False
2025-10-30 10:00:00+05:30,anand_vihar_new_delhi_dpcc,openaq,319.0,666.0,,,,,,,,,,,False
2025-10-30 11:00:00+05:30,anand_vihar_new_delhi_dpcc,openaq,169.0,352.0,,,,,,,,,,,False
2025-10-30 12:00:00+05:30,anand_vihar_new_delhi_dpcc,openaq,130.0,246.0,,,,,,,,,,,False
2025-10-30 13:00:00+05:30,anand_vihar_new_delhi_dpcc,openaq,125.0,235.0,,,,,,,,,,,False
2025-10-30 14:00:00+05:30,anand_vihar_new_delhi_dpcc,openaq,139.0,273.0,,,,,,,,,,,False
2025-10-30 15:00:00+05:30,anand_vihar_new_delhi_dpcc,openaq,130.0,261.0,,,,,,,,,,,False
2025-10-30 17:00:00+05:30,anand_vihar_new_delhi_dpcc,openaq,113.0,241.0,,,,,,,,,,,False
2025-10-30 19:00:00+05:30,anand_vihar_new_delhi_dpcc,openaq,130.0,222.0,,,,,,,,,,,False
2025-10-30 20:00:00+05:30,anand_vihar_new_delhi_dpcc,openaq,124.0,205.0,,,,,,,,,,,False
2025-10-30 21:00:00+05:30,anand_vihar_new_delhi_dpcc,openaq,107.0,194.0,,,,,,,,,,,False
2025-10-30 23:00:00+05:30,anand_vihar_new_delhi_dpcc,openaq,102.0,196.0,,,,,,,,,,,False
2025-10-31 01:00:00+05:30,anand_vihar_new_delhi_dpcc,openaq,89.5,127.0,,,,,,,,,,,False
2025-10-31 02:00:00+05:30,anand_vihar_new_delhi_dpcc,openaq,97.5,123.0,,,,,,,,,,,False
2025-10-31 03:00:00+05:30,anand_vihar_new_delhi_dpcc,openaq,96.5,136.0,,,,,,,,,,,False
2025-10-31 04:00:00+05:30,anand_vihar_new_delhi_dpcc,openaq,87.8,127.0,,,,,,,,,,,False
2025-10-31 05:00:00+05:30,anand_vihar_new_delhi_dpcc,openaq,84.0,119.0,,,,,,,,,,,False
2025-10-31 06:00:00+05:30,anand_vihar_new_delhi_dpcc,openaq,76.0,107.0,,,,,,,,,,,False
2025-10-31 07:00:00+05:30,anand_vihar_new_delhi_dpcc,openaq,83.0,116.0,,,,,,,,,,,False
2025-10-31 08:00:00+05:30,anand_vihar_new_delhi_dpcc,openaq,80.5,170.0,,,,,,,,,,,False
2025-10-31 09:00:00+05:30,anand_vihar_new_delhi_dpcc,openaq,96.0,279.0,,,,,,,,,,,False
2025-10-31 10:00:00+05:30,anand_vihar_new_delhi_dpcc,openaq,114.0,214.0,,,,,,,,,,,False
2025-10-31 13:00:00+05:30,anand_vihar_new_delhi_dpcc,openaq,126.0,226.0,,,,,,,,,,,False
2025-10-31 14:00:00+05:30,anand_vihar_new_delhi_dpcc,openaq,138.0,216.0,,,,,,,,,,,False
2025-10-31 15:00:00+05:30,anand_vihar_new_delhi_dpcc,openaq,175.0,295.0,,,,,,,,,,,False
2025-10-31 17:00:00+05:30,anand_vihar_new_delhi_dpcc,openaq,131.0,292.0,,,,,,,,,,,False
2025-10-31 18:00:00+05:30,anand_vihar_new_delhi_dpcc,openaq,140.0,321.0,,,,,,,,,,,False
2025-10-31 21:00:00+05:30,anand_vihar_new_delhi_dpcc,openaq,122.0,295.0,,,,,,,,,,,False
2025-10-31 22:00:00+05:30,anand_vihar_new_delhi_dpcc,openaq,144.0,347.0,,,,,,,,,,,False
2025-10-31 23:00:00+05:30,anand_vihar_new_delhi_dpcc,openaq,150.0,368.0,,,,,,,,,,,False
2025-11-01 01:00:00+05:30,anand_vihar_new_delhi_dpcc,openaq,143.0,276.0,,,,,,,,,,,False
2025-11-01 03:00:00+05:30,anand_vihar_new_delhi_dpcc,openaq,125.0,221.0,,,,,,,,,,,False
2025-11-01 06:00:00+05:30,anand_vihar_new_delhi_dpcc,openaq,135.0,225.0,,,,,,,,,,,False
2025-11-01 07:00:00+05:30,anand_vihar_new_delhi_dpcc,openaq,147.0,249.0,,,,,,,,,,,False
2025-11-01 08:00:00+05:30,anand_vihar_new_delhi_dpcc,openaq,170.0,320.0,,,,,,,,,,,False
2025-11-01 09:00:00+05:30,anand_vihar_new_delhi_dpcc,openaq,235.0,450.0,,,,,,,,,,,False
2025-11-01 10:00:00+05:30,anand_vihar_new_delhi_dpcc,openaq,322.0,596.0,,,,,,,,,,,False
2025-11-01 11:00:00+05:30,anand_vihar_new_delhi_dpcc,openaq,301.0,480.0,,,,,,,,,,,False
2025-11-01 12:00:00+05:30,anand_vihar_new_delhi_dpcc,openaq,216.0,369.0,,,,,,,,,,,False
2025-11-01 13:00:00+05:30,anand_vihar_new_delhi_dpcc,openaq,208.0,313.0,,,,,,,,,,,False
2025-11-01 14:00:00+05:30,anand_vihar_new_delhi_dpcc,openaq,190.0,277.0,,,,,,,,,,,False
2025-11-01 15:00:00+05:30,anand_vihar_new_delhi_dpcc,openaq,222.0,342.0,,,,,,,,,,,False
2025-11-01 16:00:00+05:30,anand_vihar_new_delhi_dpcc,openaq,173.0,292.0,,,,,,,,,,,False
2025-11-01 17:00:00+05:30,anand_vihar_new_delhi_dpcc,openaq,127.0,282.0,,,,,,,,,,,False
2025-11-01 18:00:00+05:30,anand_vihar_new_delhi_dpcc,openaq,168.0,384.0,,,,,,,,,,,False
2025-11-01 19:00:00+05:30,anand_vihar_new_delhi_dpcc,openaq,325.0,618.0,,,,,,,,,,,False
2025-11-01 20:00:00+05:30,anand_vihar_new_delhi_dpcc,openaq,448.0,809.0,,,,,,,,,,,False
2025-11-01 21:00:00+05:30,anand_vihar_new_delhi_dpcc,openaq,365.0,733.0,,,,,,,,,,,False
2025-11-01 22:00:00+05:30,anand_vihar_new_delhi_dpcc,openaq,320.0,649.0,,,,,,,,,,,False
2025-11-01 23:00:00+05:30,anand_vihar_new_delhi_dpcc,openaq,271.0,580.0,,,,,,,,,,,False
2025-11-02 01:00:00+05:30,anand_vihar_new_delhi_dpcc,openaq,154.0,274.0,,,,,,,,,,,False
2025-11-02 02:00:00+05:30,anand_vihar_new_delhi_dpcc,openaq,180.0,304.0,,,,,,,,,,,False
2025-11-02 03:00:00+05:30,anand_vihar_new_delhi_dpcc,openaq,232.0,413.0,,,,,,,,,,,False
2025-11-02 04:00:00+05:30,anand_vihar_new_delhi_dpcc,openaq,274.0,435.0,,,,,,,,,,,False
2025-11-02 05:00:00+05:30,anand_vihar_new_delhi_dpcc,openaq,387.0,554.0,,,,,,,,,,,False
2025-11-02 06:00:00+05:30,anand_vihar_new_delhi_dpcc,openaq,417.0,612.0,,,,,,,,,,,False
2025-11-02 07:00:00+05:30,anand_vihar_new_delhi_dpcc,openaq,337.0,525.0,,,,,,,,,,,False
2025-11-02 08:00:00+05:30,anand_vihar_new_delhi_dpcc,openaq,322.0,487.0,,,,,,,,,,,False
2025-11-02 09:00:00+05:30,anand_vihar_new_delhi_dpcc,openaq,304.0,459.0,,,,,,,,,,,False
2025-11-02 10:00:00+05:30,anand_vihar_new_delhi_dpcc,openaq,274.0,431.0,,,,,,,,,,,False
2025-11-02 11:00:00+05:30,anand_vihar_new_delhi_dpcc,openaq,227.0,324.0,,,,,,,,,,,False
2025-11-02 12:00:00+05:30,anand_vihar_new_delhi_dpcc,openaq,208.0,365.0,,,,,,,,,,,False
2025-11-02 13:00:00+05:30,anand_vihar_new_delhi_dpcc,openaq,152.0,313.0,,,,,,,,,,,False
2025-11-02 14:00:00+05:30,anand_vihar_new_delhi_dpcc,openaq,111.0,247.0,,,,,,,,,,,False
2025-11-02 15:00:00+05:30,anand_vihar_new_delhi_dpcc,openaq,117.0,266.0,,,,,,,,,,,False
2025-11-02 16:00:00+05:30,anand_vihar_new_delhi_dpcc,openaq,152.0,320.0,,,,,,,,,,,False
2025-11-02 17:00:00+05:30,anand_vihar_new_delhi_dpcc,openaq,120.0,286.0,,,,,,,,,,,False
2025-11-02 18:00:00+05:30,anand_vihar_new_delhi_dpcc,openaq,131.0,345.0,,,,,,,,,,,False
2025-11-02 19:00:00+05:30,anand_vihar_new_delhi_dpcc,openaq,162.0,369.0,,,,,,,,,,,False
2025-11-02 20:00:00+05:30,anand_vihar_new_delhi_dpcc,openaq,158.0,352.0,,,,,,,,,,,False
2025-11-02 21:00:00+05:30,anand_vihar_new_delhi_dpcc,openaq,132.0,281.0,,,,,,,,,,,False
2025-11-02 22:00:00+05:30,anand_vihar_new_delhi_dpcc,openaq,187.0,387.0,,,,,,,,,,,False
2025-11-03 02:00:00+05:30,anand_vihar_new_delhi_dpcc,openaq,331.0,508.0,,,,,,,,,,,False
2025-11-03 03:00:00+05:30,anand_vihar_new_delhi_dpcc,openaq,369.0,510.0,,,,,,,,,,,False
2025-11-03 04:00:00+05:30,anand_vihar_new_delhi_dpcc,openaq,257.0,403.0,,,,,,,,,,,False
2025-11-03 05:00:00+05:30,anand_vihar_new_delhi_dpcc,openaq,192.0,313.0,,,,,,,,,,,False
2025-11-03 07:00:00+05:30,anand_vihar_new_delhi_dpcc,openaq,126.0,196.0,,,,,,,,,,,False
2025-11-03 08:00:00+05:30,anand_vihar_new_delhi_dpcc,openaq,183.0,332.0,,,,,,,,,,,False
2025-11-03 09:00:00+05:30,anand_vihar_new_delhi_dpcc,openaq,204.0,437.0,,,,,,,,,,,False
2025-11-03 10:00:00+05:30,anand_vihar_new_delhi_dpcc,openaq,220.0,538.0,,,,,,,,,,,False
2025-11-03 14:00:00+05:30,anand_vihar_new_delhi_dpcc,openaq,230.0,410.0,,,,,,,,,,,False
2025-11-03 15:00:00+05:30,anand_vihar_new_delhi_dpcc,openaq,208.0,381.0,,,,,,,,,,,False
2025-11-03 16:00:00+05:30,anand_vihar_new_delhi_dpcc,openaq,182.0,355.0,,,,,,,,,,,False
2025-11-03 17:00:00+05:30,anand_vihar_new_delhi_dpcc,openaq,118.0,265.0,,,,,,,,,,,False
2025-11-03 18:00:00+05:30,anand_vihar_new_delhi_dpcc,openaq,142.0,359.0,,,,,,,,,,,False
2025-11-03 19:00:00+05:30,anand_vihar_new_delhi_dpcc,openaq,129.0,395.0,,,,,,,,,,,False
2025-11-04 10:00:00+05:30,anand_vihar_new_delhi_dpcc,openaq,130.0,301.0,,,,,,,,,,,False
2025-11-04 11:00:00+05:30,anand_vihar_new_delhi_dpcc,openaq,88.3,208.0,,,,,,,,,,,False
2025-11-04 14:00:00+05:30,anand_vihar_new_delhi_dpcc,openaq,110.0,258.0,,,,,,,,,,,False
2025-11-04 15:00:00+05:30,anand_vihar_new_delhi_dpcc,openaq,96.7,230.0,,,,,,,,,,,False
2025-11-04 16:00:00+05:30,anand_vihar_new_delhi_dpcc,openaq,80.0,186.0,,,,,,,,,,,False
2025-11-04 17:00:00+05:30,anand_vihar_new_delhi_dpcc,openaq,67.8,189.0,,,,,,,,,,,False
2025-11-04 18:00:00+05:30,anand_vihar_new_delhi_dpcc,openaq,71.3,218.0,,,,,,,,,,,False
2025-11-04 19:00:00+05:30,anand_vihar_new_delhi_dpcc,openaq,90.8,275.0,,,,,,,,,,,False
2025-11-04 20:00:00+05:30,anand_vihar_new_delhi_dpcc,openaq,110.0,272.0,,,,,,,,,,,False
2025-11-04 21:00:00+05:30,anand_vihar_new_delhi_dpcc,openaq,114.0,256.0,,,,,,,,,,,False
2025-11-04 22:00:00+05:30,anand_vihar_new_delhi_dpcc,openaq,149.0,286.0,,,,,,,,,,,False
2025-11-04 23:00:00+05:30,anand_vihar_new_delhi_dpcc,openaq,174.0,338.0,,,,,,,,,,,False
2025-11-05 01:00:00+05:30,anand_vihar_new_delhi_dpcc,openaq,127.0,289.0,,,,,,,,,,,False
2025-11-05 02:00:00+05:30,anand_vihar_new_delhi_dpcc,openaq,126.0,299.0,,,,,,,,,,,False
2025-11-05 03:00:00+05:30,anand_vihar_new_delhi_dpcc,openaq,120.0,294.0,,,,,,,,,,,False
2025-11-05 04:00:00+05:30,anand_vihar_new_delhi_dpcc,openaq,129.0,277.0,,,,,,,,,,,False
2025-11-05 06:00:00+05:30,anand_vihar_new_delhi_dpcc,openaq,174.0,268.0,,,,,,,,,,,False
2025-11-05 07:00:00+05:30,anand_vihar_new_delhi_dpcc,openaq,185.0,304.0,,,,,,,,,,,False
2025-11-05 08:00:00+05:30,anand_vihar_new_delhi_dpcc,openaq,161.0,327.0,,,,,,,,,,,False
2025-11-05 09:00:00+05:30,anand_vihar_new_delhi_dpcc,openaq,105.0,202.0,,,,,,,,,,,False
2025-11-05 10:00:00+05:30,anand_vihar_new_delhi_dpcc,openaq,80.3,163.0,,,,,,,,,,,False
2025-11-05 11:00:00+05:30,anand_vihar_new_delhi_dpcc,openaq,78.3,211.0,,,,,,,,,,,False
2025-11-05 12:00:00+05:30,anand_vihar_new_delhi_dpcc,openaq,71.0,173.0,,,,,,,,,,,False
2025-11-05 13:00:00+05:30,anand_vihar_new_delhi_dpcc,openaq,73.3,148.0,,,,,,,,,,,False
2025-11-05 14:00:00+05:30,anand_vihar_new_delhi_dpcc,openaq,67.8,137.0,,,,,,,,,,,False
2025-11-05 15:00:00+05:30,anand_vihar_new_delhi_dpcc,openaq,55.8,149.0,,,,,,,,,,,False
2025-11-05 16:00:00+05:30,anand_vihar_new_delhi_dpcc,openaq,48.3,143.0,,,,,,,,,,,False
2025-11-05 17:00:00+05:30,anand_vihar_new_delhi_dpcc,openaq,53.0,153.0,,,,,,,,,,,False
2025-11-05 18:00:00+05:30,anand_vihar_new_delhi_dpcc,openaq,71.3,186.0,,,,,,,,,,,False
2025-11-05 19:00:00+05:30,anand_vihar_new_delhi_dpcc,openaq,95.8,211.0,,,,,,,,,,,False
2025-11-05 20:00:00+05:30,anand_vihar_new_delhi_dpcc,openaq,121.0,243.0,,,,,,,,,,,False
2025-11-05 21:00:00+05:30,anand_vihar_new_delhi_dpcc,openaq,156.0,282.0,,,,,,,,,,,False
2025-11-05 22:00:00+05:30,anand_vihar_new_delhi_dpcc,openaq,199.0,301.0,,,,,,,,,,,False
2025-11-05 23:00:00+05:30,anand_vihar_new_delhi_dpcc,openaq,218.0,311.0,,,,,,,,,,,False
2025-11-06 01:00:00+05:30,anand_vihar_new_delhi_dpcc,openaq,284.0,367.0,,,,,,,,,,,False
2025-11-06 02:00:00+05:30,anand_vihar_new_delhi_dpcc,openaq,216.0,296.0,,,,,,,,,,,False
2025-11-06 03:00:00+05:30,anand_vihar_new_delhi_dpcc,openaq,222.0,296.0,,,,,,,,,,,False
2025-11-06 04:00:00+05:30,anand_vihar_new_delhi_dpcc,openaq,192.0,269.0,,,,,,,,,,,False
2025-11-06 05:00:00+05:30,anand_vihar_new_delhi_dpcc,openaq,195.0,281.0,,,,,,,,,,,False
2025-11-06 06:00:00+05:30,anand_vihar_new_delhi_dpcc,openaq,229.0,320.0,,,,,,,,,,,False
2025-11-06 07:00:00+05:30,anand_vihar_new_delhi_dpcc,openaq,287.0,391.0,,,,,,,,,,,False
2025-11-06 08:00:00+05:30,anand_vihar_new_delhi_dpcc,openaq,313.0,460.0,,,,,,,,,,,False
2025-11-06 09:00:00+05:30,anand_vihar_new_delhi_dpcc,openaq,266.0,417.0,,,,,,,,,,,False
2025-11-06 10:00:00+05:30,anand_vihar_new_delhi_dpcc,openaq,176.0,325.0,,,,,,,,,,,False
2025-11-06 11:00:00+05:30,anand_vihar_new_delhi_dpcc,openaq,111.0,233.0,,,,,,,,,,,False
2025-11-06 12:00:00+05:30,anand_vihar_new_delhi_dpcc,openaq,87.3,203.0,,,,,,,,,,,False
2025-11-06 13:00:00+05:30,anand_vihar_new_delhi_dpcc,openaq,76.3,181.0,,,,,,,,,,,False
2025-11-06 14:00:00+05:30,anand_vihar_new_delhi_dpcc,openaq,74.3,176.0,,,,,,,,,,,False
2025-11-06 15:00:00+05:30,anand_vihar_new_delhi_dpcc,openaq,66.8,181.0,,,,,,,,,,,False
2025-11-06 18:00:00+05:30,anand_vihar_new_delhi_dpcc,openaq,87.0,279.0,,,,,,,,,,,False
2025-11-06 19:00:00+05:30,anand_vihar_new_delhi_dpcc,openaq,90.3,275.0,,,,,,,,,,,False
2025-11-06 20:00:00+05:30,anand_vihar_new_delhi_dpcc,openaq,99.0,255.0,,,,,,,,,,,False
2025-11-06 21:00:00+05:30,anand_vihar_new_delhi_dpcc,openaq,118.0,285.0,,,,,,,,,,,False
2025-11-06 22:00:00+05:30,anand_vihar_new_delhi_dpcc,openaq,129.0,294.0,,,,,,,,,,,False
2025-11-07 01:00:00+05:30,anand_vihar_new_delhi_dpcc,openaq,388.0,512.0,,,,,,,,,,,False
2025-11-07 02:00:00+05:30,anand_vihar_new_delhi_dpcc,openaq,396.0,508.0,,,,,,,,,,,False
2025-11-07 03:00:00+05:30,anand_vihar_new_delhi_dpcc,openaq,433.0,543.0,,,,,,,,,,,False
2025-11-07 04:00:00+05:30,anand_vihar_new_delhi_dpcc,openaq,450.0,559.0,,,,,,,,,,,False
2025-11-07 05:00:00+05:30,anand_vihar_new_delhi_dpcc,openaq,445.0,564.0,,,,,,,,,,,False
2025-11-07 06:00:00+05:30,anand_vihar_new_delhi_dpcc,openaq,437.0,555.0,,,,,,,,,,,False
2025-11-07 07:00:00+05:30,anand_vihar_new_delhi_dpcc,openaq,359.0,500.0,,,,,,,,,,,False
2025-11-07 08:00:00+05:30,anand_vihar_new_delhi_dpcc,openaq,290.0,528.0,,,,,,,,,,,False
2025-11-07 09:00:00+05:30,anand_vihar_new_delhi_dpcc,openaq,274.0,505.0,,,,,,,,,,,False
2025-11-07 10:00:00+05:30,anand_vihar_new_delhi_dpcc,openaq,195.0,359.0,,,,,,,,,,,False
2025-11-07 11:00:00+05:30,anand_vihar_new_delhi_dpcc,openaq,144.0,312.0,,,,,,,,,,,False
2025-11-07 12:00:00+05:30,anand_vihar_new_delhi_dpcc,openaq,149.0,297.0,,,,,,,,,,,False
2025-11-07 13:00:00+05:30,anand_vihar_new_delhi_dpcc,openaq,143.0,288.0,,,,,,,,,,,False
2025-11-07 14:00:00+05:30,anand_vihar_new_delhi_dpcc,openaq,113.0,247.0,,,,,,,,,,,False
2025-11-07 15:00:00+05:30,anand_vihar_new_delhi_dpcc,openaq,93.8,243.0,,,,,,,,,,,False
2025-11-07 16:00:00+05:30,anand_vihar_new_delhi_dpcc,openaq,86.0,258.0,,,,,,,,,,,False
2025-11-07 17:00:00+05:30,anand_vihar_new_delhi_dpcc,openaq,83.0,259.0,,,,,,,,,,,False
2025-11-07 18:00:00+05:30,anand_vihar_new_delhi_dpcc,openaq,93.8,280.0,,,,,,,,,,,False
2025-11-07 19:00:00+05:30,anand_vihar_new_delhi_dpcc,openaq,103.0,265.0,,,,,,,,,,,False
2025-11-07 20:00:00+05:30,anand_vihar_new_delhi_dpcc,openaq,132.0,324.0,,,,,,,,,,,False
2025-11-07 21:00:00+05:30,anand_vihar_new_delhi_dpcc,openaq,164.0,383.0,,,,,,,,,,,False
2025-11-07 22:00:00+05:30,anand_vihar_new_delhi_dpcc,openaq,200.0,405.0,,,,,,,,,,,False
2025-11-07 23:00:00+05:30,anand_vihar_new_delhi_dpcc,openaq,221.0,458.0,,,,,,,,,,,False
2025-11-08 01:00:00+05:30,anand_vihar_new_delhi_dpcc,openaq,245.0,423.0,,,,,,,,,,,False
2025-11-08 02:00:00+05:30,anand_vihar_new_delhi_dpcc,openaq,339.0,487.0,,,,,,,,,,,False
2025-11-08 03:00:00+05:30,anand_vihar_new_delhi_dpcc,openaq,391.0,519.0,,,,,,,,,,,False
2025-11-08 04:00:00+05:30,anand_vihar_new_delhi_dpcc,openaq,414.0,540.0,,,,,,,,,,,False
2025-11-08 05:00:00+05:30,anand_vihar_new_delhi_dpcc,openaq,430.0,572.0,,,,,,,,,,,False
2025-11-08 06:00:00+05:30,anand_vihar_new_delhi_dpcc,openaq,447.0,604.0,,,,,,,,,,,False
2025-11-08 07:00:00+05:30,anand_vihar_new_delhi_dpcc,openaq,463.0,658.0,,,,,,,,,,,False
2025-11-08 08:00:00+05:30,anand_vihar_new_delhi_dpcc,openaq,502.0,780.0,,,,,,,,,,,False
2025-11-08 09:00:00+05:30,anand_vihar_new_delhi_dpcc,openaq,546.0,789.0,,,,,,,,,,,False
2025-11-08 10:00:00+05:30,anand_vihar_new_delhi_dpcc,openaq,543.0,921.0,,,,,,,,,,,False
2025-11-08 11:00:00+05:30,anand_vihar_new_delhi_dpcc,openaq,390.0,1020.0,,,,,,,,,,,False
2025-11-08 12:00:00+05:30,anand_vihar_new_delhi_dpcc,openaq,186.0,335.0,,,,,,,,,,,False
2025-11-08 13:00:00+05:30,anand_vihar_new_delhi_dpcc,openaq,155.0,292.0,,,,,,,,,,,False
2025-11-08 14:00:00+05:30,anand_vihar_new_delhi_dpcc,openaq,175.0,310.0,,,,,,,,,,,False
2025-11-08 15:00:00+05:30,anand_vihar_new_delhi_dpcc,openaq,182.0,306.0,,,,,,,,,,,False
2025-11-08 16:00:00+05:30,anand_vihar_new_delhi_dpcc,openaq,179.0,316.0,,,,,,,,,,,False
2025-11-08 17:00:00+05:30,anand_vihar_new_delhi_dpcc,openaq,184.0,332.0,,,,,,,,,,,False
2025-11-08 18:00:00+05:30,anand_vihar_new_delhi_dpcc,openaq,176.0,337.0,,,,,,,,,,,False
2025-11-08 19:00:00+05:30,anand_vihar_new_delhi_dpcc,openaq,203.0,389.0,,,,,,,,,,,False
2025-11-08 20:00:00+05:30,anand_vihar_new_delhi_dpcc,openaq,222.0,448.0,,,,,,,,,,,False
2025-11-08 21:00:00+05:30,anand_vihar_new_delhi_dpcc,openaq,233.0,485.0,,,,,,,,,,,False
2025-11-08 22:00:00+05:30,anand_vihar_new_delhi_dpcc,openaq,230.0,445.0,,,,,,,,,,,False
2025-11-08 23:00:00+05:30,anand_vihar_new_delhi_dpcc,openaq,217.0,401.0,,,,,,,,,,,False
2025-11-09 01:00:00+05:30,anand_vihar_new_delhi_dpcc,openaq,248.0,375.0,,,,,,,,,,,False
2025-11-09 02:00:00+05:30,anand_vihar_new_delhi_dpcc,openaq,292.0,414.0,,,,,,,,,,,False
2025-11-09 03:00:00+05:30,anand_vihar_new_delhi_dpcc,openaq,337.0,465.0,,,,,,,,,,,False
2025-11-09 04:00:00+05:30,anand_vihar_new_delhi_dpcc,openaq,374.0,500.0,,,,,,,,,,,False
2025-11-09 05:00:00+05:30,anand_vihar_new_delhi_dpcc,openaq,395.0,541.0,,,,,,,,,,,False
2025-11-09 06:00:00+05:30,anand_vihar_new_delhi_dpcc,openaq,420.0,567.0,,,,,,,,,,,False
2025-11-09 07:00:00+05:30,anand_vihar_new_delhi_dpcc,openaq,420.0,574.0,,,,,,,,,,,False
2025-11-09 08:00:00+05:30,anand_vihar_new_delhi_dpcc,openaq,403.0,571.0,,,,,,,,,,,False
2025-11-09 09:00:00+05:30,anand_vihar_new_delhi_dpcc,openaq,348.0,486.0,,,,,,,,,,,False
2025-11-09 10:00:00+05:30,anand_vihar_new_delhi_dpcc,openaq,308.0,455.0,,,,,,,,,,,False
2025-11-09 11:00:00+05:30,anand_vihar_new_delhi_dpcc,openaq,248.0,395.0,,,,,,,,,,,False
2025-11-09 12:00:00+05:30,anand_vihar_new_delhi_dpcc,openaq,189.0,313.0,,,,,,,,,,,False
2025-11-09 13:00:00+05:30,anand_vihar_new_delhi_dpcc,openaq,166.0,282.0,,,,,,,,,,,False
2025-11-09 14:00:00+05:30,anand_vihar_new_delhi_dpcc,openaq,132.0,232.0,,,,,,,,,,,False
2025-11-09 15:00:00+05:30,anand_vihar_new_delhi_dpcc,openaq,77.0,162.0,,,,,,,,,,,False
2025-11-09 16:00:00+05:30,anand_vihar_new_delhi_dpcc,openaq,73.0,171.0,,,,,,,,,,,False
2025-11-09 17:00:00+05:30,anand_vihar_new_delhi_dpcc,openaq,85.3,218.0,,,,,,,,,,,False
2025-11-09 18:00:00+05:30,anand_vihar_new_delhi_dpcc,openaq,117.0,338.0,,,,,,,,,,,False
2025-11-09 19:00:00+05:30,anand_vihar_new_delhi_dpcc,openaq,165.0,414.0,,,,,,,,,,,False
2025-11-09 20:00:00+05:30,anand_vihar_new_delhi_dpcc,openaq,205.0,463.0,,,,,,,,,,,False
2025-11-09 21:00:00+05:30,anand_vihar_new_delhi_dpcc,openaq,234.0,507.0,,,,,,,,,,,False
2025-11-09 22:00:00+05:30,anand_vihar_new_delhi_dpcc,openaq,268.0,505.0,,,,,,,,,,,False
2025-11-10 01:00:00+05:30,anand_vihar_new_delhi_dpcc,openaq,255.0,390.0,,,,,,,,,,,False
2025-11-10 02:00:00+05:30,anand_vihar_new_delhi_dpcc,openaq,274.0,397.0,,,,,,,,,,,False
2025-11-10 03:00:00+05:30,anand_vihar_new_delhi_dpcc,openaq,356.0,481.0,,,,,,,,,,,False
2025-11-10 04:00:00+05:30,anand_vihar_new_delhi_dpcc,openaq,414.0,547.0,,,,,,,,,,,False
2025-11-10 05:00:00+05:30,anand_vihar_new_delhi_dpcc,openaq,429.0,581.0,,,,,,,,,,,False
2025-11-10 06:00:00+05:30,anand_vihar_new_delhi_dpcc,openaq,436.0,598.0,,,,,,,,,,,False
2025-11-10 07:00:00+05:30,anand_vihar_new_delhi_dpcc,openaq,430.0,610.0,,,,,,,,,,,False
2025-11-10 08:00:00+05:30,anand_vihar_new_delhi_dpcc,openaq,384.0,580.0,,,,,,,,,,,False
2025-11-10 09:00:00+05:30,anand_vihar_new_delhi_dpcc,openaq,319.0,693.0,,,,,,,,,,,False
2025-11-10 10:00:00+05:30,anand_vihar_new_delhi_dpcc,openaq,336.0,943.0,,,,,,,,,,,False
2025-11-10 20:00:00+05:30,anand_vihar_new_delhi_dpcc,openaq,329.0,602.0,,,,,,,,,,,False
2025-11-10 21:00:00+05:30,anand_vihar_new_delhi_dpcc,openaq,368.0,686.0,,,,,,,,,,,False
2025-11-10 22:00:00+05:30,anand_vihar_new_delhi_dpcc,openaq,414.0,765.0,,,,,,,,,,,False
2025-11-10 23:00:00+05:30,anand_vihar_new_delhi_dpcc,openaq,426.0,746.0,,,,,,,,,,,False
2025-11-11 01:00:00+05:30,anand_vihar_new_delhi_dpcc,openaq,477.0,676.0,,,,,,,,,,,False
2025-11-11 02:00:00+05:30,anand_vihar_new_delhi_dpcc,openaq,482.0,668.0,,,,,,,,,,,False
2025-11-11 03:00:00+05:30,anand_vihar_new_delhi_dpcc,openaq,489.0,674.0,,,,,,,,,,,False
2025-11-11 04:00:00+05:30,anand_vihar_new_delhi_dpcc,openaq,480.0,670.0,,,,,,,,,,,False
2025-11-11 05:00:00+05:30,anand_vihar_new_delhi_dpcc,openaq,516.0,692.0,,,,,,,,,,,False
2025-11-11 06:00:00+05:30,anand_vihar_new_delhi_dpcc,openaq,534.0,710.0,,,,,,,,,,,False
2025-11-11 07:00:00+05:30,anand_vihar_new_delhi_dpcc,openaq,534.0,740.0,,,,,,,,,,,False
2025-11-11 08:00:00+05:30,anand_vihar_new_delhi_dpcc,openaq,507.0,761.0,,,,,,,,,,,False
2025-11-11 11:00:00+05:30,anand_vihar_new_delhi_dpcc,openaq,339.0,523.0,,,,,,,,,,,False
2025-11-11 12:00:00+05:30,anand_vihar_new_delhi_dpcc,openaq,257.0,428.0,,,,,,,,,,,False
2025-11-11 13:00:00+05:30,anand_vihar_new_delhi_dpcc,openaq,219.0,379.0,,,,,,,,,,,False
2025-11-11 14:00:00+05:30,anand_vihar_new_delhi_dpcc,openaq,210.0,343.0,,,,,,,,,,,False
2025-11-11 16:00:00+05:30,anand_vihar_new_delhi_dpcc,openaq,136.0,269.0,,,,,,,,,,,False
2025-11-11 17:00:00+05:30,anand_vihar_new_delhi_dpcc,openaq,142.0,335.0,,,,,,,,,,,False
2025-11-11 18:00:00+05:30,anand_vihar_new_delhi_dpcc,openaq,171.0,438.0,,,,,,,,,,,False
2025-11-11 19:00:00+05:30,anand_vihar_new_delhi_dpcc,openaq,223.0,501.0,,,,,,,,,,,False
2025-11-11 20:00:00+05:30,anand_vihar_new_delhi_dpcc,openaq,251.0,574.0,,,,,,,,,,,False
2025-11-11 21:00:00+05:30,anand_vihar_new_delhi_dpcc,openaq,270.0,563.0,,,,,,,,,,,False
2025-11-11 22:00:00+05:30,anand_vihar_new_delhi_dpcc,openaq,321.0,582.0,,,,,,,,,,,False
2025-11-11 23:00:00+05:30,anand_vihar_new_delhi_dpcc,openaq,385.0,600.0,,,,,,,,,,,False
2025-11-12 01:00:00+05:30,anand_vihar_new_delhi_dpcc,openaq,510.0,698.0,,,,,,,,,,,False
2025-11-12 02:00:00+05:30,anand_vihar_new_delhi_dpcc,openaq,496.0,669.0,,,,,,,,,,,False
2025-11-12 03:00:00+05:30,anand_vihar_new_delhi_dpcc,openaq,433.0,587.0,,,,,,,,,,,False
2025-11-12 04:00:00+05:30,anand_vihar_new_delhi_dpcc,openaq,438.0,603.0,,,,,,,,,,,False
2025-11-12 05:00:00+05:30,anand_vihar_new_delhi_dpcc,openaq,481.0,654.0,,,,,,,,,,,False
2025-11-12 06:00:00+05:30,anand_vihar_new_delhi_dpcc,openaq,478.0,649.0,,,,,,,,,,,False
2025-11-12 07:00:00+05:30,anand_vihar_new_delhi_dpcc,openaq,472.0,667.0,,,,,,,,,,,False
2025-11-12 08:00:00+05:30,anand_vihar_new_delhi_dpcc,openaq,463.0,721.0,,,,,,,,,,,False
2025-11-12 09:00:00+05:30,anand_vihar_new_delhi_dpcc,openaq,464.0,704.0,,,,,,,,,,,False
2025-11-12 10:00:00+05:30,anand_vihar_new_delhi_dpcc,openaq,455.0,676.0,,,,,,,,,,,False
2025-11-12 11:00:00+05:30,anand_vihar_new_delhi_dpcc,openaq,363.0,564.0,,,,,,,,,,,False
2025-11-12 12:00:00+05:30,anand_vihar_new_delhi_dpcc,openaq,296.0,469.0,,,,,,,,,,,False
2025-11-12 13:00:00+05:30,anand_vihar_new_delhi_dpcc,openaq,247.0,400.0,,,,,,,,,,,False
2025-11-12 14:00:00+05:30,anand_vihar_new_delhi_dpcc,openaq,192.0,328.0,,,,,,,,,,,False
2025-11-12 15:00:00+05:30,anand_vihar_new_delhi_dpcc,openaq,180.0,306.0,,,,,,,,,,,False
2025-11-12 16:00:00+05:30,anand_vihar_new_delhi_dpcc,openaq,166.0,299.0,,,,,,,,,,,False
2025-11-12 17:00:00+05:30,anand_vihar_new_delhi_dpcc,openaq,157.0,302.0,,,,,,,,,,,False
2025-11-12 18:00:00+05:30,anand_vihar_new_delhi_dpcc,openaq,180.0,381.0,,,,,,,,,,,False
2025-11-12 19:00:00+05:30,anand_vihar_new_delhi_dpcc,openaq,204.0,406.0,,,,,,,,,,,False
2025-11-12 21:00:00+05:30,anand_vihar_new_delhi_dpcc,openaq,253.0,498.0,,,,,,,,,,,False
2025-11-12 22:00:00+05:30,anand_vihar_new_delhi_dpcc,openaq,291.0,570.0,,,,,,,,,,,False
2025-11-12 23:00:00+05:30,anand_vihar_new_delhi_dpcc,openaq,333.0,646.0,,,,,,,,,,,False
2025-11-13 01:00:00+05:30,anand_vihar_new_delhi_dpcc,openaq,328.0,526.0,,,,,,,,,,,False
2025-11-13 02:00:00+05:30,anand_vihar_new_delhi_dpcc,openaq,360.0,540.0,,,,,,,,,,,False
2025-11-13 03:00:00+05:30,anand_vihar_new_delhi_dpcc,openaq,386.0,579.0,,,,,,,,,,,False
2025-11-13 04:00:00+05:30,anand_vihar_new_delhi_dpcc,openaq,392.0,571.0,,,,,,,,,,,False
2025-11-13 05:00:00+05:30,anand_vihar_new_delhi_dpcc,openaq,415.0,566.0,,,,,,,,,,,False
2025-11-13 06:00:00+05:30,anand_vihar_new_delhi_dpcc,openaq,443.0,612.0,,,,,,,,,,,False
2025-11-13 07:00:00+05:30,anand_vihar_new_delhi_dpcc,openaq,451.0,651.0,,,,,,,,,,,False
2025-11-13 08:00:00+05:30,anand_vihar_new_delhi_dpcc,openaq,451.0,753.0,,,,,,,,,,,False
2025-11-13 09:00:00+05:30,anand_vihar_new_delhi_dpcc,openaq,410.0,755.0,,,,,,,,,,,False
2025-11-13 10:00:00+05:30,anand_vihar_new_delhi_dpcc,openaq,379.0,648.0,,,,,,,,,,,False
2025-11-13 11:00:00+05:30,anand_vihar_new_delhi_dpcc,openaq,291.0,437.0,,,,,,,,,,,False
2025-11-13 12:00:00+05:30,anand_vihar_new_delhi_dpcc,openaq,254.0,398.0,,,,,,,,,,,False
2025-11-13 13:00:00+05:30,anand_vihar_new_delhi_dpcc,openaq,236.0,340.0,,,,,,,,,,,False
2025-11-13 16:00:00+05:30,anand_vihar_new_delhi_dpcc,openaq,206.0,428.0,,,,,,,,,,,False
2025-11-13 17:00:00+05:30,anand_vihar_new_delhi_dpcc,openaq,202.0,414.0,,,,,,,,,,,False
2025-11-13 18:00:00+05:30,anand_vihar_new_delhi_dpcc,openaq,233.0,491.0,,,,,,,,,,,False
2025-11-14 11:00:00+05:30,anand_vihar_new_delhi_dpcc,openaq,250.0,454.0,,,,,,,,,,,False
2025-11-14 12:00:00+05:30,anand_vihar_new_delhi_dpcc,openaq,215.0,437.0,,,,,,,,,,,False
2025-11-14 13:00:00+05:30,anand_vihar_new_delhi_dpcc,openaq,206.0,381.0,,,,,,,,,,,False
2025-11-14 18:00:00+05:30,anand_vihar_new_delhi_dpcc,openaq,166.0,384.0,,,,,,,,,,,False
2025-11-14 19:00:00+05:30,anand_vihar_new_delhi_dpcc,openaq,211.0,458.0,,,,,,,,,,,False
2025-11-14 20:00:00+05:30,anand_vihar_new_delhi_dpcc,openaq,240.0,523.0,,,,,,,,,,,False
2025-11-14 21:00:00+05:30,anand_vihar_new_delhi_dpcc,openaq,274.0,588.0,,,,,,,,,,,False
2025-11-14 22:00:00+05:30,anand_vihar_new_delhi_dpcc,openaq,321.0,631.0,,,,,,,,,,,False
2025-11-14 23:00:00+05:30,anand_vihar_new_delhi_dpcc,openaq,347.0,659.0,,,,,,,,,,,False
2025-11-15 01:00:00+05:30,anand_vihar_new_delhi_dpcc,openaq,341.0,494.0,,,,,,,,,,,False
2025-11-15 02:00:00+05:30,anand_vihar_new_delhi_dpcc,openaq,376.0,537.0,,,,,,,,,,,False
2025-11-15 03:00:00+05:30,anand_vihar_new_delhi_dpcc,openaq,375.0,537.0,,,,,,,,,,,False
2025-11-15 04:00:00+05:30,anand_vihar_new_delhi_dpcc,openaq,386.0,547.0,,,,,,,,,,,False
2025-11-15 05:00:00+05:30,anand_vihar_new_delhi_dpcc,openaq,387.0,563.0,,,,,,,,,,,False
2025-11-15 06:00:00+05:30,anand_vihar_new_delhi_dpcc,openaq,362.0,523.0,,,,,,,,,,,False
2025-11-15 07:00:00+05:30,anand_vihar_new_delhi_dpcc,openaq,362.0,525.0,,,,,,,,,,,False
2025-11-15 08:00:00+05:30,anand_vihar_new_delhi_dpcc,openaq,325.0,494.0,,,,,,,,,,,False
2025-11-15 09:00:00+05:30,anand_vihar_new_delhi_dpcc,openaq,297.0,500.0,,,,,,,,,,,False
2025-11-15 10:00:00+05:30,anand_vihar_new_delhi_dpcc,openaq,282.0,564.0,,,,,,,,,,,False
2025-11-15 11:00:00+05:30,anand_vihar_new_delhi_dpcc,openaq,269.0,497.0,,,,,,,,,,,False
2025-11-15 12:00:00+05:30,anand_vihar_new_delhi_dpcc,openaq,211.0,423.0,,,,,,,,,,,False
2025-11-15 13:00:00+05:30,anand_vihar_new_delhi_dpcc,openaq,175.0,330.0,,,,,,,,,,,False
2025-11-15 14:00:00+05:30,anand_vihar_new_delhi_dpcc,openaq,169.0,315.0,,,,,,,,,,,False
2025-11-15 15:00:00+05:30,anand_vihar_new_delhi_dpcc,openaq,159.0,311.0,,,,,,,,,,,False
2025-11-15 17:00:00+05:30,anand_vihar_new_delhi_dpcc,openaq,118.0,287.0,,,,,,,,,,,False
2025-11-15 18:00:00+05:30,anand_vihar_new_delhi_dpcc,openaq,145.0,354.0,,,,,,,,,,,False
2025-11-15 19:00:00+05:30,anand_vihar_new_delhi_dpcc,openaq,187.0,453.0,,,,,,,,,,,False
2025-11-15 20:00:00+05:30,anand_vihar_new_delhi_dpcc,openaq,211.0,517.0,,,,,,,,,,,False
2025-11-15 21:00:00+05:30,anand_vihar_new_delhi_dpcc,openaq,244.0,546.0,,,,,,,,,,,False
2025-11-15 22:00:00+05:30,anand_vihar_new_delhi_dpcc,openaq,279.0,572.0,,,,,,,,,,,False
2025-11-15 23:00:00+05:30,anand_vihar_new_delhi_dpcc,openaq,301.0,531.0,,,,,,,,,,,False
2025-11-16 01:00:00+05:30,anand_vihar_new_delhi_dpcc,openaq,444.0,667.0,,,,,,,,,,,False
2025-11-16 02:00:00+05:30,anand_vihar_new_delhi_dpcc,openaq,469.0,654.0,,,,,,,,,,,False
2025-11-16 03:00:00+05:30,anand_vihar_new_delhi_dpcc,openaq,491.0,660.0,,,,,,,,,,,False
2025-11-16 04:00:00+05:30,anand_vihar_new_delhi_dpcc,openaq,476.0,653.0,,,,,,,,,,,False
2025-11-16 05:00:00+05:30,anand_vihar_new_delhi_dpcc,openaq,427.0,590.0,,,,,,,,,,,False
2025-11-16 06:00:00+05:30,anand_vihar_new_delhi_dpcc,openaq,388.0,545.0,,,,,,,,,,,False
2025-11-16 07:00:00+05:30,anand_vihar_new_delhi_dpcc,openaq,357.0,525.0,,,,,,,,,,,False
2025-11-16 08:00:00+05:30,anand_vihar_new_delhi_dpcc,openaq,348.0,564.0,,,,,,,,,,,False
2025-11-16 09:00:00+05:30,anand_vihar_new_delhi_dpcc,openaq,320.0,493.0,,,,,,,,,,,False
2025-11-16 10:00:00+05:30,anand_vihar_new_delhi_dpcc,openaq,300.0,497.0,,,,,,,,,,,False
2025-11-16 11:00:00+05:30,anand_vihar_new_delhi_dpcc,openaq,252.0,452.0,,,,,,,,,,,False
2025-11-16 12:00:00+05:30,anand_vihar_new_delhi_dpcc,openaq,207.0,349.0,,,,,,,,,,,False
2025-11-16 13:00:00+05:30,anand_vihar_new_delhi_dpcc,openaq,147.0,270.0,,,,,,,,,,,False
2025-11-16 14:00:00+05:30,anand_vihar_new_delhi_dpcc,openaq,94.3,204.0,,,,,,,,,,,False
2025-11-16 15:00:00+05:30,anand_vihar_new_delhi_dpcc,openaq,87.0,195.0,,,,,,,,,,,False
2025-11-16 17:00:00+05:30,anand_vihar_new_delhi_dpcc,openaq,97.8,247.0,,,,,,,,,,,False
2025-11-16 18:00:00+05:30,anand_vihar_new_delhi_dpcc,openaq,109.0,291.0,,,,,,,,,,,False
2025-11-16 19:00:00+05:30,anand_vihar_new_delhi_dpcc,openaq,157.0,420.0,,,,,,,,,,,False
2025-11-16 20:00:00+05:30,anand_vihar_new_delhi_dpcc,openaq,199.0,475.0,,,,,,,,,,,False
2025-11-16 21:00:00+05:30,anand_vihar_new_delhi_dpcc,openaq,201.0,417.0,,,,,,,,,,,False
2025-11-16 22:00:00+05:30,anand_vihar_new_delhi_dpcc,openaq,241.0,466.0,,,,,,,,,,,False
2025-11-16 23:00:00+05:30,anand_vihar_new_delhi_dpcc,openaq,288.0,500.0,,,,,,,,,,,False
2025-11-17 01:00:00+05:30,anand_vihar_new_delhi_dpcc,openaq,366.0,604.0,,,,,,,,,,,False
2025-11-17 02:00:00+05:30,anand_vihar_new_delhi_dpcc,openaq,389.0,549.0,,,,,,,,,,,False
2025-11-17 03:00:00+05:30,anand_vihar_new_delhi_dpcc,openaq,392.0,531.0,,,,,,,,,,,False
2025-11-17 04:00:00+05:30,anand_vihar_new_delhi_dpcc,openaq,398.0,531.0,,,,,,,,,,,False
2025-11-17 05:00:00+05:30,anand_vihar_new_delhi_dpcc,openaq,391.0,539.0,,,,,,,,,,,False
2025-11-17 06:00:00+05:30,anand_vihar_new_delhi_dpcc,openaq,363.0,512.0,,,,,,,,,,,False
2025-11-17 07:00:00+05:30,anand_vihar_new_delhi_dpcc,openaq,311.0,455.0,,,,,,,,,,,False
2025-11-17 08:00:00+05:30,anand_vihar_new_delhi_dpcc,openaq,248.0,417.0,,,,,,,,,,,False
2025-11-17 09:00:00+05:30,anand_vihar_new_delhi_dpcc,openaq,214.0,386.0,,,,,,,,,,,False
2025-11-17 10:00:00+05:30,anand_vihar_new_delhi_dpcc,openaq,222.0,434.0,,,,,,,,,,,False
2025-11-17 11:00:00+05:30,anand_vihar_new_delhi_dpcc,openaq,202.0,397.0,,,,,,,,,,,False
2025-11-17 12:00:00+05:30,anand_vihar_new_delhi_dpcc,openaq,169.0,343.0,,,,,,,,,,,False
2025-11-17 13:00:00+05:30,anand_vihar_new_delhi_dpcc,openaq,147.0,300.0,,,,,,,,,,,False
2025-11-17 14:00:00+05:30,anand_vihar_new_delhi_dpcc,openaq,123.0,269.0,,,,,,,,,,,False
2025-11-17 16:00:00+05:30,anand_vihar_new_delhi_dpcc,openaq,112.0,239.0,,,,,,,,,,,False
2025-11-17 17:00:00+05:30,anand_vihar_new_delhi_dpcc,openaq,107.0,234.0,,,,,,,,,,,False
2025-11-17 18:00:00+05:30,anand_vihar_new_delhi_dpcc,openaq,127.0,321.0,,,,,,,,,,,False
2025-11-17 19:00:00+05:30,anand_vihar_new_delhi_dpcc,openaq,189.0,479.0,,,,,,,,,,,False
2025-11-17 20:00:00+05:30,anand_vihar_new_delhi_dpcc,openaq,239.0,557.0,,,,,,,,,,,False
2025-11-17 21:00:00+05:30,anand_vihar_new_delhi_dpcc,openaq,271.0,611.0,,,,,,,,,,,False
2025-11-17 22:00:00+05:30,anand_vihar_new_delhi_dpcc,openaq,324.0,717.0,,,,,,,,,,,False
2025-11-17 23:00:00+05:30,anand_vihar_new_delhi_dpcc,openaq,352.0,754.0,,,,,,,,,,,False
2025-11-18 01:00:00+05:30,anand_vihar_new_delhi_dpcc,openaq,286.0,562.0,,,,,,,,,,,False
2025-11-18 02:00:00+05:30,anand_vihar_new_delhi_dpcc,openaq,299.0,550.0,,,,,,,,,,,False
2025-11-18 03:00:00+05:30,anand_vihar_new_delhi_dpcc,openaq,300.0,508.0,,,,,,,,,,,False
2025-11-18 04:00:00+05:30,anand_vihar_new_delhi_dpcc,openaq,315.0,516.0,,,,,,,,,,,False
2025-11-18 05:00:00+05:30,anand_vihar_new_delhi_dpcc,openaq,340.0,551.0,,,,,,,,,,,False
2025-11-18 06:00:00+05:30,anand_vihar_new_delhi_dpcc,openaq,341.0,541.0,,,,,,,,,,,False
2025-11-18 07:00:00+05:30,anand_vihar_new_delhi_dpcc,openaq,329.0,527.0,,,,,,,,,,,False
2025-11-18 08:00:00+05:30,anand_vihar_new_delhi_dpcc,openaq,317.0,513.0,,,,,,,,,,,False
2025-11-18 09:00:00+05:30,anand_vihar_new_delhi_dpcc,openaq,380.0,591.0,,,,,,,,,,,False
2025-11-18 18:00:00+05:30,anand_vihar_new_delhi_dpcc,openaq,193.0,413.0,,,,,,,,,,,False
2025-11-18 19:00:00+05:30,anand_vihar_new_delhi_dpcc,openaq,239.0,488.0,,,,,,,,,,,False
2025-11-18 20:00:00+05:30,anand_vihar_new_delhi_dpcc,openaq,246.0,497.0,,,,,,,,,,,False
2025-11-18 21:00:00+05:30,anand_vihar_new_delhi_dpcc,openaq,237.0,465.0,,,,,,,,,,,False
2025-11-18 22:00:00+05:30,anand_vihar_new_delhi_dpcc,openaq,248.0,492.0,,,,,,,,,,,False
2025-11-18 23:00:00+05:30,anand_vihar_new_delhi_dpcc,openaq,257.0,514.0,,,,,,,,,,,False
2025-11-19 01:00:00+05:30,anand_vihar_new_delhi_dpcc,openaq,342.0,584.0,,,,,,,,,,,False
2025-11-19 02:00:00+05:30,anand_vihar_new_delhi_dpcc,openaq,333.0,540.0,,,,,,,,,,,False
2025-11-19 03:00:00+05:30,anand_vihar_new_delhi_dpcc,openaq,330.0,527.0,,,,,,,,,,,False
2025-11-19 04:00:00+05:30,anand_vihar_new_delhi_dpcc,openaq,371.0,562.0,,,,,,,,,,,False
2025-11-19 05:00:00+05:30,anand_vihar_new_delhi_dpcc,openaq,397.0,570.0,,,,,,,,,,,False
2025-11-19 06:00:00+05:30,anand_vihar_new_delhi_dpcc,openaq,419.0,584.0,,,,,,,,,,,False
2025-11-19 07:00:00+05:30,anand_vihar_new_delhi_dpcc,openaq,421.0,589.0,,,,,,,,,,,False
2025-11-19 08:00:00+05:30,anand_vihar_new_delhi_dpcc,openaq,411.0,600.0,,,,,,,,,,,False
2025-11-19 09:00:00+05:30,anand_vihar_new_delhi_dpcc,openaq,467.0,702.0,,,,,,,,,,,False
2025-11-19 10:00:00+05:30,anand_vihar_new_delhi_dpcc,openaq,538.0,797.0,,,,,,,,,,,False
2025-11-19 11:00:00+05:30,anand_vihar_new_delhi_dpcc,openaq,432.0,438.0,,,,,,,,,,,False
2025-11-19 12:00:00+05:30,anand_vihar_new_delhi_dpcc,openaq,244.0,442.0,,,,,,,,,,,False
2025-11-19 13:00:00+05:30,anand_vihar_new_delhi_dpcc,openaq,227.0,417.0,,,,,,,,,,,False
2025-11-19 14:00:00+05:30,anand_vihar_new_delhi_dpcc,openaq,158.0,298.0,,,,,,,,,,,False
2025-11-19 15:00:00+05:30,anand_vihar_new_delhi_dpcc,openaq,151.0,290.0,,,,,,,,,,,False
2025-11-19 16:00:00+05:30,anand_vihar_new_delhi_dpcc,openaq,154.0,317.0,,,,,,,,,,,False
2025-11-19 19:00:00+05:30,anand_vihar_new_delhi_dpcc,openaq,237.0,569.0,,,,,,,,,,,False
2025-11-19 20:00:00+05:30,anand_vihar_new_delhi_dpcc,openaq,291.0,718.0,,,,,,,,,,,False
2025-11-19 21:00:00+05:30,anand_vihar_new_delhi_dpcc,openaq,344.0,776.0,,,,,,,,,,,False
2025-11-19 22:00:00+05:30,anand_vihar_new_delhi_dpcc,openaq,344.0,768.0,,,,,,,,,,,False
2025-11-19 23:00:00+05:30,anand_vihar_new_delhi_dpcc,openaq,338.0,628.0,,,,,,,,,,,False
2025-11-20 10:00:00+05:30,anand_vihar_new_delhi_dpcc,openaq,307.0,775.0,,,,,,,,,,,False
2025-11-20 11:00:00+05:30,anand_vihar_new_delhi_dpcc,openaq,285.0,456.0,,,,,,,,,,,False
2025-11-20 12:00:00+05:30,anand_vihar_new_delhi_dpcc,openaq,262.0,415.0,,,,,,,,,,,False
2025-11-20 13:00:00+05:30,anand_vihar_new_delhi_dpcc,openaq,,322.0,,,,,,,,,,,False
2025-11-20 14:00:00+05:30,anand_vihar_new_delhi_dpcc,openaq,165.0,301.0,,,,,,,,,,,False
2025-11-20 15:00:00+05:30,anand_vihar_new_delhi_dpcc,openaq,135.0,258.0,,,,,,,,,,,False
2025-11-20 16:00:00+05:30,anand_vihar_new_delhi_dpcc,openaq,123.0,249.0,,,,,,,,,,,False
2025-11-20 17:00:00+05:30,anand_vihar_new_delhi_dpcc,openaq,128.0,295.0,,,,,,,,,,,False
2025-11-20 18:00:00+05:30,anand_vihar_new_delhi_dpcc,openaq,168.0,420.0,,,,,,,,,,,False
2025-11-20 19:00:00+05:30,anand_vihar_new_delhi_dpcc,openaq,227.0,537.0,,,,,,,,,,,False
2025-11-20 20:00:00+05:30,anand_vihar_new_delhi_dpcc,openaq,254.0,562.0,,,,,,,,,,,False
2025-11-20 21:00:00+05:30,anand_vihar_new_delhi_dpcc,openaq,288.0,623.0,,,,,,,,,,,False
2025-11-20 22:00:00+05:30,anand_vihar_new_delhi_dpcc,openaq,330.0,652.0,,,,,,,,,,,False
2025-11-20 23:00:00+05:30,anand_vihar_new_delhi_dpcc,openaq,343.0,660.0,,,,,,,,,,,False
2025-11-21 01:00:00+05:30,anand_vihar_new_delhi_dpcc,openaq,365.0,673.0,,,,,,,,,,,False
2025-11-21 02:00:00+05:30,anand_vihar_new_delhi_dpcc,openaq,430.0,736.0,,,,,,,,,,,False
2025-11-21 03:00:00+05:30,anand_vihar_new_delhi_dpcc,openaq,504.0,778.0,,,,,,,,,,,False
2025-11-21 04:00:00+05:30,anand_vihar_new_delhi_dpcc,openaq,453.0,681.0,,,,,,,,,,,False
2025-11-21 05:00:00+05:30,anand_vihar_new_delhi_dpcc,openaq,452.0,682.0,,,,,,,,,,,False
2025-11-21 06:00:00+05:30,anand_vihar_new_delhi_dpcc,openaq,424.0,661.0,,,,,,,,,,,False
2025-11-21 07:00:00+05:30,anand_vihar_new_delhi_dpcc,openaq,346.0,540.0,,,,,,,,,,,False
2025-11-21 08:00:00+05:30,anand_vihar_new_delhi_dpcc,openaq,362.0,585.0,,,,,,,,,,,False
2025-11-21 09:00:00+05:30,anand_vihar_new_delhi_dpcc,openaq,376.0,593.0,,,,,,,,,,,False
2025-11-21 10:00:00+05:30,anand_vihar_new_delhi_dpcc,openaq,248.0,406.0,,,,,,,,,,,False
2025-11-21 11:00:00+05:30,anand_vihar_new_delhi_dpcc,openaq,186.0,308.0,,,,,,,,,,,False
2025-11-21 12:00:00+05:30,anand_vihar_new_delhi_dpcc,openaq,173.0,294.0,,,,,,,,,,,False
2025-11-21 13:00:00+05:30,anand_vihar_new_delhi_dpcc,openaq,222.0,337.0,,,,,,,,,,,False
2025-11-21 14:00:00+05:30,anand_vihar_new_delhi_dpcc,openaq,163.0,268.0,,,,,,,,,,,False
2025-11-21 15:00:00+05:30,anand_vihar_new_delhi_dpcc,openaq,144.0,249.0,,,,,,,,,,,False
2025-11-21 16:00:00+05:30,anand_vihar_new_delhi_dpcc,openaq,130.0,230.0,,,,,,,,,,,False
2025-11-21 17:00:00+05:30,anand_vihar_new_delhi_dpcc,openaq,161.0,296.0,,,,,,,,,,,False
2025-11-21 18:00:00+05:30,anand_vihar_new_delhi_dpcc,openaq,185.0,403.0,,,,,,,,,,,False
2025-11-21 19:00:00+05:30,anand_vihar_new_delhi_dpcc,openaq,245.0,588.0,,,,,,,,,,,False
2025-11-21 20:00:00+05:30,anand_vihar_new_delhi_dpcc,openaq,313.0,688.0,,,,,,,,,,,False
2025-11-21 21:00:00+05:30,anand_vihar_new_delhi_dpcc,openaq,348.0,694.0,,,,,,,,,,,False
2025-11-21 22:00:00+05:30,anand_vihar_new_delhi_dpcc,openaq,348.0,613.0,,,,,,,,,,,False
2025-11-21 23:00:00+05:30,anand_vihar_new_delhi_dpcc,openaq,346.0,646.0,,,,,,,,,,,False
2025-11-22 01:00:00+05:30,anand_vihar_new_delhi_dpcc,openaq,389.0,698.0,,,,,,,,,,,False
2025-11-22 02:00:00+05:30,anand_vihar_new_delhi_dpcc,openaq,407.0,707.0,,,,,,,,,,,False
2025-11-22 03:00:00+05:30,anand_vihar_new_delhi_dpcc,openaq,411.0,680.0,,,,,,,,,,,False
2025-11-22 04:00:00+05:30,anand_vihar_new_delhi_dpcc,openaq,403.0,626.0,,,,,,,,,,,False
2025-11-22 05:00:00+05:30,anand_vihar_new_delhi_dpcc,openaq,367.0,563.0,,,,,,,,,,,False
2025-11-22 06:00:00+05:30,anand_vihar_new_delhi_dpcc,openaq,334.0,504.0,,,,,,,,,,,False
2025-11-22 07:00:00+05:30,anand_vihar_new_delhi_dpcc,openaq,354.0,523.0,,,,,,,,,,,False
2025-11-22 08:00:00+05:30,anand_vihar_new_delhi_dpcc,openaq,292.0,434.0,,,,,,,,,,,False
2025-11-22 09:00:00+05:30,anand_vihar_new_delhi_dpcc,openaq,330.0,497.0,,,,,,,,,,,False
2025-11-22 10:00:00+05:30,anand_vihar_new_delhi_dpcc,openaq,382.0,574.0,,,,,,,,,,,False
2025-11-22 13:00:00+05:30,anand_vihar_new_delhi_dpcc,openaq,232.0,385.0,,,,,,,,,,,False
2025-11-22 14:00:00+05:30,anand_vihar_new_delhi_dpcc,openaq,141.0,257.0,,,,,,,,,,,False
2025-11-22 15:00:00+05:30,anand_vihar_new_delhi_dpcc,openaq,154.0,270.0,,,,,,,,,,,False
2025-11-22 17:00:00+05:30,anand_vihar_new_delhi_dpcc,openaq,173.0,330.0,,,,,,,,,,,False
2025-11-22 18:00:00+05:30,anand_vihar_new_delhi_dpcc,openaq,199.0,459.0,,,,,,,,,,,False
2025-11-22 19:00:00+05:30,anand_vihar_new_delhi_dpcc,openaq,243.0,569.0,,,,,,,,,,,False
2025-11-22 20:00:00+05:30,anand_vihar_new_delhi_dpcc,openaq,256.0,533.0,,,,,,,,,,,False
2025-11-22 21:00:00+05:30,anand_vihar_new_delhi_dpcc,openaq,225.0,462.0,,,,,,,,,,,False
2025-11-22 22:00:00+05:30,anand_vihar_new_delhi_dpcc,openaq,261.0,527.0,,,,,,,,,,,False
2025-11-22 23:00:00+05:30,anand_vihar_new_delhi_dpcc,openaq,304.0,589.0,,,,,,,,,,,False
2025-11-23 01:00:00+05:30,anand_vihar_new_delhi_dpcc,openaq,429.0,748.0,,,,,,,,,,,False
2025-11-23 02:00:00+05:30,anand_vihar_new_delhi_dpcc,openaq,425.0,668.0,,,,,,,,,,,False
2025-11-23 03:00:00+05:30,anand_vihar_new_delhi_dpcc,openaq,427.0,637.0,,,,,,,,,,,False
2025-11-23 04:00:00+05:30,anand_vihar_new_delhi_dpcc,openaq,418.0,628.0,,,,,,,,,,,False
2025-11-23 05:00:00+05:30,anand_vihar_new_delhi_dpcc,openaq,403.0,618.0,,,,,,,,,,,False
2025-11-23 06:00:00+05:30,anand_vihar_new_delhi_dpcc,openaq,340.0,530.0,,,,,,,,,,,False
2025-11-23 07:00:00+05:30,anand_vihar_new_delhi_dpcc,openaq,343.0,538.0,,,,,,,,,,,False
2025-11-23 08:00:00+05:30,anand_vihar_new_delhi_dpcc,openaq,398.0,638.0,,,,,,,,,,,False
2025-11-23 09:00:00+05:30,anand_vihar_new_delhi_dpcc,openaq,547.0,847.0,,,,,,,,,,,False
2025-11-23 10:00:00+05:30,anand_vihar_new_delhi_dpcc,openaq,565.0,899.0,,,,,,,,,,,False
2025-11-23 11:00:00+05:30,anand_vihar_new_delhi_dpcc,openaq,478.0,713.0,,,,,,,,,,,False
2025-11-23 12:00:00+05:30,anand_vihar_new_delhi_dpcc,openaq,320.0,477.0,,,,,,,,,,,False
2025-11-23 13:00:00+05:30,anand_vihar_new_delhi_dpcc,openaq,252.0,370.0,,,,,,,,,,,False
2025-11-23 14:00:00+05:30,anand_vihar_new_delhi_dpcc,openaq,236.0,366.0,,,,,,,,,,,False
2025-11-23 15:00:00+05:30,anand_vihar_new_delhi_dpcc,openaq,189.0,334.0,,,,,,,,,,,False
2025-11-23 19:00:00+05:30,anand_vihar_new_delhi_dpcc,openaq,267.0,558.0,,,,,,,,,,,False
2025-11-23 20:00:00+05:30,anand_vihar_new_delhi_dpcc,openaq,298.0,602.0,,,,,,,,,,,False
2025-11-23 21:00:00+05:30,anand_vihar_new_delhi_dpcc,openaq,329.0,606.0,,,,,,,,,,,False
2025-11-23 22:00:00+05:30,anand_vihar_new_delhi_dpcc,openaq,347.0,621.0,,,,,,,,,,,False
2025-11-23 23:00:00+05:30,anand_vihar_new_delhi_dpcc,openaq,372.0,664.0,,,,,,,,,,,False
2025-11-24 01:00:00+05:30,anand_vihar_new_delhi_dpcc,openaq,428.0,722.0,,,,,,,,,,,False
2025-11-24 02:00:00+05:30,anand_vihar_new_delhi_dpcc,openaq,422.0,663.0,,,,,,,,,,,False
2025-11-24 03:00:00+05:30,anand_vihar_new_delhi_dpcc,openaq,378.0,583.0,,,,,,,,,,,False
2025-11-24 04:00:00+05:30,anand_vihar_new_delhi_dpcc,openaq,333.0,511.0,,,,,,,,,,,False
2025-11-24 05:00:00+05:30,anand_vihar_new_delhi_dpcc,openaq,307.0,466.0,,,,,,,,,,,False
2025-11-24 06:00:00+05:30,anand_vihar_new_delhi_dpcc,openaq,292.0,443.0,,,,,,,,,,,False
2025-11-24 07:00:00+05:30,anand_vihar_new_delhi_dpcc,openaq,305.0,447.0,,,,,,,,,,,False
2025-11-24 08:00:00+05:30,anand_vihar_new_delhi_dpcc,openaq,326.0,488.0,,,,,,,,,,,False
2025-11-24 09:00:00+05:30,anand_vihar_new_delhi_dpcc,openaq,348.0,513.0,,,,,,,,,,,False
2025-11-24 10:00:00+05:30,anand_vihar_new_delhi_dpcc,openaq,328.0,492.0,,,,,,,,,,,False
2025-11-24 11:00:00+05:30,anand_vihar_new_delhi_dpcc,openaq,257.0,407.0,,,,,,,,,,,False
2025-11-24 12:00:00+05:30,anand_vihar_new_delhi_dpcc,openaq,220.0,354.0,,,,,,,,,,,False
2025-11-24 13:00:00+05:30,anand_vihar_new_delhi_dpcc,openaq,201.0,328.0,,,,,,,,,,,False
2025-11-24 14:00:00+05:30,anand_vihar_new_delhi_dpcc,openaq,193.0,329.0,,,,,,,,,,,False
2025-11-24 15:00:00+05:30,anand_vihar_new_delhi_dpcc,openaq,152.0,274.0,,,,,,,,,,,False
2025-11-24 16:00:00+05:30,anand_vihar_new_delhi_dpcc,openaq,128.0,240.0,,,,,,,,,,,False
2025-11-24 17:00:00+05:30,anand_vihar_new_delhi_dpcc,openaq,115.0,257.0,,,,,,,,,,,False
2025-11-24 18:00:00+05:30,anand_vihar_new_delhi_dpcc,openaq,129.0,330.0,,,,,,,,,,,False
2025-11-24 19:00:00+05:30,anand_vihar_new_delhi_dpcc,openaq,172.0,435.0,,,,,,,,,,,False
2025-11-24 20:00:00+05:30,anand_vihar_new_delhi_dpcc,openaq,217.0,475.0,,,,,,,,,,,False
2025-11-24 21:00:00+05:30,anand_vihar_new_delhi_dpcc,openaq,281.0,587.0,,,,,,,,,,,False
2025-11-24 22:00:00+05:30,anand_vihar_new_delhi_dpcc,openaq,323.0,644.0,,,,,,,,,,,False
2025-11-24 23:00:00+05:30,anand_vihar_new_delhi_dpcc,openaq,328.0,624.0,,,,,,,,,,,False
2025-11-25 01:00:00+05:30,anand_vihar_new_delhi_dpcc,openaq,369.0,681.0,,,,,,,,,,,False
2025-11-25 02:00:00+05:30,anand_vihar_new_delhi_dpcc,openaq,351.0,607.0,,,,,,,,,,,False
2025-11-25 03:00:00+05:30,anand_vihar_new_delhi_dpcc,openaq,286.0,463.0,,,,,,,,,,,False
2025-11-25 04:00:00+05:30,anand_vihar_new_delhi_dpcc,openaq,299.0,442.0,,,,,,,,,,,False
2025-11-25 05:00:00+05:30,anand_vihar_new_delhi_dpcc,openaq,291.0,446.0,,,,,,,,,,,False
2025-11-25 06:00:00+05:30,anand_vihar_new_delhi_dpcc,openaq,267.0,415.0,,,,,,,,,,,False
2025-11-25 07:00:00+05:30,anand_vihar_new_delhi_dpcc,openaq,272.0,423.0,,,,,,,,,,,False
2025-11-25 08:00:00+05:30,anand_vihar_new_delhi_dpcc,openaq,299.0,477.0,,,,,,,,,,,False
2025-11-25 09:00:00+05:30,anand_vihar_new_delhi_dpcc,openaq,309.0,483.0,,,,,,,,,,,False
2025-11-25 10:00:00+05:30,anand_vihar_new_delhi_dpcc,openaq,282.0,423.0,,,,,,,,,,,False
2025-11-25 11:00:00+05:30,anand_vihar_new_delhi_dpcc,openaq,211.0,328.0,,,,,,,,,,,False
2025-11-25 12:00:00+05:30,anand_vihar_new_delhi_dpcc,openaq,169.0,275.0,,,,,,,,,,,False
2025-11-25 13:00:00+05:30,anand_vihar_new_delhi_dpcc,openaq,135.0,240.0,,,,,,,,,,,False
2025-11-25 14:00:00+05:30,anand_vihar_new_delhi_dpcc,openaq,131.0,236.0,,,,,,,,,,,False
2025-11-25 15:00:00+05:30,anand_vihar_new_delhi_dpcc,openaq,104.0,,,,,,,,,,,,False
2025-11-25 16:00:00+05:30,anand_vihar_new_delhi_dpcc,openaq,89.8,,,,,,,,,,,,False
2025-11-25 17:00:00+05:30,anand_vihar_new_delhi_dpcc,openaq,102.0,231.0,,,,,,,,,,,False
2025-11-25 18:00:00+05:30,anand_vihar_new_delhi_dpcc,openaq,122.0,292.0,,,,,,,,,,,False
2025-11-25 19:00:00+05:30,anand_vihar_new_delhi_dpcc,openaq,162.0,402.0,,,,,,,,,,,False
2025-11-25 20:00:00+05:30,anand_vihar_new_delhi_dpcc,openaq,219.0,476.0,,,,,,,,,,,False
2025-11-25 21:00:00+05:30,anand_vihar_new_delhi_dpcc,openaq,266.0,562.0,,,,,,,,,,,False
2025-11-25 22:00:00+05:30,anand_vihar_new_delhi_dpcc,openaq,276.0,529.0,,,,,,,,,,,False
2025-11-25 23:00:00+05:30,anand_vihar_new_delhi_dpcc,openaq,268.0,476.0,,,,,,,,,,,False
2025-11-26 01:00:00+05:30,anand_vihar_new_delhi_dpcc,openaq,248.0,391.0,,,,,,,,,,,False
2025-11-26 02:00:00+05:30,anand_vihar_new_delhi_dpcc,openaq,238.0,382.0,,,,,,,,,,,False
2025-11-26 03:00:00+05:30,anand_vihar_new_delhi_dpcc,openaq,257.0,405.0,,,,,,,,,,,False
2025-11-26 04:00:00+05:30,anand_vihar_new_delhi_dpcc,openaq,254.0,449.0,,,,,,,,,,,False
2025-11-26 05:00:00+05:30,anand_vihar_new_delhi_dpcc,openaq,249.0,384.0,,,,,,,,,,,False
2025-11-26 06:00:00+05:30,anand_vihar_new_delhi_dpcc,openaq,239.0,372.0,,,,,,,,,,,False
2025-11-26 07:00:00+05:30,anand_vihar_new_delhi_dpcc,openaq,231.0,376.0,,,,,,,,,,,False
2025-11-26 08:00:00+05:30,anand_vihar_new_delhi_dpcc,openaq,207.0,394.0,,,,,,,,,,,False
2025-11-26 09:00:00+05:30,anand_vihar_new_delhi_dpcc,openaq,208.0,494.0,,,,,,,,,,,False
2025-11-26 10:00:00+05:30,anand_vihar_new_delhi_dpcc,openaq,241.0,802.0,,,,,,,,,,,False
2025-11-26 11:00:00+05:30,anand_vihar_new_delhi_dpcc,openaq,221.0,370.0,,,,,,,,,,,False
2025-11-26 12:00:00+05:30,anand_vihar_new_delhi_dpcc,openaq,160.0,296.0,,,,,,,,,,,False
2025-11-26 16:00:00+05:30,anand_vihar_new_delhi_dpcc,openaq,94.3,181.0,,,,,,,,,,,False
2025-11-26 18:00:00+05:30,anand_vihar_new_delhi_dpcc,openaq,150.0,324.0,,,,,,,,,,,False
2025-11-26 19:00:00+05:30,anand_vihar_new_delhi_dpcc,openaq,175.0,414.0,,,,,,,,,,,False
2025-11-26 20:00:00+05:30,anand_vihar_new_delhi_dpcc,openaq,268.0,623.0,,,,,,,,,,,False
2025-11-26 21:00:00+05:30,anand_vihar_new_delhi_dpcc,openaq,320.0,669.0,,,,,,,,,,,False
2025-11-26 22:00:00+05:30,anand_vihar_new_delhi_dpcc,openaq,363.0,703.0,,,,,,,,,,,False
2025-11-26 23:00:00+05:30,anand_vihar_new_delhi_dpcc,openaq,396.0,754.0,,,,,,,,,,,False
2025-11-27 01:00:00+05:30,anand_vihar_new_delhi_dpcc,openaq,432.0,758.0,,,,,,,,,,,False
2025-11-27 02:00:00+05:30,anand_vihar_new_delhi_dpcc,openaq,441.0,706.0,,,,,,,,,,,False
2025-11-27 03:00:00+05:30,anand_vihar_new_delhi_dpcc,openaq,453.0,639.0,,,,,,,,,,,False
2025-11-27 04:00:00+05:30,anand_vihar_new_delhi_dpcc,openaq,542.0,739.0,,,,,,,,,,,False
2025-11-27 05:00:00+05:30,anand_vihar_new_delhi_dpcc,openaq,700.0,973.0,,,,,,,,,,,False
2025-11-27 06:00:00+05:30,anand_vihar_new_delhi_dpcc,openaq,606.0,863.0,,,,,,,,,,,False
2025-11-27 07:00:00+05:30,anand_vihar_new_delhi_dpcc,openaq,368.0,548.0,,,,,,,,,,,False
2025-11-27 08:00:00+05:30,anand_vihar_new_delhi_dpcc,openaq,394.0,597.0,,,,,,,,,,,False
2025-11-27 09:00:00+05:30,anand_vihar_new_delhi_dpcc,openaq,476.0,724.0,,,,,,,,,,,False
2025-11-27 10:00:00+05:30,anand_vihar_new_delhi_dpcc,openaq,410.0,666.0,,,,,,,,,,,False
2025-11-27 11:00:00+05:30,anand_vihar_new_delhi_dpcc,openaq,238.0,381.0,,,,,,,,,,,False
2025-11-27 12:00:00+05:30,anand_vihar_new_delhi_dpcc,openaq,184.0,288.0,,,,,,,,,,,False
2025-11-27 13:00:00+05:30,anand_vihar_new_delhi_dpcc,openaq,147.0,239.0,,,,,,,,,,,False
2025-11-27 14:00:00+05:30,anand_vihar_new_delhi_dpcc,openaq,135.0,234.0,,,,,,,,,,,False
2025-11-27 15:00:00+05:30,anand_vihar_new_delhi_dpcc,openaq,113.0,202.0,,,,,,,,,,,False
2025-11-27 17:00:00+05:30,anand_vihar_new_delhi_dpcc,openaq,97.3,206.0,,,,,,,,,,,False
2025-11-27 18:00:00+05:30,anand_vihar_new_delhi_dpcc,openaq,120.0,286.0,,,,,,,,,,,False
2025-11-27 19:00:00+05:30,anand_vihar_new_delhi_dpcc,openaq,186.0,419.0,,,,,,,,,,,False
2025-11-27 20:00:00+05:30,anand_vihar_new_delhi_dpcc,openaq,257.0,569.0,,,,,,,,,,,False
2025-11-27 21:00:00+05:30,anand_vihar_new_delhi_dpcc,openaq,315.0,693.0,,,,,,,,,,,False
2025-11-27 22:00:00+05:30,anand_vihar_new_delhi_dpcc,openaq,397.0,722.0,,,,,,,,,,,False
2025-11-28 01:00:00+05:30,anand_vihar_new_delhi_dpcc,openaq,516.0,883.0,,,,,,,,,,,False
2025-11-28 02:00:00+05:30,anand_vihar_new_delhi_dpcc,openaq,448.0,718.0,,,,,,,,,,,False
2025-11-28 03:00:00+05:30,anand_vihar_new_delhi_dpcc,openaq,402.0,593.0,,,,,,,,,,,False
2025-11-28 04:00:00+05:30,anand_vihar_new_delhi_dpcc,openaq,348.0,493.0,,,,,,,,,,,False
2025-11-28 05:00:00+05:30,anand_vihar_new_delhi_dpcc,openaq,292.0,423.0,,,,,,,,,,,False
2025-11-28 06:00:00+05:30,anand_vihar_new_delhi_dpcc,openaq,291.0,437.0,,,,,,,,,,,False
2025-11-28 07:00:00+05:30,anand_vihar_new_delhi_dpcc,openaq,272.0,424.0,,,,,,,,,,,False
2025-11-28 08:00:00+05:30,anand_vihar_new_delhi_dpcc,openaq,281.0,457.0,,,,,,,,,,,False
2025-11-28 09:00:00+05:30,anand_vihar_new_delhi_dpcc,openaq,294.0,460.0,,,,,,,,,,,False
2025-11-28 10:00:00+05:30,anand_vihar_new_delhi_dpcc,openaq,213.0,356.0,,,,,,,,,,,False
2025-11-28 11:00:00+05:30,anand_vihar_new_delhi_dpcc,openaq,145.0,253.0,,,,,,,,,,,False
2025-11-28 12:00:00+05:30,anand_vihar_new_delhi_dpcc,openaq,107.0,191.0,,,,,,,,,,,False
2025-11-28 13:00:00+05:30,anand_vihar_new_delhi_dpcc,openaq,113.0,188.0,,,,,,,,,,,False
2025-11-28 14:00:00+05:30,anand_vihar_new_delhi_dpcc,openaq,136.0,229.0,,,,,,,,,,,False
2025-11-28 15:00:00+05:30,anand_vihar_new_delhi_dpcc,openaq,128.0,224.0,,,,,,,,,,,False
2025-11-28 16:00:00+05:30,anand_vihar_new_delhi_dpcc,openaq,110.0,255.0,,,,,,,,,,,False
2025-11-28 17:00:00+05:30,anand_vihar_new_delhi_dpcc,openaq,148.0,486.0,,,,,,,,,,,False
2025-11-28 18:00:00+05:30,anand_vihar_new_delhi_dpcc,openaq,178.0,573.0,,,,,,,,,,,False
2025-11-28 19:00:00+05:30,anand_vihar_new_delhi_dpcc,openaq,184.0,403.0,,,,,,,,,,,False
2025-11-28 20:00:00+05:30,anand_vihar_new_delhi_dpcc,openaq,217.0,454.0,,,,,,,,,,,False
2025-11-28 21:00:00+05:30,anand_vihar_new_delhi_dpcc,openaq,237.0,454.0,,,,,,,,,,,False
2025-11-28 22:00:00+05:30,anand_vihar_new_delhi_dpcc,openaq,300.0,536.0,,,,,,,,,,,False
2025-11-28 23:00:00+05:30,anand_vihar_new_delhi_dpcc,openaq,350.0,630.0,,,,,,,,,,,False
2025-11-29 01:00:00+05:30,anand_vihar_new_delhi_dpcc,openaq,234.0,381.0,,,,,,,,,,,False
2025-11-29 02:00:00+05:30,anand_vihar_new_delhi_dpcc,openaq,179.0,287.0,,,,,,,,,,,False
2025-11-29 03:00:00+05:30,anand_vihar_new_delhi_dpcc,openaq,165.0,251.0,,,,,,,,,,,False
2025-11-29 04:00:00+05:30,anand_vihar_new_delhi_dpcc,openaq,164.0,240.0,,,,,,,,,,,False
2025-11-29 05:00:00+05:30,anand_vihar_new_delhi_dpcc,openaq,152.0,220.0,,,,,,,,,,,False
2025-11-29 06:00:00+05:30,anand_vihar_new_delhi_dpcc,openaq,144.0,223.0,,,,,,,,,,,False
2025-11-29 07:00:00+05:30,anand_vihar_new_delhi_dpcc,openaq,150.0,251.0,,,,,,,,,,,False
2025-11-29 08:00:00+05:30,anand_vihar_new_delhi_dpcc,openaq,142.0,242.0,,,,,,,,,,,False
2025-11-29 09:00:00+05:30,anand_vihar_new_delhi_dpcc,openaq,127.0,238.0,,,,,,,,,,,False
2025-11-29 10:00:00+05:30,anand_vihar_new_delhi_dpcc,openaq,131.0,249.0,,,,,,,,,,,False
2025-11-29 11:00:00+05:30,anand_vihar_new_delhi_dpcc,openaq,128.0,207.0,,,,,,,,,,,False
2025-11-29 12:00:00+05:30,anand_vihar_new_delhi_dpcc,openaq,120.0,202.0,,,,,,,,,,,False
2025-11-29 13:00:00+05:30,anand_vihar_new_delhi_dpcc,openaq,105.0,210.0,,,,,,,,,,,False
2025-11-29 14:00:00+05:30,anand_vihar_new_delhi_dpcc,openaq,86.0,176.0,,,,,,,,,,,False
2025-11-29 15:00:00+05:30,anand_vihar_new_delhi_dpcc,openaq,67.5,144.0,,,,,,,,,,,False
2025-11-29 16:00:00+05:30,anand_vihar_new_delhi_dpcc,openaq,65.8,147.0,,,,,,,,,,,False
2025-11-29 17:00:00+05:30,anand_vihar_new_delhi_dpcc,openaq,81.3,243.0,,,,,,,,,,,False
2025-11-29 18:00:00+05:30,anand_vihar_new_delhi_dpcc,openaq,113.0,420.0,,,,,,,,,,,False
2025-11-29 19:00:00+05:30,anand_vihar_new_delhi_dpcc,openaq,119.0,383.0,,,,,,,,,,,False
2025-11-29 20:00:00+05:30,anand_vihar_new_delhi_dpcc,openaq,144.0,345.0,,,,,,,,,,,False
2025-11-29 21:00:00+05:30,anand_vihar_new_delhi_dpcc,openaq,151.0,351.0,,,,,,,,,,,False
2025-11-29 22:00:00+05:30,anand_vihar_new_delhi_dpcc,openaq,150.0,323.0,,,,,,,,,,,False
2025-11-29 23:00:00+05:30,anand_vihar_new_delhi_dpcc,openaq,160.0,324.0,,,,,,,,,,,False
2025-11-30 01:00:00+05:30,anand_vihar_new_delhi_dpcc,openaq,137.0,253.0,,,,,,,,,,,False
2025-11-30 02:00:00+05:30,anand_vihar_new_delhi_dpcc,openaq,135.0,226.0,,,,,,,,,,,False
2025-11-30 03:00:00+05:30,anand_vihar_new_delhi_dpcc,openaq,132.0,232.0,,,,,,,,,,,False
2025-11-30 04:00:00+05:30,anand_vihar_new_delhi_dpcc,openaq,131.0,219.0,,,,,,,,,,,False
2025-11-30 05:00:00+05:30,anand_vihar_new_delhi_dpcc,openaq,140.0,227.0,,,,,,,,,,,False
2025-11-30 06:00:00+05:30,anand_vihar_new_delhi_dpcc,openaq,142.0,236.0,,,,,,,,,,,False
2025-11-30 07:00:00+05:30,anand_vihar_new_delhi_dpcc,openaq,157.0,269.0,,,,,,,,,,,False
2025-11-30 08:00:00+05:30,anand_vihar_new_delhi_dpcc,openaq,167.0,309.0,,,,,,,,,,,False
2025-11-30 09:00:00+05:30,anand_vihar_new_delhi_dpcc,openaq,156.0,282.0,,,,,,,,,,,False
2025-11-30 10:00:00+05:30,anand_vihar_new_delhi_dpcc,openaq,142.0,285.0,,,,,,,,,,,False
2025-11-30 11:00:00+05:30,anand_vihar_new_delhi_dpcc,openaq,140.0,241.0,,,,,,,,,,,False
2025-11-30 12:00:00+05:30,anand_vihar_new_delhi_dpcc,openaq,156.0,268.0,,,,,,,,,,,False
2025-11-30 13:00:00+05:30,anand_vihar_new_delhi_dpcc,openaq,120.0,223.0,,,,,,,,,,,False
2025-11-30 14:00:00+05:30,anand_vihar_new_delhi_dpcc,openaq,88.3,184.0,,,,,,,,,,,False
2025-11-30 15:00:00+05:30,anand_vihar_new_delhi_dpcc,openaq,69.5,164.0,,,,,,,,,,,False
2025-11-30 16:00:00+05:30,anand_vihar_new_delhi_dpcc,openaq,77.0,178.0,,,,,,,,,,,False
2025-11-30 17:00:00+05:30,anand_vihar_new_delhi_dpcc,openaq,92.5,215.0,,,,,,,,,,,False
2025-11-30 18:00:00+05:30,anand_vihar_new_delhi_dpcc,openaq,126.0,298.0,,,,,,,,,,,False
2025-11-30 19:00:00+05:30,anand_vihar_new_delhi_dpcc,openaq,174.0,412.0,,,,,,,,,,,False
2025-11-30 20:00:00+05:30,anand_vihar_new_delhi_dpcc,openaq,205.0,492.0,,,,,,,,,,,False
2025-11-30 21:00:00+05:30,anand_vihar_new_delhi_dpcc,openaq,234.0,522.0,,,,,,,,,,,False
2025-11-30 22:00:00+05:30,anand_vihar_new_delhi_dpcc,openaq,248.0,470.0,,,,,,,,,,,False
2025-11-30 23:00:00+05:30,anand_vihar_new_delhi_dpcc,openaq,240.0,411.0,,,,,,,,,,,False
2025-12-01 01:00:00+05:30,anand_vihar_new_delhi_dpcc,openaq,239.0,463.0,,,,,,,,,,,False
2025-12-01 02:00:00+05:30,anand_vihar_new_delhi_dpcc,openaq,263.0,509.0,,,,,,,,,,,False
2025-12-01 03:00:00+05:30,anand_vihar_new_delhi_dpcc,openaq,251.0,448.0,,,,,,,,,,,False
2025-12-01 04:00:00+05:30,anand_vihar_new_delhi_dpcc,openaq,229.0,390.0,,,,,,,,,,,False
2025-12-01 05:00:00+05:30,anand_vihar_new_delhi_dpcc,openaq,201.0,341.0,,,,,,,,,,,False
2025-12-01 06:00:00+05:30,anand_vihar_new_delhi_dpcc,openaq,201.0,339.0,,,,,,,,,,,False
2025-12-01 07:00:00+05:30,anand_vihar_new_delhi_dpcc,openaq,202.0,329.0,,,,,,,,,,,False
2025-12-01 08:00:00+05:30,anand_vihar_new_delhi_dpcc,openaq,201.0,347.0,,,,,,,,,,,False
2025-12-01 09:00:00+05:30,anand_vihar_new_delhi_dpcc,openaq,209.0,387.0,,,,,,,,,,,False
2025-12-01 12:00:00+05:30,anand_vihar_new_delhi_dpcc,openaq,156.0,263.0,,,,,,,,,,,False
2025-12-01 13:00:00+05:30,anand_vihar_new_delhi_dpcc,openaq,150.0,266.0,,,,,,,,,,,False
2025-12-01 14:00:00+05:30,anand_vihar_new_delhi_dpcc,openaq,131.0,247.0,,,,,,,,,,,False
2025-12-01 15:00:00+05:30,anand_vihar_new_delhi_dpcc,openaq,118.0,224.0,,,,,,,,,,,False
2025-12-01 16:00:00+05:30,anand_vihar_new_delhi_dpcc,openaq,108.0,215.0,,,,,,,,,,,False
2025-12-01 17:00:00+05:30,anand_vihar_new_delhi_dpcc,openaq,118.0,240.0,,,,,,,,,,,False
2025-12-01 18:00:00+05:30,anand_vihar_new_delhi_dpcc,openaq,143.0,298.0,,,,,,,,,,,False
2025-12-01 19:00:00+05:30,anand_vihar_new_delhi_dpcc,openaq,217.0,409.0,,,,,,,,,,,False
2025-12-01 20:00:00+05:30,anand_vihar_new_delhi_dpcc,openaq,299.0,524.0,,,,,,,,,,,False
2025-12-01 21:00:00+05:30,anand_vihar_new_delhi_dpcc,openaq,344.0,628.0,,,,,,,,,,,False
2025-12-01 22:00:00+05:30,anand_vihar_new_delhi_dpcc,openaq,407.0,790.0,,,,,,,,,,,False
2025-12-01 23:00:00+05:30,anand_vihar_new_delhi_dpcc,openaq,439.0,848.0,,,,,,,,,,,False
2025-12-02 01:00:00+05:30,anand_vihar_new_delhi_dpcc,openaq,376.0,687.0,,,,,,,,,,,False
2025-12-02 02:00:00+05:30,anand_vihar_new_delhi_dpcc,openaq,334.0,555.0,,,,,,,,,,,False
2025-12-02 03:00:00+05:30,anand_vihar_new_delhi_dpcc,openaq,304.0,488.0,,,,,,,,,,,False
2025-12-02 04:00:00+05:30,anand_vihar_new_delhi_dpcc,openaq,276.0,413.0,,,,,,,,,,,False
2025-12-02 05:00:00+05:30,anand_vihar_new_delhi_dpcc,openaq,265.0,400.0,,,,,,,,,,,False
2025-12-02 06:00:00+05:30,anand_vihar_new_delhi_dpcc,openaq,285.0,440.0,,,,,,,,,,,False
2025-12-02 07:00:00+05:30,anand_vihar_new_delhi_dpcc,openaq,305.0,493.0,,,,,,,,,,,False
2025-12-02 08:00:00+05:30,anand_vihar_new_delhi_dpcc,openaq,303.0,535.0,,,,,,,,,,,False
2025-12-02 09:00:00+05:30,anand_vihar_new_delhi_dpcc,openaq,330.0,603.0,,,,,,,,,,,False
2025-12-02 10:00:00+05:30,anand_vihar_new_delhi_dpcc,openaq,312.0,546.0,,,,,,,,,,,False
2025-12-02 11:00:00+05:30,anand_vihar_new_delhi_dpcc,openaq,271.0,477.0,,,,,,,,,,,False
2025-12-02 12:00:00+05:30,anand_vihar_new_delhi_dpcc,openaq,249.0,415.0,,,,,,,,,,,False
2025-12-02 13:00:00+05:30,anand_vihar_new_delhi_dpcc,openaq,209.0,365.0,,,,,,,,,,,False
2025-12-02 14:00:00+05:30,anand_vihar_new_delhi_dpcc,openaq,184.0,318.0,,,,,,,,,,,False
2025-12-02 15:00:00+05:30,anand_vihar_new_delhi_dpcc,openaq,202.0,358.0,,,,,,,,,,,False
2025-12-02 16:00:00+05:30,anand_vihar_new_delhi_dpcc,openaq,235.0,445.0,,,,,,,,,,,False
2025-12-02 17:00:00+05:30,anand_vihar_new_delhi_dpcc,openaq,201.0,367.0,,,,,,,,,,,False
2025-12-02 18:00:00+05:30,anand_vihar_new_delhi_dpcc,openaq,200.0,365.0,,,,,,,,,,,False
2025-12-02 20:00:00+05:30,anand_vihar_new_delhi_dpcc,openaq,260.0,434.0,,,,,,,,,,,False
2025-12-02 21:00:00+05:30,anand_vihar_new_delhi_dpcc,openaq,261.0,431.0,,,,,,,,,,,False
2025-12-02 22:00:00+05:30,anand_vihar_new_delhi_dpcc,openaq,261.0,439.0,,,,,,,,,,,False
2025-12-02 23:00:00+05:30,anand_vihar_new_delhi_dpcc,openaq,257.0,428.0,,,,,,,,,,,False
2025-12-03 01:00:00+05:30,anand_vihar_new_delhi_dpcc,openaq,285.0,440.0,,,,,,,,,,,False
2025-12-03 02:00:00+05:30,anand_vihar_new_delhi_dpcc,openaq,289.0,441.0,,,,,,,,,,,False
2025-12-03 03:00:00+05:30,anand_vihar_new_delhi_dpcc,openaq,294.0,445.0,,,,,,,,,,,False
2025-12-03 04:00:00+05:30,anand_vihar_new_delhi_dpcc,openaq,286.0,423.0,,,,,,,,,,,False
2025-12-03 05:00:00+05:30,anand_vihar_new_delhi_dpcc,openaq,279.0,406.0,,,,,,,,,,,False
2025-12-03 06:00:00+05:30,anand_vihar_new_delhi_dpcc,openaq,269.0,406.0,,,,,,,,,,,False
2025-12-03 07:00:00+05:30,anand_vihar_new_delhi_dpcc,openaq,208.0,339.0,,,,,,,,,,,False
2025-12-03 08:00:00+05:30,anand_vihar_new_delhi_dpcc,openaq,229.0,421.0,,,,,,,,,,,False
2025-12-03 09:00:00+05:30,anand_vihar_new_delhi_dpcc,openaq,243.0,433.0,,,,,,,,,,,False
2025-12-03 10:00:00+05:30,anand_vihar_new_delhi_dpcc,openaq,200.0,346.0,,,,,,,,,,,False
2025-12-03 11:00:00+05:30,anand_vihar_new_delhi_dpcc,openaq,146.0,231.0,,,,,,,,,,,False
2025-12-03 12:00:00+05:30,anand_vihar_new_delhi_dpcc,openaq,152.0,237.0,,,,,,,,,,,False
2025-12-03 13:00:00+05:30,anand_vihar_new_delhi_dpcc,openaq,142.0,228.0,,,,,,,,,,,False
2025-12-03 14:00:00+05:30,anand_vihar_new_delhi_dpcc,openaq,108.0,193.0,,,,,,,,,,,False
2025-12-03 15:00:00+05:30,anand_vihar_new_delhi_dpcc,openaq,86.8,165.0,,,,,,,,,,,False
2025-12-03 16:00:00+05:30,anand_vihar_new_delhi_dpcc,openaq,79.5,155.0,,,,,,,,,,,False
2025-12-03 17:00:00+05:30,anand_vihar_new_delhi_dpcc,openaq,84.8,179.0,,,,,,,,,,,False
2025-12-03 18:00:00+05:30,anand_vihar_new_delhi_dpcc,openaq,140.0,277.0,,,,,,,,,,,False
2025-12-03 19:00:00+05:30,anand_vihar_new_delhi_dpcc,openaq,167.0,367.0,,,,,,,,,,,False
2025-12-03 20:00:00+05:30,anand_vihar_new_delhi_dpcc,openaq,161.0,383.0,,,,,,,,,,,False
2025-12-03 21:00:00+05:30,anand_vihar_new_delhi_dpcc,openaq,122.0,,,,,,,,,,,,False
2025-12-03 22:00:00+05:30,anand_vihar_new_delhi_dpcc,openaq,142.0,298.0,,,,,,,,,,,False
2025-12-03 23:00:00+05:30,anand_vihar_new_delhi_dpcc,openaq,173.0,309.0,,,,,,,,,,,False
2025-12-04 01:00:00+05:30,anand_vihar_new_delhi_dpcc,openaq,148.0,236.0,,,,,,,,,,,False
2025-12-04 02:00:00+05:30,anand_vihar_new_delhi_dpcc,openaq,155.0,244.0,,,,,,,,,,,False
2025-12-04 03:00:00+05:30,anand_vihar_new_delhi_dpcc,openaq,157.0,252.0,,,,,,,,,,,False
2025-12-04 04:00:00+05:30,anand_vihar_new_delhi_dpcc,openaq,172.0,267.0,,,,,,,,,,,False
2025-12-04 05:00:00+05:30,anand_vihar_new_delhi_dpcc,openaq,192.0,283.0,,,,,,,,,,,False
2025-12-04 06:00:00+05:30,anand_vihar_new_delhi_dpcc,openaq,209.0,290.0,,,,,,,,,,,False
2025-12-04 07:00:00+05:30,anand_vihar_new_delhi_dpcc,openaq,220.0,332.0,,,,,,,,,,,False
2025-12-04 08:00:00+05:30,anand_vihar_new_delhi_dpcc,openaq,215.0,364.0,,,,,,,,,,,False
2025-12-04 09:00:00+05:30,anand_vihar_new_delhi_dpcc,openaq,229.0,443.0,,,,,,,,,,,False
2025-12-04 10:00:00+05:30,anand_vihar_new_delhi_dpcc,openaq,213.0,611.0,,,,,,,,,,,False
2025-12-04 15:00:00+05:30,anand_vihar_new_delhi_dpcc,openaq,111.0,179.0,,,,,,,,,,,False
2025-12-04 16:00:00+05:30,anand_vihar_new_delhi_dpcc,openaq,99.5,183.0,,,,,,,,,,,False
2025-12-04 17:00:00+05:30,anand_vihar_new_delhi_dpcc,openaq,103.0,191.0,,,,,,,,,,,False
2025-12-04 18:00:00+05:30,anand_vihar_new_delhi_dpcc,openaq,134.0,275.0,,,,,,,,,,,False
2025-12-04 19:00:00+05:30,anand_vihar_new_delhi_dpcc,openaq,192.0,387.0,,,,,,,,,,,False
2025-12-04 20:00:00+05:30,anand_vihar_new_delhi_dpcc,openaq,226.0,457.0,,,,,,,,,,,False
2025-12-04 21:00:00+05:30,anand_vihar_new_delhi_dpcc,openaq,237.0,473.0,,,,,,,,,,,False
2025-12-04 22:00:00+05:30,anand_vihar_new_delhi_dpcc,openaq,239.0,473.0,,,,,,,,,,,False
2025-12-04 23:00:00+05:30,anand_vihar_new_delhi_dpcc,openaq,243.0,465.0,,,,,,,,,,,False
2025-12-05 01:00:00+05:30,anand_vihar_new_delhi_dpcc,openaq,244.0,384.0,,,,,,,,,,,False
2025-12-05 02:00:00+05:30,anand_vihar_new_delhi_dpcc,openaq,235.0,373.0,,,,,,,,,,,False
2025-12-05 03:00:00+05:30,anand_vihar_new_delhi_dpcc,openaq,243.0,382.0,,,,,,,,,,,False
2025-12-05 04:00:00+05:30,anand_vihar_new_delhi_dpcc,openaq,226.0,337.0,,,,,,,,,,,False
2025-12-05 05:00:00+05:30,anand_vihar_new_delhi_dpcc,openaq,207.0,303.0,,,,,,,,,,,False
2025-12-05 06:00:00+05:30,anand_vihar_new_delhi_dpcc,openaq,201.0,302.0,,,,,,,,,,,False
2025-12-05 07:00:00+05:30,anand_vihar_new_delhi_dpcc,openaq,201.0,311.0,,,,,,,,,,,False
2025-12-05 08:00:00+05:30,anand_vihar_new_delhi_dpcc,openaq,209.0,348.0,,,,,,,,,,,False
2025-12-05 09:00:00+05:30,anand_vihar_new_delhi_dpcc,openaq,214.0,404.0,,,,,,,,,,,False
2025-12-05 10:00:00+05:30,anand_vihar_new_delhi_dpcc,openaq,212.0,364.0,,,,,,,,,,,False
2025-12-05 11:00:00+05:30,anand_vihar_new_delhi_dpcc,openaq,194.0,347.0,,,,,,,,,,,False
2025-12-05 12:00:00+05:30,anand_vihar_new_delhi_dpcc,openaq,164.0,275.0,,,,,,,,,,,False
2025-12-05 13:00:00+05:30,anand_vihar_new_delhi_dpcc,openaq,140.0,243.0,,,,,,,,,,,False
2025-12-05 14:00:00+05:30,anand_vihar_new_delhi_dpcc,openaq,150.0,255.0,,,,,,,,,,,False
2025-12-05 15:00:00+05:30,anand_vihar_new_delhi_dpcc,openaq,153.0,250.0,,,,,,,,,,,False
2025-12-05 16:00:00+05:30,anand_vihar_new_delhi_dpcc,openaq,131.0,225.0,,,,,,,,,,,False
2025-12-05 17:00:00+05:30,anand_vihar_new_delhi_dpcc,openaq,125.0,220.0,,,,,,,,,,,False
2025-12-05 18:00:00+05:30,anand_vihar_new_delhi_dpcc,openaq,148.0,289.0,,,,,,,,,,,False
2025-12-05 19:00:00+05:30,anand_vihar_new_delhi_dpcc,openaq,209.0,424.0,,,,,,,,,,,False
2025-12-05 20:00:00+05:30,anand_vihar_new_delhi_dpcc,openaq,271.0,493.0,,,,,,,,,,,False
2025-12-05 21:00:00+05:30,anand_vihar_new_delhi_dpcc,openaq,288.0,502.0,,,,,,,,,,,False
2025-12-05 22:00:00+05:30,anand_vihar_new_delhi_dpcc,openaq,278.0,486.0,,,,,,,,,,,False
2025-12-05 23:00:00+05:30,anand_vihar_new_delhi_dpcc,openaq,289.0,497.0,,,,,,,,,,,False
2025-12-06 01:00:00+05:30,anand_vihar_new_delhi_dpcc,openaq,245.0,380.0,,,,,,,,,,,False
2025-12-06 02:00:00+05:30,anand_vihar_new_delhi_dpcc,openaq,264.0,393.0,,,,,,,,,,,False
2025-12-06 03:00:00+05:30,anand_vihar_new_delhi_dpcc,openaq,242.0,357.0,,,,,,,,,,,False
2025-12-06 04:00:00+05:30,anand_vihar_new_delhi_dpcc,openaq,220.0,313.0,,,,,,,,,,,False
2025-12-06 05:00:00+05:30,anand_vihar_new_delhi_dpcc,openaq,193.0,275.0,,,,,,,,,,,False
2025-12-06 06:00:00+05:30,anand_vihar_new_delhi_dpcc,openaq,195.0,283.0,,,,,,,,,,,False
2025-12-06 07:00:00+05:30,anand_vihar_new_delhi_dpcc,openaq,194.0,289.0,,,,,,,,,,,False
2025-12-06 08:00:00+05:30,anand_vihar_new_delhi_dpcc,openaq,197.0,302.0,,,,,,,,,,,False
2025-12-06 09:00:00+05:30,anand_vihar_new_delhi_dpcc,openaq,186.0,343.0,,,,,,,,,,,False
2025-12-06 10:00:00+05:30,anand_vihar_new_delhi_dpcc,openaq,179.0,415.0,,,,,,,,,,,False
2025-12-06 11:00:00+05:30,anand_vihar_new_delhi_dpcc,openaq,166.0,270.0,,,,,,,,,,,False
2025-12-06 12:00:00+05:30,anand_vihar_new_delhi_dpcc,openaq,163.0,270.0,,,,,,,,,,,False
2025-12-06 13:00:00+05:30,anand_vihar_new_delhi_dpcc,openaq,149.0,250.0,,,,,,,,,,,False
2025-12-06 14:00:00+05:30,anand_vihar_new_delhi_dpcc,openaq,127.0,245.0,,,,,,,,,,,False
2025-12-06 15:00:00+05:30,anand_vihar_new_delhi_dpcc,openaq,101.0,224.0,,,,,,,,,,,False
2025-12-06 16:00:00+05:30,anand_vihar_new_delhi_dpcc,openaq,75.3,191.0,,,,,,,,,,,False
2025-12-06 17:00:00+05:30,anand_vihar_new_delhi_dpcc,openaq,95.5,215.0,,,,,,,,,,,False
2025-12-06 18:00:00+05:30,anand_vihar_new_delhi_dpcc,openaq,132.0,299.0,,,,,,,,,,,False
2025-12-06 19:00:00+05:30,anand_vihar_new_delhi_dpcc,openaq,180.0,359.0,,,,,,,,,,,False
2025-12-06 20:00:00+05:30,anand_vihar_new_delhi_dpcc,openaq,202.0,365.0,,,,,,,,,,,False
2025-12-06 21:00:00+05:30,anand_vihar_new_delhi_dpcc,openaq,221.0,401.0,,,,,,,,,,,False
2025-12-06 22:00:00+05:30,anand_vihar_new_delhi_dpcc,openaq,246.0,443.0,,,,,,,,,,,False
2025-12-06 23:00:00+05:30,anand_vihar_new_delhi_dpcc,openaq,222.0,379.0,,,,,,,,,,,False
2025-12-07 01:00:00+05:30,anand_vihar_new_delhi_dpcc,openaq,181.0,290.0,,,,,,,,,,,False
2025-12-07 02:00:00+05:30,anand_vihar_new_delhi_dpcc,openaq,179.0,277.0,,,,,,,,,,,False
2025-12-07 03:00:00+05:30,anand_vihar_new_delhi_dpcc,openaq,162.0,248.0,,,,,,,,,,,False
2025-12-07 04:00:00+05:30,anand_vihar_new_delhi_dpcc,openaq,167.0,236.0,,,,,,,,,,,False
2025-12-07 05:00:00+05:30,anand_vihar_new_delhi_dpcc,openaq,173.0,254.0,,,,,,,,,,,False
2025-12-07 06:00:00+05:30,anand_vihar_new_delhi_dpcc,openaq,175.0,260.0,,,,,,,,,,,False
2025-12-07 07:00:00+05:30,anand_vihar_new_delhi_dpcc,openaq,177.0,271.0,,,,,,,,,,,False
2025-12-07 08:00:00+05:30,anand_vihar_new_delhi_dpcc,openaq,187.0,298.0,,,,,,,,,,,False
2025-12-07 09:00:00+05:30,anand_vihar_new_delhi_dpcc,openaq,187.0,305.0,,,,,,,,,,,False
2025-12-07 10:00:00+05:30,anand_vihar_new_delhi_dpcc,openaq,185.0,311.0,,,,,,,,,,,False
2025-12-07 11:00:00+05:30,anand_vihar_new_delhi_dpcc,openaq,189.0,320.0,,,,,,,,,,,False
2025-12-07 12:00:00+05:30,anand_vihar_new_delhi_dpcc,openaq,182.0,304.0,,,,,,,,,,,False
2025-12-07 13:00:00+05:30,anand_vihar_new_delhi_dpcc,openaq,157.0,280.0,,,,,,,,,,,False
2025-12-07 14:00:00+05:30,anand_vihar_new_delhi_dpcc,openaq,135.0,226.0,,,,,,,,,,,False
2025-12-07 15:00:00+05:30,anand_vihar_new_delhi_dpcc,openaq,132.0,250.0,,,,,,,,,,,False
2025-12-07 16:00:00+05:30,anand_vihar_new_delhi_dpcc,openaq,143.0,292.0,,,,,,,,,,,False
2025-12-07 17:00:00+05:30,anand_vihar_new_delhi_dpcc,openaq,145.0,316.0,,,,,,,,,,,False
2025-12-07 18:00:00+05:30,anand_vihar_new_delhi_dpcc,openaq,173.0,425.0,,,,,,,,,,,False
2025-12-07 19:00:00+05:30,anand_vihar_new_delhi_dpcc,openaq,184.0,352.0,,,,,,,,,,,False
2025-12-07 20:00:00+05:30,anand_vihar_new_delhi_dpcc,openaq,226.0,430.0,,,,,,,,,,,False
2025-12-07 21:00:00+05:30,anand_vihar_new_delhi_dpcc,openaq,244.0,423.0,,,,,,,,,,,False
2025-12-07 22:00:00+05:30,anand_vihar_new_delhi_dpcc,openaq,246.0,418.0,,,,,,,,,,,False
2025-12-07 23:00:00+05:30,anand_vihar_new_delhi_dpcc,openaq,262.0,440.0,,,,,,,,,,,False
2025-12-08 01:00:00+05:30,anand_vihar_new_delhi_dpcc,openaq,252.0,406.0,,,,,,,,,,,False
2025-12-08 02:00:00+05:30,anand_vihar_new_delhi_dpcc,openaq,222.0,354.0,,,,,,,,,,,False
2025-12-08 03:00:00+05:30,anand_vihar_new_delhi_dpcc,openaq,184.0,293.0,,,,,,,,,,,False
2025-12-08 04:00:00+05:30,anand_vihar_new_delhi_dpcc,openaq,182.0,274.0,,,,,,,,,,,False
2025-12-08 05:00:00+05:30,anand_vihar_new_delhi_dpcc,openaq,171.0,250.0,,,,,,,,,,,False
2025-12-08 06:00:00+05:30,anand_vihar_new_delhi_dpcc,openaq,176.0,277.0,,,,,,,,,,,False
2025-12-08 07:00:00+05:30,anand_vihar_new_delhi_dpcc,openaq,218.0,328.0,,,,,,,,,,,False
2025-12-08 08:00:00+05:30,anand_vihar_new_delhi_dpcc,openaq,307.0,477.0,,,,,,,,,,,False
2025-12-08 09:00:00+05:30,anand_vihar_new_delhi_dpcc,openaq,195.0,365.0,,,,,,,,,,,False
2025-12-08 10:00:00+05:30,anand_vihar_new_delhi_dpcc,openaq,190.0,423.0,,,,,,,,,,,False
2025-12-08 11:00:00+05:30,anand_vihar_new_delhi_dpcc,openaq,173.0,301.0,,,,,,,,,,,False
2025-12-08 12:00:00+05:30,anand_vihar_new_delhi_dpcc,openaq,147.0,260.0,,,,,,,,,,,False
2025-12-08 13:00:00+05:30,anand_vihar_new_delhi_dpcc,openaq,138.0,244.0,,,,,,,,,,,False
2025-12-08 14:00:00+05:30,anand_vihar_new_delhi_dpcc,openaq,116.0,195.0,,,,,,,,,,,False
2025-12-08 15:00:00+05:30,anand_vihar_new_delhi_dpcc,openaq,86.3,183.0,,,,,,,,,,,False
2025-12-08 18:00:00+05:30,anand_vihar_new_delhi_dpcc,openaq,114.0,234.0,,,,,,,,,,,False
2025-12-08 19:00:00+05:30,anand_vihar_new_delhi_dpcc,openaq,161.0,343.0,,,,,,,,,,,False
2025-12-08 21:00:00+05:30,anand_vihar_new_delhi_dpcc,openaq,195.0,415.0,,,,,,,,,,,False
2025-12-08 22:00:00+05:30,anand_vihar_new_delhi_dpcc,openaq,208.0,450.0,,,,,,,,,,,False
2025-12-09 01:00:00+05:30,anand_vihar_new_delhi_dpcc,openaq,174.0,287.0,,,,,,,,,,,False
2025-12-09 02:00:00+05:30,anand_vihar_new_delhi_dpcc,openaq,151.0,245.0,,,,,,,,,,,False
2025-12-09 03:00:00+05:30,anand_vihar_new_delhi_dpcc,openaq,151.0,236.0,,,,,,,,,,,False
2025-12-09 04:00:00+05:30,anand_vihar_new_delhi_dpcc,openaq,161.0,248.0,,,,,,,,,,,False
2025-12-09 05:00:00+05:30,anand_vihar_new_delhi_dpcc,openaq,162.0,256.0,,,,,,,,,,,False
2025-12-09 06:00:00+05:30,anand_vihar_new_delhi_dpcc,openaq,163.0,258.0,,,,,,,,,,,False
2025-12-09 07:00:00+05:30,anand_vihar_new_delhi_dpcc,openaq,165.0,279.0,,,,,,,,,,,False
2025-12-09 08:00:00+05:30,anand_vihar_new_delhi_dpcc,openaq,168.0,346.0,,,,,,,,,,,False
2025-12-09 09:00:00+05:30,anand_vihar_new_delhi_dpcc,openaq,175.0,321.0,,,,,,,,,,,False
2025-12-09 10:00:00+05:30,anand_vihar_new_delhi_dpcc,openaq,165.0,289.0,,,,,,,,,,,False
2025-12-09 11:00:00+05:30,anand_vihar_new_delhi_dpcc,openaq,156.0,280.0,,,,,,,,,,,False
2025-12-09 12:00:00+05:30,anand_vihar_new_delhi_dpcc,openaq,131.0,239.0,,,,,,,,,,,False
2025-12-09 14:00:00+05:30,anand_vihar_new_delhi_dpcc,openaq,102.0,198.0,,,,,,,,,,,False
2025-12-09 15:00:00+05:30,anand_vihar_new_delhi_dpcc,openaq,80.8,175.0,,,,,,,,,,,False
2025-12-09 18:00:00+05:30,anand_vihar_new_delhi_dpcc,openaq,84.3,226.0,,,,,,,,,,,False
2025-12-09 19:00:00+05:30,anand_vihar_new_delhi_dpcc,openaq,134.0,336.0,,,,,,,,,,,False
2025-12-09 20:00:00+05:30,anand_vihar_new_delhi_dpcc,openaq,183.0,449.0,,,,,,,,,,,False
2025-12-09 21:00:00+05:30,anand_vihar_new_delhi_dpcc,openaq,245.0,528.0,,,,,,,,,,,False
2025-12-09 22:00:00+05:30,anand_vihar_new_delhi_dpcc,openaq,256.0,559.0,,,,,,,,,,,False
2025-12-09 23:00:00+05:30,anand_vihar_new_delhi_dpcc,openaq,262.0,575.0,,,,,,,,,,,False
2025-12-10 02:00:00+05:30,anand_vihar_new_delhi_dpcc,openaq,130.0,206.0,,,,,,,,,,,False
2025-12-10 03:00:00+05:30,anand_vihar_new_delhi_dpcc,openaq,119.0,188.0,,,,,,,,,,,False
2025-12-10 04:00:00+05:30,anand_vihar_new_delhi_dpcc,openaq,127.0,195.0,,,,,,,,,,,False
2025-12-10 05:00:00+05:30,anand_vihar_new_delhi_dpcc,openaq,117.0,193.0,,,,,,,,,,,False
2025-12-10 06:00:00+05:30,anand_vihar_new_delhi_dpcc,openaq,121.0,203.0,,,,,,,,,,,False
2025-12-10 07:00:00+05:30,anand_vihar_new_delhi_dpcc,openaq,132.0,248.0,,,,,,,,,,,False
2025-12-10 08:00:00+05:30,anand_vihar_new_delhi_dpcc,openaq,143.0,285.0,,,,,,,,,,,False
2025-12-10 09:00:00+05:30,anand_vihar_new_delhi_dpcc,openaq,147.0,296.0,,,,,,,,,,,False
2025-12-10 10:00:00+05:30,anand_vihar_new_delhi_dpcc,openaq,128.0,251.0,,,,,,,,,,,False
2025-12-10 11:00:00+05:30,anand_vihar_new_delhi_dpcc,openaq,119.0,227.0,,,,,,,,,,,False
2025-12-10 12:00:00+05:30,anand_vihar_new_delhi_dpcc,openaq,93.0,191.0,,,,,,,,,,,False
2025-12-10 13:00:00+05:30,anand_vihar_new_delhi_dpcc,openaq,73.5,174.0,,,,,,,,,,,False
2025-12-10 14:00:00+05:30,anand_vihar_new_delhi_dpcc,openaq,64.5,143.0,,,,,,,,,,,False
2025-12-10 15:00:00+05:30,anand_vihar_new_delhi_dpcc,openaq,64.8,149.0,,,,,,,,,,,False
2025-12-10 16:00:00+05:30,anand_vihar_new_delhi_dpcc,openaq,93.3,189.0,,,,,,,,,,,False
2025-12-10 17:00:00+05:30,anand_vihar_new_delhi_dpcc,openaq,64.3,161.0,,,,,,,,,,,False
2025-12-10 18:00:00+05:30,anand_vihar_new_delhi_dpcc,openaq,71.8,224.0,,,,,,,,,,,False
2025-12-10 19:00:00+05:30,anand_vihar_new_delhi_dpcc,openaq,128.0,370.0,,,,,,,,,,,False
2025-12-10 20:00:00+05:30,anand_vihar_new_delhi_dpcc,openaq,168.0,357.0,,,,,,,,,,,False
2025-12-10 21:00:00+05:30,anand_vihar_new_delhi_dpcc,openaq,192.0,392.0,,,,,,,,,,,False
2025-12-10 22:00:00+05:30,anand_vihar_new_delhi_dpcc,openaq,234.0,507.0,,,,,,,,,,,False
2025-12-10 23:00:00+05:30,anand_vihar_new_delhi_dpcc,openaq,304.0,659.0,,,,,,,,,,,False
2025-12-11 01:00:00+05:30,anand_vihar_new_delhi_dpcc,openaq,304.0,505.0,,,,,,,,,,,False
2025-12-11 02:00:00+05:30,anand_vihar_new_delhi_dpcc,openaq,322.0,499.0,,,,,,,,,,,False
2025-12-11 03:00:00+05:30,anand_vihar_new_delhi_dpcc,openaq,302.0,450.0,,,,,,,,,,,False
2025-12-11 04:00:00+05:30,anand_vihar_new_delhi_dpcc,openaq,256.0,391.0,,,,,,,,,,,False
2025-12-11 05:00:00+05:30,anand_vihar_new_delhi_dpcc,openaq,188.0,303.0,,,,,,,,,,,False
2025-12-11 06:00:00+05:30,anand_vihar_new_delhi_dpcc,openaq,160.0,257.0,,,,,,,,,,,False
2025-12-11 07:00:00+05:30,anand_vihar_new_delhi_dpcc,openaq,164.0,253.0,,,,,,,,,,,False
2025-12-11 10:00:00+05:30,anand_vihar_new_delhi_dpcc,openaq,193.0,324.0,,,,,,,,,,,False
2025-12-11 11:00:00+05:30,anand_vihar_new_delhi_dpcc,openaq,194.0,309.0,,,,,,,,,,,False
2025-12-11 12:00:00+05:30,anand_vihar_new_delhi_dpcc,openaq,149.0,259.0,,,,,,,,,,,False
2025-12-11 13:00:00+05:30,anand_vihar_new_delhi_dpcc,openaq,145.0,249.0,,,,,,,,,,,False
2025-12-11 14:00:00+05:30,anand_vihar_new_delhi_dpcc,openaq,148.0,272.0,,,,,,,,,,,False
2025-12-11 15:00:00+05:30,anand_vihar_new_delhi_dpcc,openaq,136.0,266.0,,,,,,,,,,,False
2025-12-11 16:00:00+05:30,anand_vihar_new_delhi_dpcc,openaq,94.5,207.0,,,,,,,,,,,False
2025-12-11 17:00:00+05:30,anand_vihar_new_delhi_dpcc,openaq,91.3,215.0,,,,,,,,,,,False
2025-12-11 18:00:00+05:30,anand_vihar_new_delhi_dpcc,openaq,116.0,270.0,,,,,,,,,,,False
2025-12-11 20:00:00+05:30,anand_vihar_new_delhi_dpcc,openaq,241.0,483.0,,,,,,,,,,,False
2025-12-11 21:00:00+05:30,anand_vihar_new_delhi_dpcc,openaq,316.0,622.0,,,,,,,,,,,False
2025-12-11 22:00:00+05:30,anand_vihar_new_delhi_dpcc,openaq,378.0,670.0,,,,,,,,,,,False
2025-12-12 01:00:00+05:30,anand_vihar_new_delhi_dpcc,openaq,570.0,914.0,,,,,,,,,,,False
2025-12-12 02:00:00+05:30,anand_vihar_new_delhi_dpcc,openaq,672.0,939.0,,,,,,,,,,,False
2025-12-12 03:00:00+05:30,anand_vihar_new_delhi_dpcc,openaq,590.0,846.0,,,,,,,,,,,False
2025-12-12 04:00:00+05:30,anand_vihar_new_delhi_dpcc,openaq,536.0,736.0,,,,,,,,,,,False
2025-12-12 05:00:00+05:30,anand_vihar_new_delhi_dpcc,openaq,458.0,626.0,,,,,,,,,,,False
2025-12-12 06:00:00+05:30,anand_vihar_new_delhi_dpcc,openaq,367.0,520.0,,,,,,,,,,,False
2025-12-12 07:00:00+05:30,anand_vihar_new_delhi_dpcc,openaq,342.0,481.0,,,,,,,,,,,False
2025-12-12 08:00:00+05:30,anand_vihar_new_delhi_dpcc,openaq,316.0,464.0,,,,,,,,,,,False
2025-12-12 09:00:00+05:30,anand_vihar_new_delhi_dpcc,openaq,275.0,430.0,,,,,,,,,,,False
2025-12-12 10:00:00+05:30,anand_vihar_new_delhi_dpcc,openaq,265.0,470.0,,,,,,,,,,,False
2025-12-12 11:00:00+05:30,anand_vihar_new_delhi_dpcc,openaq,234.0,367.0,,,,,,,,,,,False
2025-12-12 12:00:00+05:30,anand_vihar_new_delhi_dpcc,openaq,203.0,,,,,,,,,,,,False
2025-12-12 13:00:00+05:30,anand_vihar_new_delhi_dpcc,openaq,186.0,271.0,,,,,,,,,,,False
2025-12-12 14:00:00+05:30,anand_vihar_new_delhi_dpcc,openaq,181.0,279.0,,,,,,,,,,,False
2025-12-12 15:00:00+05:30,anand_vihar_new_delhi_dpcc,openaq,146.0,246.0,,,,,,,,,,,False
2025-12-12 18:00:00+05:30,anand_vihar_new_delhi_dpcc,openaq,229.0,447.0,,,,,,,,,,,False
2025-12-12 19:00:00+05:30,anand_vihar_new_delhi_dpcc,openaq,299.0,570.0,,,,,,,,,,,False
2025-12-12 20:00:00+05:30,anand_vihar_new_delhi_dpcc,openaq,400.0,683.0,,,,,,,,,,,False
2025-12-12 22:00:00+05:30,anand_vihar_new_delhi_dpcc,openaq,538.0,928.0,,,,,,,,,,,False
2025-12-12 23:00:00+05:30,anand_vihar_new_delhi_dpcc,openaq,470.0,725.0,,,,,,,,,,,False
2025-12-13 01:00:00+05:30,anand_vihar_new_delhi_dpcc,openaq,464.0,632.0,,,,,,,,,,,False
2025-12-13 02:00:00+05:30,anand_vihar_new_delhi_dpcc,openaq,499.0,696.0,,,,,,,,,,,False
2025-12-13 03:00:00+05:30,anand_vihar_new_delhi_dpcc,openaq,543.0,718.0,,,,,,,,,,,False
2025-12-13 04:00:00+05:30,anand_vihar_new_delhi_dpcc,openaq,544.0,707.0,,,,,,,,,,,False
2025-12-13 05:00:00+05:30,anand_vihar_new_delhi_dpcc,openaq,511.0,684.0,,,,,,,,,,,False
2025-12-13 06:00:00+05:30,anand_vihar_new_delhi_dpcc,openaq,499.0,672.0,,,,,,,,,,,False
2025-12-13 07:00:00+05:30,anand_vihar_new_delhi_dpcc,openaq,522.0,707.0,,,,,,,,,,,False
2025-12-13 08:00:00+05:30,anand_vihar_new_delhi_dpcc,openaq,550.0,752.0,,,,,,,,,,,False
2025-12-13 09:00:00+05:30,anand_vihar_new_delhi_dpcc,openaq,614.0,851.0,,,,,,,,,,,False
2025-12-13 10:00:00+05:30,anand_vihar_new_delhi_dpcc,openaq,598.0,837.0,,,,,,,,,,,False
2025-12-13 11:00:00+05:30,anand_vihar_new_delhi_dpcc,openaq,434.0,605.0,,,,,,,,,,,False
2025-12-13 12:00:00+05:30,anand_vihar_new_delhi_dpcc,openaq,367.0,517.0,,,,,,,,,,,False
2025-12-13 13:00:00+05:30,anand_vihar_new_delhi_dpcc,openaq,368.0,537.0,,,,,,,,,,,False
2025-12-13 14:00:00+05:30,anand_vihar_new_delhi_dpcc,openaq,394.0,581.0,,,,,,,,,,,False
2025-12-13 17:00:00+05:30,anand_vihar_new_delhi_dpcc,openaq,362.0,555.0,,,,,,,,,,,False
2025-12-13 19:00:00+05:30,anand_vihar_new_delhi_dpcc,openaq,385.0,584.0,,,,,,,,,,,False
2025-12-13 20:00:00+05:30,anand_vihar_new_delhi_dpcc,openaq,450.0,664.0,,,,,,,,,,,False
2025-12-13 21:00:00+05:30,anand_vihar_new_delhi_dpcc,openaq,513.0,741.0,,,,,,,,,,,False
2025-12-13 22:00:00+05:30,anand_vihar_new_delhi_dpcc,openaq,546.0,789.0,,,,,,,,,,,False
2025-12-13 23:00:00+05:30,anand_vihar_new_delhi_dpcc,openaq,573.0,802.0,,,,,,,,,,,False
2025-12-14 01:00:00+05:30,anand_vihar_new_delhi_dpcc,openaq,591.0,789.0,,,,,,,,,,,False
2025-12-14 02:00:00+05:30,anand_vihar_new_delhi_dpcc,openaq,614.0,857.0,,,,,,,,,,,False
2025-12-14 03:00:00+05:30,anand_vihar_new_delhi_dpcc,openaq,621.0,852.0,,,,,,,,,,,False
2025-12-14 04:00:00+05:30,anand_vihar_new_delhi_dpcc,openaq,636.0,851.0,,,,,,,,,,,False
2025-12-14 05:00:00+05:30,anand_vihar_new_delhi_dpcc,openaq,609.0,777.0,,,,,,,,,,,False
2025-12-14 06:00:00+05:30,anand_vihar_new_delhi_dpcc,openaq,564.0,724.0,,,,,,,,,,,False
2025-12-14 07:00:00+05:30,anand_vihar_new_delhi_dpcc,openaq,615.0,792.0,,,,,,,,,,,False
2025-12-14 08:00:00+05:30,anand_vihar_new_delhi_dpcc,openaq,626.0,826.0,,,,,,,,,,,False
2025-12-14 09:00:00+05:30,anand_vihar_new_delhi_dpcc,openaq,643.0,875.0,,,,,,,,,,,False
2025-12-14 10:00:00+05:30,anand_vihar_new_delhi_dpcc,openaq,524.0,714.0,,,,,,,,,,,False
2025-12-14 11:00:00+05:30,anand_vihar_new_delhi_dpcc,openaq,368.0,501.0,,,,,,,,,,,False
2025-12-14 12:00:00+05:30,anand_vihar_new_delhi_dpcc,openaq,470.0,624.0,,,,,,,,,,,False
2025-12-14 13:00:00+05:30,anand_vihar_new_delhi_dpcc,openaq,487.0,664.0,,,,,,,,,,,False
2025-12-14 14:00:00+05:30,anand_vihar_new_delhi_dpcc,openaq,417.0,581.0,,,,,,,,,,,False
2025-12-14 15:00:00+05:30,anand_vihar_new_delhi_dpcc,openaq,376.0,522.0,,,,,,,,,,,False
2025-12-14 16:00:00+05:30,anand_vihar_new_delhi_dpcc,openaq,367.0,515.0,,,,,,,,,,,False
2025-12-14 17:00:00+05:30,anand_vihar_new_delhi_dpcc,openaq,358.0,540.0,,,,,,,,,,,False
2025-12-14 19:00:00+05:30,anand_vihar_new_delhi_dpcc,openaq,414.0,653.0,,,,,,,,,,,False
2025-12-14 20:00:00+05:30,anand_vihar_new_delhi_dpcc,openaq,477.0,712.0,,,,,,,,,,,False
2025-12-14 22:00:00+05:30,anand_vihar_new_delhi_dpcc,openaq,443.0,611.0,,,,,,,,,,,False
2025-12-15 01:00:00+05:30,anand_vihar_new_delhi_dpcc,openaq,450.0,598.0,,,,,,,,,,,False
2025-12-15 02:00:00+05:30,anand_vihar_new_delhi_dpcc,openaq,476.0,627.0,,,,,,,,,,,False
2025-12-15 03:00:00+05:30,anand_vihar_new_delhi_dpcc,openaq,511.0,682.0,,,,,,,,,,,False
2025-12-15 04:00:00+05:30,anand_vihar_new_delhi_dpcc,openaq,566.0,702.0,,,,,,,,,,,False
2025-12-15 05:00:00+05:30,anand_vihar_new_delhi_dpcc,openaq,506.0,651.0,,,,,,,,,,,False
2025-12-15 14:00:00+05:30,anand_vihar_new_delhi_dpcc,openaq,164.0,232.0,,,,,,,,,,,False
2025-12-15 15:00:00+05:30,anand_vihar_new_delhi_dpcc,openaq,112.0,171.0,,,,,,,,,,,False
2025-12-15 16:00:00+05:30,anand_vihar_new_delhi_dpcc,openaq,212.0,362.0,,,,,,,,,,,False
2025-12-15 17:00:00+05:30,anand_vihar_new_delhi_dpcc,openaq,245.0,377.0,,,,,,,,,,,False
2025-12-15 18:00:00+05:30,anand_vihar_new_delhi_dpcc,openaq,268.0,424.0,,,,,,,,,,,False
2025-12-15 20:00:00+05:30,anand_vihar_new_delhi_dpcc,openaq,283.0,471.0,,,,,,,,,,,False
2025-12-15 21:00:00+05:30,anand_vihar_new_delhi_dpcc,openaq,295.0,508.0,,,,,,,,,,,False
2025-12-15 22:00:00+05:30,anand_vihar_new_delhi_dpcc,openaq,326.0,528.0,,,,,,,,,,,False
2025-12-15 23:00:00+05:30,anand_vihar_new_delhi_dpcc,openaq,338.0,522.0,,,,,,,,,,,False
2025-12-16 01:00:00+05:30,anand_vihar_new_delhi_dpcc,openaq,256.0,362.0,,,,,,,,,,,False
2025-12-16 02:00:00+05:30,anand_vihar_new_delhi_dpcc,openaq,241.0,353.0,,,,,,,,,,,False
2025-12-16 03:00:00+05:30,anand_vihar_new_delhi_dpcc,openaq,217.0,298.0,,,,,,,,,,,False
2025-12-16 04:00:00+05:30,anand_vihar_new_delhi_dpcc,openaq,201.0,270.0,,,,,,,,,,,False
2025-12-16 05:00:00+05:30,anand_vihar_new_delhi_dpcc,openaq,208.0,272.0,,,,,,,,,,,False
2025-12-16 06:00:00+05:30,anand_vihar_new_delhi_dpcc,openaq,229.0,297.0,,,,,,,,,,,False
2025-12-16 07:00:00+05:30,anand_vihar_new_delhi_dpcc,openaq,237.0,353.0,,,,,,,,,,,False
2025-12-16 08:00:00+05:30,anand_vihar_new_delhi_dpcc,openaq,239.0,477.0,,,,,,,,,,,False
2025-12-16 09:00:00+05:30,anand_vihar_new_delhi_dpcc,openaq,240.0,555.0,,,,,,,,,,,False
2025-12-16 10:00:00+05:30,anand_vihar_new_delhi_dpcc,openaq,226.0,707.0,,,,,,,,,,,False
2025-12-16 11:00:00+05:30,anand_vihar_new_delhi_dpcc,openaq,173.0,297.0,,,,,,,,,,,False
2025-12-16 12:00:00+05:30,anand_vihar_new_delhi_dpcc,openaq,135.0,264.0,,,,,,,,,,,False
2025-12-16 13:00:00+05:30,anand_vihar_new_delhi_dpcc,openaq,118.0,233.0,,,,,,,,,,,False
2025-12-16 14:00:00+05:30,anand_vihar_new_delhi_dpcc,openaq,105.0,194.0,,,,,,,,,,,False
2025-12-16 15:00:00+05:30,anand_vihar_new_delhi_dpcc,openaq,93.0,188.0,,,,,,,,,,,False
2025-12-16 16:00:00+05:30,anand_vihar_new_delhi_dpcc,openaq,88.0,185.0,,,,,,,,,,,False
2025-12-16 17:00:00+05:30,anand_vihar_new_delhi_dpcc,openaq,75.8,166.0,,,,,,,,,,,False
2025-12-16 18:00:00+05:30,anand_vihar_new_delhi_dpcc,openaq,126.0,253.0,,,,,,,,,,,False
2025-12-16 19:00:00+05:30,anand_vihar_new_delhi_dpcc,openaq,181.0,338.0,,,,,,,,,,,False
2025-12-16 20:00:00+05:30,anand_vihar_new_delhi_dpcc,openaq,216.0,396.0,,,,,,,,,,,False
2025-12-16 22:00:00+05:30,anand_vihar_new_delhi_dpcc,openaq,265.0,462.0,,,,,,,,,,,False
2025-12-17 01:00:00+05:30,anand_vihar_new_delhi_dpcc,openaq,223.0,306.0,,,,,,,,,,,False
2025-12-17 02:00:00+05:30,anand_vihar_new_delhi_dpcc,openaq,209.0,269.0,,,,,,,,,,,False
2025-12-17 03:00:00+05:30,anand_vihar_new_delhi_dpcc,openaq,196.0,239.0,,,,,,,,,,,False
2025-12-17 04:00:00+05:30,anand_vihar_new_delhi_dpcc,openaq,218.0,261.0,,,,,,,,,,,False
2025-12-17 05:00:00+05:30,anand_vihar_new_delhi_dpcc,openaq,245.0,288.0,,,,,,,,,,,False
2025-12-17 06:00:00+05:30,anand_vihar_new_delhi_dpcc,openaq,241.0,287.0,,,,,,,,,,,False
2025-12-17 07:00:00+05:30,anand_vihar_new_delhi_dpcc,openaq,241.0,328.0,,,,,,,,,,,False
2025-12-17 08:00:00+05:30,anand_vihar_new_delhi_dpcc,openaq,254.0,388.0,,,,,,,,,,,False
2025-12-17 09:00:00+05:30,anand_vihar_new_delhi_dpcc,openaq,251.0,417.0,,,,,,,,,,,False
2025-12-17 10:00:00+05:30,anand_vihar_new_delhi_dpcc,openaq,247.0,556.0,,,,,,,,,,,False
2025-12-17 11:00:00+05:30,anand_vihar_new_delhi_dpcc,openaq,229.0,374.0,,,,,,,,,,,False
2025-12-17 12:00:00+05:30,anand_vihar_new_delhi_dpcc,openaq,197.0,288.0,,,,,,,,,,,False
2025-12-17 13:00:00+05:30,anand_vihar_new_delhi_dpcc,openaq,147.0,250.0,,,,,,,,,,,False
2025-12-17 14:00:00+05:30,anand_vihar_new_delhi_dpcc,openaq,131.0,259.0,,,,,,,,,,,False
2025-12-17 15:00:00+05:30,anand_vihar_new_delhi_dpcc,openaq,153.0,395.0,,,,,,,,,,,False
2025-12-17 16:00:00+05:30,anand_vihar_new_delhi_dpcc,openaq,167.0,684.0,,,,,,,,,,,False
2025-12-17 17:00:00+05:30,anand_vihar_new_delhi_dpcc,openaq,188.0,965.0,,,,,,,,,,,False
2025-12-17 18:00:00+05:30,anand_vihar_new_delhi_dpcc,openaq,172.0,415.0,,,,,,,,,,,False
2025-12-17 19:00:00+05:30,anand_vihar_new_delhi_dpcc,openaq,227.0,535.0,,,,,,,,,,,False
2025-12-17 20:00:00+05:30,anand_vihar_new_delhi_dpcc,openaq,333.0,630.0,,,,,,,,,,,False
2025-12-17 21:00:00+05:30,anand_vihar_new_delhi_dpcc,openaq,454.0,698.0,,,,,,,,,,,False
2025-12-17 22:00:00+05:30,anand_vihar_new_delhi_dpcc,openaq,473.0,660.0,,,,,,,,,,,False
2025-12-17 23:00:00+05:30,anand_vihar_new_delhi_dpcc,openaq,410.0,577.0,,,,,,,,,,,False
2025-12-18 02:00:00+05:30,anand_vihar_new_delhi_dpcc,openaq,422.0,628.0,,,,,,,,,,,False
2025-12-18 03:00:00+05:30,anand_vihar_new_delhi_dpcc,openaq,409.0,624.0,,,,,,,,,,,False
2025-12-18 05:00:00+05:30,anand_vihar_new_delhi_dpcc,openaq,434.0,587.0,,,,,,,,,,,False
2025-12-18 06:00:00+05:30,anand_vihar_new_delhi_dpcc,openaq,309.0,414.0,,,,,,,,,,,False
2025-12-18 07:00:00+05:30,anand_vihar_new_delhi_dpcc,openaq,291.0,396.0,,,,,,,,,,,False
2025-12-18 08:00:00+05:30,anand_vihar_new_delhi_dpcc,openaq,231.0,428.0,,,,,,,,,,,False
2025-12-18 09:00:00+05:30,anand_vihar_new_delhi_dpcc,openaq,234.0,433.0,,,,,,,,,,,False
2025-12-18 10:00:00+05:30,anand_vihar_new_delhi_dpcc,openaq,274.0,447.0,,,,,,,,,,,False
2025-12-18 11:00:00+05:30,anand_vihar_new_delhi_dpcc,openaq,327.0,435.0,,,,,,,,,,,False
2025-12-18 12:00:00+05:30,anand_vihar_new_delhi_dpcc,openaq,332.0,447.0,,,,,,,,,,,False
2025-12-18 13:00:00+05:30,anand_vihar_new_delhi_dpcc,openaq,299.0,468.0,,,,,,,,,,,False
2025-12-18 14:00:00+05:30,anand_vihar_new_delhi_dpcc,openaq,328.0,522.0,,,,,,,,,,,False
2025-12-18 15:00:00+05:30,anand_vihar_new_delhi_dpcc,openaq,310.0,469.0,,,,,,,,,,,False
2025-12-18 16:00:00+05:30,anand_vihar_new_delhi_dpcc,openaq,272.0,491.0,,,,,,,,,,,False
2025-12-18 17:00:00+05:30,anand_vihar_new_delhi_dpcc,openaq,269.0,418.0,,,,,,,,,,,False
2025-12-18 18:00:00+05:30,anand_vihar_new_delhi_dpcc,openaq,280.0,453.0,,,,,,,,,,,False
2025-12-18 19:00:00+05:30,anand_vihar_new_delhi_dpcc,openaq,324.0,521.0,,,,,,,,,,,False
2025-12-18 20:00:00+05:30,anand_vihar_new_delhi_dpcc,openaq,398.0,586.0,,,,,,,,,,,False
2025-12-18 21:00:00+05:30,anand_vihar_new_delhi_dpcc,openaq,456.0,654.0,,,,,,,,,,,False
2025-12-18 22:00:00+05:30,anand_vihar_new_delhi_dpcc,openaq,472.0,682.0,,,,,,,,,,,False
2025-12-19 02:00:00+05:30,anand_vihar_new_delhi_dpcc,openaq,336.0,451.0,,,,,,,,,,,False
2025-12-19 03:00:00+05:30,anand_vihar_new_delhi_dpcc,openaq,291.0,394.0,,,,,,,,,,,False
2025-12-19 04:00:00+05:30,anand_vihar_new_delhi_dpcc,openaq,281.0,384.0,,,,,,,,,,,False
2025-12-19 05:00:00+05:30,anand_vihar_new_delhi_dpcc,openaq,261.0,342.0,,,,,,,,,,,False
2025-12-19 06:00:00+05:30,anand_vihar_new_delhi_dpcc,openaq,216.0,280.0,,,,,,,,,,,False
2025-12-19 07:00:00+05:30,anand_vihar_new_delhi_dpcc,openaq,202.0,268.0,,,,,,,,,,,False
2025-12-19 08:00:00+05:30,anand_vihar_new_delhi_dpcc,openaq,224.0,329.0,,,,,,,,,,,False
2025-12-19 09:00:00+05:30,anand_vihar_new_delhi_dpcc,openaq,265.0,380.0,,,,,,,,,,,False
2025-12-19 10:00:00+05:30,anand_vihar_new_delhi_dpcc,openaq,290.0,437.0,,,,,,,,,,,False
2025-12-19 11:00:00+05:30,anand_vihar_new_delhi_dpcc,openaq,288.0,377.0,,,,,,,,,,,False
2025-12-19 12:00:00+05:30,anand_vihar_new_delhi_dpcc,openaq,275.0,373.0,,,,,,,,,,,False
2025-12-19 13:00:00+05:30,anand_vihar_new_delhi_dpcc,openaq,278.0,404.0,,,,,,,,,,,False
2025-12-19 14:00:00+05:30,anand_vihar_new_delhi_dpcc,openaq,255.0,387.0,,,,,,,,,,,False
2025-12-19 15:00:00+05:30,anand_vihar_new_delhi_dpcc,openaq,177.0,304.0,,,,,,,,,,,False
2025-12-19 16:00:00+05:30,anand_vihar_new_delhi_dpcc,openaq,148.0,301.0,,,,,,,,,,,False
2025-12-19 17:00:00+05:30,anand_vihar_new_delhi_dpcc,openaq,136.0,274.0,,,,,,,,,,,False
2025-12-19 18:00:00+05:30,anand_vihar_new_delhi_dpcc,openaq,167.0,336.0,,,,,,,,,,,False
2025-12-19 19:00:00+05:30,anand_vihar_new_delhi_dpcc,openaq,237.0,500.0,,,,,,,,,,,False
2025-12-19 20:00:00+05:30,anand_vihar_new_delhi_dpcc,openaq,305.0,617.0,,,,,,,,,,,False
2025-12-19 21:00:00+05:30,anand_vihar_new_delhi_dpcc,openaq,345.0,633.0,,,,,,,,,,,False
2025-12-19 22:00:00+05:30,anand_vihar_new_delhi_dpcc,openaq,451.0,744.0,,,,,,,,,,,False
2025-12-19 23:00:00+05:30,anand_vihar_new_delhi_dpcc,openaq,549.0,859.0,,,,,,,,,,,False
2025-12-20 01:00:00+05:30,anand_vihar_new_delhi_dpcc,openaq,545.0,800.0,,,,,,,,,,,False
2025-12-20 02:00:00+05:30,anand_vihar_new_delhi_dpcc,openaq,593.0,845.0,,,,,,,,,,,False
2025-12-20 03:00:00+05:30,anand_vihar_new_delhi_dpcc,openaq,566.0,758.0,,,,,,,,,,,False
2025-12-20 04:00:00+05:30,anand_vihar_new_delhi_dpcc,openaq,516.0,695.0,,,,,,,,,,,False
2025-12-20 05:00:00+05:30,anand_vihar_new_delhi_dpcc,openaq,478.0,660.0,,,,,,,,,,,False
2025-12-20 06:00:00+05:30,anand_vihar_new_delhi_dpcc,openaq,506.0,673.0,,,,,,,,,,,False
2025-12-20 07:00:00+05:30,anand_vihar_new_delhi_dpcc,openaq,457.0,596.0,,,,,,,,,,,False
2025-12-20 08:00:00+05:30,anand_vihar_new_delhi_dpcc,openaq,296.0,381.0,,,,,,,,,,,False
2025-12-20 09:00:00+05:30,anand_vihar_new_delhi_dpcc,openaq,287.0,354.0,,,,,,,,,,,False
2025-12-20 10:00:00+05:30,anand_vihar_new_delhi_dpcc,openaq,297.0,377.0,,,,,,,,,,,False
2025-12-20 11:00:00+05:30,anand_vihar_new_delhi_dpcc,openaq,255.0,305.0,,,,,,,,,,,False
2025-12-20 12:00:00+05:30,anand_vihar_new_delhi_dpcc,openaq,256.0,300.0,,,,,,,,,,,False
2025-12-20 13:00:00+05:30,anand_vihar_new_delhi_dpcc,openaq,259.0,335.0,,,,,,,,,,,False
2025-12-20 14:00:00+05:30,anand_vihar_new_delhi_dpcc,openaq,276.0,373.0,,,,,,,,,,,False
2025-12-20 15:00:00+05:30,anand_vihar_new_delhi_dpcc,openaq,313.0,436.0,,,,,,,,,,,False
2025-12-20 16:00:00+05:30,anand_vihar_new_delhi_dpcc,openaq,334.0,459.0,,,,,,,,,,,False
2025-12-20 17:00:00+05:30,anand_vihar_new_delhi_dpcc,openaq,349.0,482.0,,,,,,,,,,,False
2025-12-20 18:00:00+05:30,anand_vihar_new_delhi_dpcc,openaq,346.0,492.0,,,,,,,,,,,False
2025-12-20 19:00:00+05:30,anand_vihar_new_delhi_dpcc,openaq,369.0,524.0,,,,,,,,,,,False
2025-12-20 20:00:00+05:30,anand_vihar_new_delhi_dpcc,openaq,358.0,506.0,,,,,,,,,,,False
2025-12-20 21:00:00+05:30,anand_vihar_new_delhi_dpcc,openaq,329.0,460.0,,,,,,,,,,,False
2025-12-20 22:00:00+05:30,anand_vihar_new_delhi_dpcc,openaq,357.0,502.0,,,,,,,,,,,False
2025-12-20 23:00:00+05:30,anand_vihar_new_delhi_dpcc,openaq,358.0,517.0,,,,,,,,,,,False
2025-12-21 01:00:00+05:30,anand_vihar_new_delhi_dpcc,openaq,277.0,415.0,,,,,,,,,,,False
2025-12-21 02:00:00+05:30,anand_vihar_new_delhi_dpcc,openaq,281.0,389.0,,,,,,,,,,,False
2025-12-21 03:00:00+05:30,anand_vihar_new_delhi_dpcc,openaq,252.0,345.0,,,,,,,,,,,False
2025-12-21 04:00:00+05:30,anand_vihar_new_delhi_dpcc,openaq,235.0,312.0,,,,,,,,,,,False
2025-12-21 05:00:00+05:30,anand_vihar_new_delhi_dpcc,openaq,225.0,297.0,,,,,,,,,,,False
2025-12-21 06:00:00+05:30,anand_vihar_new_delhi_dpcc,openaq,229.0,293.0,,,,,,,,,,,False
2025-12-21 07:00:00+05:30,anand_vihar_new_delhi_dpcc,openaq,189.0,259.0,,,,,,,,,,,False
2025-12-21 08:00:00+05:30,anand_vihar_new_delhi_dpcc,openaq,220.0,298.0,,,,,,,,,,,False
2025-12-21 09:00:00+05:30,anand_vihar_new_delhi_dpcc,openaq,221.0,298.0,,,,,,,,,,,False
2025-12-21 10:00:00+05:30,anand_vihar_new_delhi_dpcc,openaq,213.0,291.0,,,,,,,,,,,False
2025-12-21 11:00:00+05:30,anand_vihar_new_delhi_dpcc,openaq,214.0,308.0,,,,,,,,,,,False
2025-12-21 12:00:00+05:30,anand_vihar_new_delhi_dpcc,openaq,239.0,337.0,,,,,,,,,,,False
2025-12-21 13:00:00+05:30,anand_vihar_new_delhi_dpcc,openaq,271.0,359.0,,,,,,,,,,,False
2025-12-21 14:00:00+05:30,anand_vihar_new_delhi_dpcc,openaq,290.0,394.0,,,,,,,,,,,False
2025-12-21 15:00:00+05:30,anand_vihar_new_delhi_dpcc,openaq,284.0,413.0,,,,,,,,,,,False
2025-12-21 16:00:00+05:30,anand_vihar_new_delhi_dpcc,openaq,245.0,367.0,,,,,,,,,,,False
2025-12-21 17:00:00+05:30,anand_vihar_new_delhi_dpcc,openaq,225.0,351.0,,,,,,,,,,,False
2025-12-21 18:00:00+05:30,anand_vihar_new_delhi_dpcc,openaq,252.0,366.0,,,,,,,,,,,False
2025-12-21 19:00:00+05:30,anand_vihar_new_delhi_dpcc,openaq,275.0,414.0,,,,,,,,,,,False
2025-12-21 20:00:00+05:30,anand_vihar_new_delhi_dpcc,openaq,319.0,459.0,,,,,,,,,,,False
2025-12-21 21:00:00+05:30,anand_vihar_new_delhi_dpcc,openaq,346.0,508.0,,,,,,,,,,,False
2025-12-21 22:00:00+05:30,anand_vihar_new_delhi_dpcc,openaq,327.0,476.0,,,,,,,,,,,False
2025-12-21 23:00:00+05:30,anand_vihar_new_delhi_dpcc,openaq,279.0,412.0,,,,,,,,,,,False
2025-12-22 01:00:00+05:30,anand_vihar_new_delhi_dpcc,openaq,261.0,381.0,,,,,,,,,,,False
2025-12-22 02:00:00+05:30,anand_vihar_new_delhi_dpcc,openaq,250.0,371.0,,,,,,,,,,,False
2025-12-22 03:00:00+05:30,anand_vihar_new_delhi_dpcc,openaq,247.0,359.0,,,,,,,,,,,False
2025-12-22 04:00:00+05:30,anand_vihar_new_delhi_dpcc,openaq,263.0,386.0,,,,,,,,,,,False
2025-12-22 05:00:00+05:30,anand_vihar_new_delhi_dpcc,openaq,257.0,368.0,,,,,,,,,,,False
2025-12-22 07:00:00+05:30,anand_vihar_new_delhi_dpcc,openaq,240.0,371.0,,,,,,,,,,,False
2025-12-22 08:00:00+05:30,anand_vihar_new_delhi_dpcc,openaq,248.0,368.0,,,,,,,,,,,False
2025-12-22 09:00:00+05:30,anand_vihar_new_delhi_dpcc,openaq,251.0,388.0,,,,,,,,,,,False
2025-12-22 10:00:00+05:30,anand_vihar_new_delhi_dpcc,openaq,267.0,445.0,,,,,,,,,,,False
2025-12-22 11:00:00+05:30,anand_vihar_new_delhi_dpcc,openaq,289.0,423.0,,,,,,,,,,,False
2025-12-22 12:00:00+05:30,anand_vihar_new_delhi_dpcc,openaq,287.0,411.0,,,,,,,,,,,False
2025-12-22 13:00:00+05:30,anand_vihar_new_delhi_dpcc,openaq,301.0,434.0,,,,,,,,,,,False
2025-12-22 14:00:00+05:30,anand_vihar_new_delhi_dpcc,openaq,377.0,581.0,,,,,,,,,,,False
2025-12-22 15:00:00+05:30,anand_vihar_new_delhi_dpcc,openaq,411.0,697.0,,,,,,,,,,,False
2025-12-22 16:00:00+05:30,anand_vihar_new_delhi_dpcc,openaq,403.0,737.0,,,,,,,,,,,False
2025-12-22 17:00:00+05:30,anand_vihar_new_delhi_dpcc,openaq,412.0,732.0,,,,,,,,,,,False
2025-12-22 18:00:00+05:30,anand_vihar_new_delhi_dpcc,openaq,420.0,782.0,,,,,,,,,,,False
2025-12-22 19:00:00+05:30,anand_vihar_new_delhi_dpcc,openaq,405.0,706.0,,,,,,,,,,,False
2025-12-22 20:00:00+05:30,anand_vihar_new_delhi_dpcc,openaq,463.0,760.0,,,,,,,,,,,False
2025-12-22 21:00:00+05:30,anand_vihar_new_delhi_dpcc,openaq,480.0,774.0,,,,,,,,,,,False
2025-12-22 22:00:00+05:30,anand_vihar_new_delhi_dpcc,openaq,499.0,781.0,,,,,,,,,,,False
2025-12-22 23:00:00+05:30,anand_vihar_new_delhi_dpcc,openaq,550.0,818.0,,,,,,,,,,,False
2025-12-23 01:00:00+05:30,anand_vihar_new_delhi_dpcc,openaq,398.0,565.0,,,,,,,,,,,False
2025-12-23 02:00:00+05:30,anand_vihar_new_delhi_dpcc,openaq,402.0,558.0,,,,,,,,,,,False
2025-12-23 03:00:00+05:30,anand_vihar_new_delhi_dpcc,openaq,403.0,556.0,,,,,,,,,,,False
2025-12-23 04:00:00+05:30,anand_vihar_new_delhi_dpcc,openaq,416.0,570.0,,,,,,,,,,,False
2025-12-23 05:00:00+05:30,anand_vihar_new_delhi_dpcc,openaq,366.0,486.0,,,,,,,,,,,False
2025-12-23 06:00:00+05:30,anand_vihar_new_delhi_dpcc,openaq,345.0,460.0,,,,,,,,,,,False
2025-12-23 07:00:00+05:30,anand_vihar_new_delhi_dpcc,openaq,318.0,416.0,,,,,,,,,,,False
2025-12-23 08:00:00+05:30,anand_vihar_new_delhi_dpcc,openaq,272.0,358.0,,,,,,,,,,,False
2025-12-23 09:00:00+05:30,anand_vihar_new_delhi_dpcc,openaq,238.0,312.0,,,,,,,,,,,False
2025-12-23 10:00:00+05:30,anand_vihar_new_delhi_dpcc,openaq,253.0,333.0,,,,,,,,,,,False
2025-12-23 11:00:00+05:30,anand_vihar_new_delhi_dpcc,openaq,258.0,372.0,,,,,,,,,,,False
2025-12-23 12:00:00+05:30,anand_vihar_new_delhi_dpcc,openaq,254.0,386.0,,,,,,,,,,,False
2025-12-23 13:00:00+05:30,anand_vihar_new_delhi_dpcc,openaq,238.0,374.0,,,,,,,,,,,False
2025-12-23 14:00:00+05:30,anand_vihar_new_delhi_dpcc,openaq,234.0,350.0,,,,,,,,,,,False
2025-12-23 15:00:00+05:30,anand_vihar_new_delhi_dpcc,openaq,195.0,305.0,,,,,,,,,,,False
2025-12-23 16:00:00+05:30,anand_vihar_new_delhi_dpcc,openaq,161.0,295.0,,,,,,,,,,,False
2025-12-23 17:00:00+05:30,anand_vihar_new_delhi_dpcc,openaq,166.0,346.0,,,,,,,,,,,False
2025-12-23 18:00:00+05:30,anand_vihar_new_delhi_dpcc,openaq,186.0,405.0,,,,,,,,,,,False
2025-12-23 19:00:00+05:30,anand_vihar_new_delhi_dpcc,openaq,217.0,403.0,,,,,,,,,,,False
2025-12-23 20:00:00+05:30,anand_vihar_new_delhi_dpcc,openaq,296.0,481.0,,,,,,,,,,,False
2025-12-23 21:00:00+05:30,anand_vihar_new_delhi_dpcc,openaq,323.0,426.0,,,,,,,,,,,False
2025-12-23 22:00:00+05:30,anand_vihar_new_delhi_dpcc,openaq,279.0,380.0,,,,,,,,,,,False
2025-12-23 23:00:00+05:30,anand_vihar_new_delhi_dpcc,openaq,255.0,354.0,,,,,,,,,,,False
2025-12-24 01:00:00+05:30,anand_vihar_new_delhi_dpcc,openaq,174.0,228.0,,,,,,,,,,,False
2025-12-24 02:00:00+05:30,anand_vihar_new_delhi_dpcc,openaq,159.0,196.0,,,,,,,,,,,False
2025-12-24 03:00:00+05:30,anand_vihar_new_delhi_dpcc,openaq,148.0,183.0,,,,,,,,,,,False
2025-12-24 04:00:00+05:30,anand_vihar_new_delhi_dpcc,openaq,131.0,160.0,,,,,,,,,,,False
2025-12-24 05:00:00+05:30,anand_vihar_new_delhi_dpcc,openaq,115.0,147.0,,,,,,,,,,,False
2025-12-24 06:00:00+05:30,anand_vihar_new_delhi_dpcc,openaq,130.0,168.0,,,,,,,,,,,False
2025-12-24 07:00:00+05:30,anand_vihar_new_delhi_dpcc,openaq,125.0,171.0,,,,,,,,,,,False
2025-12-24 08:00:00+05:30,anand_vihar_new_delhi_dpcc,openaq,129.0,292.0,,,,,,,,,,,False
2025-12-24 09:00:00+05:30,anand_vihar_new_delhi_dpcc,openaq,145.0,531.0,,,,,,,,,,,False
2025-12-24 10:00:00+05:30,anand_vihar_new_delhi_dpcc,openaq,140.0,230.0,,,,,,,,,,,False
2025-12-24 12:00:00+05:30,anand_vihar_new_delhi_dpcc,openaq,67.7,178.0,,,,,,,,,,,False
2025-12-24 15:00:00+05:30,anand_vihar_new_delhi_dpcc,openaq,23.0,138.0,,,,,,,,,,,False
2025-12-24 16:00:00+05:30,anand_vihar_new_delhi_dpcc,openaq,43.8,176.0,,,,,,,,,,,False
2025-12-24 17:00:00+05:30,anand_vihar_new_delhi_dpcc,openaq,51.0,239.0,,,,,,,,,,,False
2025-12-24 18:00:00+05:30,anand_vihar_new_delhi_dpcc,openaq,84.5,338.0,,,,,,,,,,,False
2025-12-24 19:00:00+05:30,anand_vihar_new_delhi_dpcc,openaq,131.0,429.0,,,,,,,,,,,False
2025-12-24 20:00:00+05:30,anand_vihar_new_delhi_dpcc,openaq,189.0,520.0,,,,,,,,,,,False
2025-12-24 21:00:00+05:30,anand_vihar_new_delhi_dpcc,openaq,227.0,593.0,,,,,,,,,,,False
2025-12-24 22:00:00+05:30,anand_vihar_new_delhi_dpcc,openaq,272.0,735.0,,,,,,,,,,,False
2025-12-24 23:00:00+05:30,anand_vihar_new_delhi_dpcc,openaq,288.0,817.0,,,,,,,,,,,False
2025-12-25 01:00:00+05:30,anand_vihar_new_delhi_dpcc,openaq,234.0,532.0,,,,,,,,,,,False
2025-12-25 02:00:00+05:30,anand_vihar_new_delhi_dpcc,openaq,240.0,416.0,,,,,,,,,,,False
2025-12-25 03:00:00+05:30,anand_vihar_new_delhi_dpcc,openaq,233.0,402.0,,,,,,,,,,,False
2025-12-25 04:00:00+05:30,anand_vihar_new_delhi_dpcc,openaq,210.0,345.0,,,,,,,,,,,False
2025-12-25 06:00:00+05:30,anand_vihar_new_delhi_dpcc,openaq,175.0,301.0,,,,,,,,,,,False
2025-12-25 07:00:00+05:30,anand_vihar_new_delhi_dpcc,openaq,150.0,358.0,,,,,,,,,,,False
2025-12-25 08:00:00+05:30,anand_vihar_new_delhi_dpcc,openaq,134.0,431.0,,,,,,,,,,,False
2025-12-25 09:00:00+05:30,anand_vihar_new_delhi_dpcc,openaq,139.0,366.0,,,,,,,,,,,False
2025-12-25 10:00:00+05:30,anand_vihar_new_delhi_dpcc,openaq,142.0,420.0,,,,,,,,,,,False
2025-12-25 11:00:00+05:30,anand_vihar_new_delhi_dpcc,openaq,105.0,202.0,,,,,,,,,,,False
2025-12-25 12:00:00+05:30,anand_vihar_new_delhi_dpcc,openaq,121.0,223.0,,,,,,,,,,,False
2025-12-25 13:00:00+05:30,anand_vihar_new_delhi_dpcc,openaq,125.0,259.0,,,,,,,,,,,False
2025-12-25 15:00:00+05:30,anand_vihar_new_delhi_dpcc,openaq,121.0,284.0,,,,,,,,,,,False
2025-12-25 16:00:00+05:30,anand_vihar_new_delhi_dpcc,openaq,102.0,274.0,,,,,,,,,,,False
2025-12-25 17:00:00+05:30,anand_vihar_new_delhi_dpcc,openaq,96.3,359.0,,,,,,,,,,,False
2025-12-25 18:00:00+05:30,anand_vihar_new_delhi_dpcc,openaq,128.0,527.0,,,,,,,,,,,False
2025-12-25 19:00:00+05:30,anand_vihar_new_delhi_dpcc,openaq,191.0,516.0,,,,,,,,,,,False
2025-12-25 20:00:00+05:30,anand_vihar_new_delhi_dpcc,openaq,335.0,690.0,,,,,,,,,,,False
2025-12-25 21:00:00+05:30,anand_vihar_new_delhi_dpcc,openaq,441.0,835.0,,,,,,,,,,,False
2025-12-25 22:00:00+05:30,anand_vihar_new_delhi_dpcc,openaq,524.0,907.0,,,,,,,,,,,False
2025-12-26 01:00:00+05:30,anand_vihar_new_delhi_dpcc,openaq,525.0,796.0,,,,,,,,,,,False
2025-12-26 02:00:00+05:30,anand_vihar_new_delhi_dpcc,openaq,519.0,742.0,,,,,,,,,,,False
2025-12-26 03:00:00+05:30,anand_vihar_new_delhi_dpcc,openaq,552.0,764.0,,,,,,,,,,,False
2025-12-26 04:00:00+05:30,anand_vihar_new_delhi_dpcc,openaq,521.0,704.0,,,,,,,,,,,False
2025-12-26 05:00:00+05:30,anand_vihar_new_delhi_dpcc,openaq,504.0,692.0,,,,,,,,,,,False
2025-12-26 06:00:00+05:30,anand_vihar_new_delhi_dpcc,openaq,465.0,660.0,,,,,,,,,,,False
2025-12-26 07:00:00+05:30,anand_vihar_new_delhi_dpcc,openaq,386.0,538.0,,,,,,,,,,,False
2025-12-26 08:00:00+05:30,anand_vihar_new_delhi_dpcc,openaq,286.0,438.0,,,,,,,,,,,False
2025-12-26 09:00:00+05:30,anand_vihar_new_delhi_dpcc,openaq,227.0,358.0,,,,,,,,,,,False
2025-12-26 10:00:00+05:30,anand_vihar_new_delhi_dpcc,openaq,150.0,397.0,,,,,,,,,,,False
2025-12-26 11:00:00+05:30,anand_vihar_new_delhi_dpcc,openaq,152.0,292.0,,,,,,,,,,,False
2025-12-26 12:00:00+05:30,anand_vihar_new_delhi_dpcc,openaq,171.0,326.0,,,,,,,,,,,False
2025-12-26 13:00:00+05:30,anand_vihar_new_delhi_dpcc,openaq,134.0,237.0,,,,,,,,,,,False
2025-12-26 14:00:00+05:30,anand_vihar_new_delhi_dpcc,openaq,113.0,186.0,,,,,,,,,,,False
2025-12-26 15:00:00+05:30,anand_vihar_new_delhi_dpcc,openaq,118.0,188.0,,,,,,,,,,,False
2025-12-26 16:00:00+05:30,anand_vihar_new_delhi_dpcc,openaq,108.0,181.0,,,,,,,,,,,False
2025-12-26 17:00:00+05:30,anand_vihar_new_delhi_dpcc,openaq,115.0,213.0,,,,,,,,,,,False
2025-12-26 18:00:00+05:30,anand_vihar_new_delhi_dpcc,openaq,195.0,310.0,,,,,,,,,,,False
2025-12-26 19:00:00+05:30,anand_vihar_new_delhi_dpcc,openaq,258.0,396.0,,,,,,,,,,,False
2025-12-26 20:00:00+05:30,anand_vihar_new_delhi_dpcc,openaq,367.0,564.0,,,,,,,,,,,False
2025-12-26 21:00:00+05:30,anand_vihar_new_delhi_dpcc,openaq,514.0,708.0,,,,,,,,,,,False
2025-12-26 22:00:00+05:30,anand_vihar_new_delhi_dpcc,openaq,599.0,766.0,,,,,,,,,,,False
2025-12-26 23:00:00+05:30,anand_vihar_new_delhi_dpcc,openaq,594.0,754.0,,,,,,,,,,,False
2025-12-27 01:00:00+05:30,anand_vihar_new_delhi_dpcc,openaq,455.0,637.0,,,,,,,,,,,False
2025-12-27 04:00:00+05:30,anand_vihar_new_delhi_dpcc,openaq,416.0,531.0,,,,,,,,,,,False
2025-12-27 05:00:00+05:30,anand_vihar_new_delhi_dpcc,openaq,499.0,630.0,,,,,,,,,,,False
2025-12-27 07:00:00+05:30,anand_vihar_new_delhi_dpcc,openaq,437.0,572.0,,,,,,,,,,,False
2025-12-27 08:00:00+05:30,anand_vihar_new_delhi_dpcc,openaq,351.0,495.0,,,,,,,,,,,False
2025-12-27 09:00:00+05:30,anand_vihar_new_delhi_dpcc,openaq,343.0,455.0,,,,,,,,,,,False
2025-12-27 10:00:00+05:30,anand_vihar_new_delhi_dpcc,openaq,356.0,481.0,,,,,,,,,,,False
2025-12-27 11:00:00+05:30,anand_vihar_new_delhi_dpcc,openaq,335.0,479.0,,,,,,,,,,,False
2025-12-27 12:00:00+05:30,anand_vihar_new_delhi_dpcc,openaq,253.0,360.0,,,,,,,,,,,False
2025-12-27 13:00:00+05:30,anand_vihar_new_delhi_dpcc,openaq,230.0,344.0,,,,,,,,,,,False
2025-12-27 14:00:00+05:30,anand_vihar_new_delhi_dpcc,openaq,218.0,342.0,,,,,,,,,,,False
2025-12-27 15:00:00+05:30,anand_vihar_new_delhi_dpcc,openaq,188.0,319.0,,,,,,,,,,,False
2025-12-27 16:00:00+05:30,anand_vihar_new_delhi_dpcc,openaq,171.0,346.0,,,,,,,,,,,False
2025-12-27 17:00:00+05:30,anand_vihar_new_delhi_dpcc,openaq,167.0,364.0,,,,,,,,,,,False
2025-12-27 18:00:00+05:30,anand_vihar_new_delhi_dpcc,openaq,227.0,529.0,,,,,,,,,,,False
2025-12-27 19:00:00+05:30,anand_vihar_new_delhi_dpcc,openaq,285.0,605.0,,,,,,,,,,,False
2025-12-27 20:00:00+05:30,anand_vihar_new_delhi_dpcc,openaq,336.0,623.0,,,,,,,,,,,False
2025-12-27 21:00:00+05:30,anand_vihar_new_delhi_dpcc,openaq,376.0,637.0,,,,,,,,,,,False
2025-12-27 23:00:00+05:30,anand_vihar_new_delhi_dpcc,openaq,379.0,737.0,,,,,,,,,,,False
2025-12-28 01:00:00+05:30,anand_vihar_new_delhi_dpcc,openaq,473.0,731.0,,,,,,,,,,,False
2025-12-28 02:00:00+05:30,anand_vihar_new_delhi_dpcc,openaq,501.0,744.0,,,,,,,,,,,False
2025-12-28 03:00:00+05:30,anand_vihar_new_delhi_dpcc,openaq,480.0,694.0,,,,,,,,,,,False
2025-12-28 04:00:00+05:30,anand_vihar_new_delhi_dpcc,openaq,494.0,698.0,,,,,,,,,,,False
2025-12-28 05:00:00+05:30,anand_vihar_new_delhi_dpcc,openaq,465.0,638.0,,,,,,,,,,,False
2025-12-28 06:00:00+05:30,anand_vihar_new_delhi_dpcc,openaq,455.0,611.0,,,,,,,,,,,False
2025-12-28 07:00:00+05:30,anand_vihar_new_delhi_dpcc,openaq,397.0,535.0,,,,,,,,,,,False
2025-12-28 08:00:00+05:30,anand_vihar_new_delhi_dpcc,openaq,336.0,469.0,,,,,,,,,,,False
2025-12-28 09:00:00+05:30,anand_vihar_new_delhi_dpcc,openaq,328.0,495.0,,,,,,,,,,,False
2025-12-28 10:00:00+05:30,anand_vihar_new_delhi_dpcc,openaq,349.0,714.0,,,,,,,,,,,False
2025-12-28 11:00:00+05:30,anand_vihar_new_delhi_dpcc,openaq,319.0,454.0,,,,,,,,,,,False
2025-12-28 12:00:00+05:30,anand_vihar_new_delhi_dpcc,openaq,287.0,431.0,,,,,,,,,,,False
2025-12-28 13:00:00+05:30,anand_vihar_new_delhi_dpcc,openaq,294.0,459.0,,,,,,,,,,,False
2025-12-28 14:00:00+05:30,anand_vihar_new_delhi_dpcc,openaq,281.0,441.0,,,,,,,,,,,False
2025-12-28 15:00:00+05:30,anand_vihar_new_delhi_dpcc,openaq,238.0,392.0,,,,,,,,,,,False
2025-12-28 18:00:00+05:30,anand_vihar_new_delhi_dpcc,openaq,327.0,567.0,,,,,,,,,,,False
2025-12-28 19:00:00+05:30,anand_vihar_new_delhi_dpcc,openaq,345.0,511.0,,,,,,,,,,,False
2025-12-28 20:00:00+05:30,anand_vihar_new_delhi_dpcc,openaq,377.0,552.0,,,,,,,,,,,False
2025-12-28 21:00:00+05:30,anand_vihar_new_delhi_dpcc,openaq,394.0,600.0,,,,,,,,,,,False
2025-12-28 22:00:00+05:30,anand_vihar_new_delhi_dpcc,openaq,394.0,596.0,,,,,,,,,,,False
2025-12-28 23:00:00+05:30,anand_vihar_new_delhi_dpcc,openaq,491.0,690.0,,,,,,,,,,,False
2025-12-29 01:00:00+05:30,anand_vihar_new_delhi_dpcc,openaq,521.0,678.0,,,,,,,,,,,False
2025-12-29 02:00:00+05:30,anand_vihar_new_delhi_dpcc,openaq,471.0,571.0,,,,,,,,,,,False
2025-12-29 03:00:00+05:30,anand_vihar_new_delhi_dpcc,openaq,442.0,528.0,,,,,,,,,,,False
2025-12-29 04:00:00+05:30,anand_vihar_new_delhi_dpcc,openaq,376.0,467.0,,,,,,,,,,,False
2025-12-29 05:00:00+05:30,anand_vihar_new_delhi_dpcc,openaq,299.0,355.0,,,,,,,,,,,False
2025-12-29 06:00:00+05:30,anand_vihar_new_delhi_dpcc,openaq,312.0,376.0,,,,,,,,,,,False
2025-12-29 07:00:00+05:30,anand_vihar_new_delhi_dpcc,openaq,343.0,436.0,,,,,,,,,,,False
2025-12-29 08:00:00+05:30,anand_vihar_new_delhi_dpcc,openaq,341.0,451.0,,,,,,,,,,,False
2025-12-29 09:00:00+05:30,anand_vihar_new_delhi_dpcc,openaq,326.0,484.0,,,,,,,,,,,False
2025-12-29 10:00:00+05:30,anand_vihar_new_delhi_dpcc,openaq,317.0,541.0,,,,,,,,,,,False
2025-12-29 11:00:00+05:30,anand_vihar_new_delhi_dpcc,openaq,301.0,478.0,,,,,,,,,,,False
2025-12-29 13:00:00+05:30,anand_vihar_new_delhi_dpcc,openaq,278.0,340.0,,,,,,,,,,,False
2025-12-29 14:00:00+05:30,anand_vihar_new_delhi_dpcc,openaq,267.0,340.0,,,,,,,,,,,False
2025-12-29 15:00:00+05:30,anand_vihar_new_delhi_dpcc,openaq,266.0,354.0,,,,,,,,,,,False
2025-12-29 16:00:00+05:30,anand_vihar_new_delhi_dpcc,openaq,284.0,418.0,,,,,,,,,,,False
2025-12-29 17:00:00+05:30,anand_vihar_new_delhi_dpcc,openaq,297.0,442.0,,,,,,,,,,,False
2025-12-29 18:00:00+05:30,anand_vihar_new_delhi_dpcc,openaq,337.0,565.0,,,,,,,,,,,False
2025-12-29 19:00:00+05:30,anand_vihar_new_delhi_dpcc,openaq,379.0,614.0,,,,,,,,,,,False
2025-12-29 20:00:00+05:30,anand_vihar_new_delhi_dpcc,openaq,375.0,585.0,,,,,,,,,,,False
2025-12-29 21:00:00+05:30,anand_vihar_new_delhi_dpcc,openaq,345.0,555.0,,,,,,,,,,,False
2025-12-29 22:00:00+05:30,anand_vihar_new_delhi_dpcc,openaq,384.0,557.0,,,,,,,,,,,False
2025-12-29 23:00:00+05:30,anand_vihar_new_delhi_dpcc,openaq,445.0,578.0,,,,,,,,,,,False
2025-12-30 02:00:00+05:30,anand_vihar_new_delhi_dpcc,openaq,387.0,502.0,,,,,,,,,,,False
2025-12-30 03:00:00+05:30,anand_vihar_new_delhi_dpcc,openaq,374.0,472.0,,,,,,,,,,,False
2025-12-30 04:00:00+05:30,anand_vihar_new_delhi_dpcc,openaq,323.0,421.0,,,,,,,,,,,False
2025-12-30 05:00:00+05:30,anand_vihar_new_delhi_dpcc,openaq,308.0,395.0,,,,,,,,,,,False
2025-12-30 06:00:00+05:30,anand_vihar_new_delhi_dpcc,openaq,337.0,431.0,,,,,,,,,,,False
2025-12-30 07:00:00+05:30,anand_vihar_new_delhi_dpcc,openaq,329.0,445.0,,,,,,,,,,,False
2025-12-30 09:00:00+05:30,anand_vihar_new_delhi_dpcc,openaq,318.0,467.0,,,,,,,,,,,False
2025-12-30 10:00:00+05:30,anand_vihar_new_delhi_dpcc,openaq,331.0,482.0,,,,,,,,,,,False
2025-12-30 11:00:00+05:30,anand_vihar_new_delhi_dpcc,openaq,339.0,439.0,,,,,,,,,,,False
2025-12-30 12:00:00+05:30,anand_vihar_new_delhi_dpcc,openaq,351.0,462.0,,,,,,,,,,,False
2025-12-30 15:00:00+05:30,anand_vihar_new_delhi_dpcc,openaq,318.0,464.0,,,,,,,,,,,False
2025-12-30 16:00:00+05:30,anand_vihar_new_delhi_dpcc,openaq,193.0,370.0,,,,,,,,,,,False
2025-12-30 17:00:00+05:30,anand_vihar_new_delhi_dpcc,openaq,176.0,437.0,,,,,,,,,,,False
2025-12-30 18:00:00+05:30,anand_vihar_new_delhi_dpcc,openaq,213.0,548.0,,,,,,,,,,,False
2025-12-30 19:00:00+05:30,anand_vihar_new_delhi_dpcc,openaq,328.0,607.0,,,,,,,,,,,False
2025-12-30 20:00:00+05:30,anand_vihar_new_delhi_dpcc,openaq,514.0,779.0,,,,,,,,,,,False
2025-12-30 21:00:00+05:30,anand_vihar_new_delhi_dpcc,openaq,532.0,741.0,,,,,,,,,,,False
2025-12-30 23:00:00+05:30,anand_vihar_new_delhi_dpcc,openaq,606.0,823.0,,,,,,,,,,,False
2025-12-31 01:00:00+05:30,anand_vihar_new_delhi_dpcc,openaq,448.0,616.0,,,,,,,,,,,False
2025-12-31 02:00:00+05:30,anand_vihar_new_delhi_dpcc,openaq,376.0,484.0,,,,,,,,,,,False
2025-12-31 03:00:00+05:30,anand_vihar_new_delhi_dpcc,openaq,375.0,469.0,,,,,,,,,,,False
2025-12-31 04:00:00+05:30,anand_vihar_new_delhi_dpcc,openaq,322.0,402.0,,,,,,,,,,,False
2025-12-31 05:00:00+05:30,anand_vihar_new_delhi_dpcc,openaq,305.0,395.0,,,,,,,,,,,False
2025-12-31 06:00:00+05:30,anand_vihar_new_delhi_dpcc,openaq,311.0,431.0,,,,,,,,,,,False
2025-12-31 07:00:00+05:30,anand_vihar_new_delhi_dpcc,openaq,292.0,386.0,,,,,,,,,,,False
2025-12-31 08:00:00+05:30,anand_vihar_new_delhi_dpcc,openaq,203.0,249.0,,,,,,,,,,,False
2025-12-31 09:00:00+05:30,anand_vihar_new_delhi_dpcc,openaq,203.0,258.0,,,,,,,,,,,False
2025-12-31 10:00:00+05:30,anand_vihar_new_delhi_dpcc,openaq,209.0,273.0,,,,,,,,,,,False
2025-12-31 11:00:00+05:30,anand_vihar_new_delhi_dpcc,openaq,187.0,236.0,,,,,,,,,,,False
2025-12-31 12:00:00+05:30,anand_vihar_new_delhi_dpcc,openaq,203.0,258.0,,,,,,,,,,,False
2025-12-31 13:00:00+05:30,anand_vihar_new_delhi_dpcc,openaq,229.0,287.0,,,,,,,,,,,False
2025-12-31 14:00:00+05:30,anand_vihar_new_delhi_dpcc,openaq,243.0,304.0,,,,,,,,,,,False
2025-12-31 15:00:00+05:30,anand_vihar_new_delhi_dpcc,openaq,265.0,333.0,,,,,,,,,,,False
2025-12-31 16:00:00+05:30,anand_vihar_new_delhi_dpcc,openaq,282.0,358.0,,,,,,,,,,,False
2025-12-31 17:00:00+05:30,anand_vihar_new_delhi_dpcc,openaq,306.0,406.0,,,,,,,,,,,False
2025-12-31 18:00:00+05:30,anand_vihar_new_delhi_dpcc,openaq,342.0,453.0,,,,,,,,,,,False
2025-12-31 19:00:00+05:30,anand_vihar_new_delhi_dpcc,openaq,421.0,542.0,,,,,,,,,,,False
2025-12-31 20:00:00+05:30,anand_vihar_new_delhi_dpcc,openaq,410.0,549.0,,,,,,,,,,,False
2025-12-31 21:00:00+05:30,anand_vihar_new_delhi_dpcc,openaq,373.0,480.0,,,,,,,,,,,False
2025-12-31 22:00:00+05:30,anand_vihar_new_delhi_dpcc,openaq,396.0,502.0,,,,,,,,,,,False
2026-01-01 01:00:00+05:30,anand_vihar_new_delhi_dpcc,openaq,325.0,406.0,,,,,,,,,,,False
2026-01-01 02:00:00+05:30,anand_vihar_new_delhi_dpcc,openaq,271.0,349.0,,,,,,,,,,,False
2026-01-01 03:00:00+05:30,anand_vihar_new_delhi_dpcc,openaq,264.0,354.0,,,,,,,,,,,False
2026-01-01 04:00:00+05:30,anand_vihar_new_delhi_dpcc,openaq,249.0,336.0,,,,,,,,,,,False
2026-01-01 05:00:00+05:30,anand_vihar_new_delhi_dpcc,openaq,248.0,334.0,,,,,,,,,,,False
2026-01-01 06:00:00+05:30,anand_vihar_new_delhi_dpcc,openaq,234.0,304.0,,,,,,,,,,,False
2026-01-01 07:00:00+05:30,anand_vihar_new_delhi_dpcc,openaq,222.0,291.0,,,,,,,,,,,False
2026-01-01 08:00:00+05:30,anand_vihar_new_delhi_dpcc,openaq,235.0,318.0,,,,,,,,,,,False
2026-01-01 10:00:00+05:30,anand_vihar_new_delhi_dpcc,openaq,236.0,294.0,,,,,,,,,,,False
2026-01-01 11:00:00+05:30,anand_vihar_new_delhi_dpcc,openaq,238.0,283.0,,,,,,,,,,,False
2026-01-01 12:00:00+05:30,anand_vihar_new_delhi_dpcc,openaq,233.0,281.0,,,,,,,,,,,False
2026-01-01 13:00:00+05:30,anand_vihar_new_delhi_dpcc,openaq,237.0,295.0,,,,,,,,,,,False
2026-01-01 14:00:00+05:30,anand_vihar_new_delhi_dpcc,openaq,234.0,304.0,,,,,,,,,,,False
2026-01-01 15:00:00+05:30,anand_vihar_new_delhi_dpcc,openaq,251.0,335.0,,,,,,,,,,,False
2026-01-01 16:00:00+05:30,anand_vihar_new_delhi_dpcc,openaq,242.0,369.0,,,,,,,,,,,False
2026-01-01 17:00:00+05:30,anand_vihar_new_delhi_dpcc,openaq,242.0,418.0,,,,,,,,,,,False
2026-01-01 18:00:00+05:30,anand_vihar_new_delhi_dpcc,openaq,283.0,505.0,,,,,,,,,,,False
2026-01-01 19:00:00+05:30,anand_vihar_new_delhi_dpcc,openaq,345.0,590.0,,,,,,,,,,,False
2026-01-01 20:00:00+05:30,anand_vihar_new_delhi_dpcc,openaq,333.0,531.0,,,,,,,,,,,False
2026-01-01 21:00:00+05:30,anand_vihar_new_delhi_dpcc,openaq,287.0,423.0,,,,,,,,,,,False
2026-01-01 22:00:00+05:30,anand_vihar_new_delhi_dpcc,openaq,263.0,381.0,,,,,,,,,,,False
2026-01-02 01:00:00+05:30,anand_vihar_new_delhi_dpcc,openaq,145.0,205.0,,,,,,,,,,,False
2026-01-02 02:00:00+05:30,anand_vihar_new_delhi_dpcc,openaq,78.8,124.0,,,,,,,,,,,False
2026-01-02 03:00:00+05:30,anand_vihar_new_delhi_dpcc,openaq,82.3,109.0,,,,,,,,,,,False
2026-01-02 04:00:00+05:30,anand_vihar_new_delhi_dpcc,openaq,97.5,135.0,,,,,,,,,,,False
2026-01-02 05:00:00+05:30,anand_vihar_new_delhi_dpcc,openaq,101.0,142.0,,,,,,,,,,,False
2026-01-02 06:00:00+05:30,anand_vihar_new_delhi_dpcc,openaq,89.0,141.0,,,,,,,,,,,False
2026-01-02 07:00:00+05:30,anand_vihar_new_delhi_dpcc,openaq,101.0,163.0,,,,,,,,,,,False
2026-01-02 08:00:00+05:30,anand_vihar_new_delhi_dpcc,openaq,109.0,169.0,,,,,,,,,,,False
2026-01-02 09:00:00+05:30,anand_vihar_new_delhi_dpcc,openaq,93.3,176.0,,,,,,,,,,,False
2026-01-02 10:00:00+05:30,anand_vihar_new_delhi_dpcc,openaq,74.5,153.0,,,,,,,,,,,False
2026-01-02 11:00:00+05:30,anand_vihar_new_delhi_dpcc,openaq,81.7,142.0,,,,,,,,,,,False
2026-01-02 12:00:00+05:30,anand_vihar_new_delhi_dpcc,openaq,76.0,120.0,,,,,,,,,,,False
2026-01-02 13:00:00+05:30,anand_vihar_new_delhi_dpcc,openaq,98.5,188.0,,,,,,,,,,,False
2026-01-02 18:00:00+05:30,anand_vihar_new_delhi_dpcc,openaq,117.0,162.0,,,,,,,,,,,False
2026-01-02 19:00:00+05:30,anand_vihar_new_delhi_dpcc,openaq,116.0,161.0,,,,,,,,,,,False
2026-01-02 20:00:00+05:30,anand_vihar_new_delhi_dpcc,openaq,157.0,256.0,,,,,,,,,,,False
2026-01-02 21:00:00+05:30,anand_vihar_new_delhi_dpcc,openaq,217.0,430.0,,,,,,,,,,,False
2026-01-02 22:00:00+05:30,anand_vihar_new_delhi_dpcc,openaq,137.0,263.0,,,,,,,,,,,False
2026-01-02 23:00:00+05:30,anand_vihar_new_delhi_dpcc,openaq,151.0,447.0,,,,,,,,,,,False
2026-01-03 02:00:00+05:30,anand_vihar_new_delhi_dpcc,openaq,210.0,300.0,,,,,,,,,,,False
2026-01-03 03:00:00+05:30,anand_vihar_new_delhi_dpcc,openaq,190.0,296.0,,,,,,,,,,,False
2026-01-03 04:00:00+05:30,anand_vihar_new_delhi_dpcc,openaq,183.0,267.0,,,,,,,,,,,False
2026-01-03 05:00:00+05:30,anand_vihar_new_delhi_dpcc,openaq,177.0,258.0,,,,,,,,,,,False
2026-01-03 06:00:00+05:30,anand_vihar_new_delhi_dpcc,openaq,167.0,257.0,,,,,,,,,,,False
2026-01-03 07:00:00+05:30,anand_vihar_new_delhi_dpcc,openaq,186.0,345.0,,,,,,,,,,,False
2026-01-03 08:00:00+05:30,anand_vihar_new_delhi_dpcc,openaq,148.0,460.0,,,,,,,,,,,False
2026-01-03 09:00:00+05:30,anand_vihar_new_delhi_dpcc,openaq,133.0,326.0,,,,,,,,,,,False
2026-01-03 10:00:00+05:30,anand_vihar_new_delhi_dpcc,openaq,116.0,337.0,,,,,,,,,,,False
2026-01-03 11:00:00+05:30,anand_vihar_new_delhi_dpcc,openaq,115.0,295.0,,,,,,,,,,,False
2026-01-03 14:00:00+05:30,anand_vihar_new_delhi_dpcc,openaq,141.0,246.0,,,,,,,,,,,False
2026-01-03 15:00:00+05:30,anand_vihar_new_delhi_dpcc,openaq,143.0,271.0,,,,,,,,,,,False
2026-01-03 16:00:00+05:30,anand_vihar_new_delhi_dpcc,openaq,132.0,271.0,,,,,,,,,,,False
2026-01-03 17:00:00+05:30,anand_vihar_new_delhi_dpcc,openaq,164.0,410.0,,,,,,,,,,,False
2026-01-03 18:00:00+05:30,anand_vihar_new_delhi_dpcc,openaq,176.0,421.0,,,,,,,,,,,False
2026-01-03 19:00:00+05:30,anand_vihar_new_delhi_dpcc,openaq,192.0,432.0,,,,,,,,,,,False
2026-01-03 20:00:00+05:30,anand_vihar_new_delhi_dpcc,openaq,230.0,433.0,,,,,,,,,,,False
2026-01-03 21:00:00+05:30,anand_vihar_new_delhi_dpcc,openaq,254.0,454.0,,,,,,,,,,,False
2026-01-03 23:00:00+05:30,anand_vihar_new_delhi_dpcc,openaq,238.0,460.0,,,,,,,,,,,False
2026-01-04 01:00:00+05:30,anand_vihar_new_delhi_dpcc,openaq,212.0,382.0,,,,,,,,,,,False
2026-01-04 02:00:00+05:30,anand_vihar_new_delhi_dpcc,openaq,208.0,332.0,,,,,,,,,,,False
2026-01-04 03:00:00+05:30,anand_vihar_new_delhi_dpcc,openaq,241.0,368.0,,,,,,,,,,,False
2026-01-04 04:00:00+05:30,anand_vihar_new_delhi_dpcc,openaq,228.0,361.0,,,,,,,,,,,False
2026-01-04 05:00:00+05:30,anand_vihar_new_delhi_dpcc,openaq,209.0,327.0,,,,,,,,,,,False
2026-01-04 06:00:00+05:30,anand_vihar_new_delhi_dpcc,openaq,186.0,306.0,,,,,,,,,,,False
2026-01-04 07:00:00+05:30,anand_vihar_new_delhi_dpcc,openaq,186.0,320.0,,,,,,,,,,,False
2026-01-04 08:00:00+05:30,anand_vihar_new_delhi_dpcc,openaq,181.0,367.0,,,,,,,,,,,False
2026-01-04 10:00:00+05:30,anand_vihar_new_delhi_dpcc,openaq,194.0,395.0,,,,,,,,,,,False
2026-01-04 11:00:00+05:30,anand_vihar_new_delhi_dpcc,openaq,182.0,303.0,,,,,,,,,,,False
2026-01-04 12:00:00+05:30,anand_vihar_new_delhi_dpcc,openaq,153.0,306.0,,,,,,,,,,,False
2026-01-04 13:00:00+05:30,anand_vihar_new_delhi_dpcc,openaq,132.0,222.0,,,,,,,,,,,False
2026-01-04 14:00:00+05:30,anand_vihar_new_delhi_dpcc,openaq,158.0,265.0,,,,,,,,,,,False
2026-01-04 15:00:00+05:30,anand_vihar_new_delhi_dpcc,openaq,167.0,268.0,,,,,,,,,,,False
2026-01-04 16:00:00+05:30,anand_vihar_new_delhi_dpcc,openaq,164.0,290.0,,,,,,,,,,,False
2026-01-04 17:00:00+05:30,anand_vihar_new_delhi_dpcc,openaq,170.0,319.0,,,,,,,,,,,False
2026-01-04 18:00:00+05:30,anand_vihar_new_delhi_dpcc,openaq,173.0,335.0,,,,,,,,,,,False
2026-01-04 19:00:00+05:30,anand_vihar_new_delhi_dpcc,openaq,146.0,259.0,,,,,,,,,,,False
2026-01-04 20:00:00+05:30,anand_vihar_new_delhi_dpcc,openaq,121.0,204.0,,,,,,,,,,,False
2026-01-04 21:00:00+05:30,anand_vihar_new_delhi_dpcc,openaq,113.0,215.0,,,,,,,,,,,False
2026-01-04 23:00:00+05:30,anand_vihar_new_delhi_dpcc,openaq,112.0,217.0,,,,,,,,,,,False
2026-01-05 01:00:00+05:30,anand_vihar_new_delhi_dpcc,openaq,112.0,169.0,,,,,,,,,,,False
2026-01-05 02:00:00+05:30,anand_vihar_new_delhi_dpcc,openaq,153.0,211.0,,,,,,,,,,,False
2026-01-05 03:00:00+05:30,anand_vihar_new_delhi_dpcc,openaq,166.0,222.0,,,,,,,,,,,False
2026-01-05 04:00:00+05:30,anand_vihar_new_delhi_dpcc,openaq,155.0,211.0,,,,,,,,,,,False
2026-01-05 05:00:00+05:30,anand_vihar_new_delhi_dpcc,openaq,158.0,226.0,,,,,,,,,,,False
2026-01-05 06:00:00+05:30,anand_vihar_new_delhi_dpcc,openaq,165.0,261.0,,,,,,,,,,,False
2026-01-05 07:00:00+05:30,anand_vihar_new_delhi_dpcc,openaq,160.0,286.0,,,,,,,,,,,False
2026-01-05 08:00:00+05:30,anand_vihar_new_delhi_dpcc,openaq,159.0,392.0,,,,,,,,,,,False
2026-01-05 09:00:00+05:30,anand_vihar_new_delhi_dpcc,openaq,153.0,317.0,,,,,,,,,,,False
2026-01-05 10:00:00+05:30,anand_vihar_new_delhi_dpcc,openaq,166.0,273.0,,,,,,,,,,,False
2026-01-05 11:00:00+05:30,anand_vihar_new_delhi_dpcc,openaq,177.0,333.0,,,,,,,,,,,False
2026-01-05 12:00:00+05:30,anand_vihar_new_delhi_dpcc,openaq,152.0,299.0,,,,,,,,,,,False
2026-01-05 13:00:00+05:30,anand_vihar_new_delhi_dpcc,openaq,154.0,287.0,,,,,,,,,,,False
2026-01-05 14:00:00+05:30,anand_vihar_new_delhi_dpcc,openaq,149.0,277.0,,,,,,,,,,,False
2026-01-05 15:00:00+05:30,anand_vihar_new_delhi_dpcc,openaq,137.0,265.0,,,,,,,,,,,False
2026-01-05 16:00:00+05:30,anand_vihar_new_delhi_dpcc,openaq,134.0,312.0,,,,,,,,,,,False
2026-01-05 17:00:00+05:30,anand_vihar_new_delhi_dpcc,openaq,121.0,310.0,,,,,,,,,,,False
2026-01-05 18:00:00+05:30,anand_vihar_new_delhi_dpcc,openaq,139.0,369.0,,,,,,,,,,,False
2026-01-05 19:00:00+05:30,anand_vihar_new_delhi_dpcc,openaq,199.0,486.0,,,,,,,,,,,False
2026-01-05 20:00:00+05:30,anand_vihar_new_delhi_dpcc,openaq,249.0,571.0,,,,,,,,,,,False
2026-01-05 21:00:00+05:30,anand_vihar_new_delhi_dpcc,openaq,279.0,559.0,,,,,,,,,,,False
2026-01-05 22:00:00+05:30,anand_vihar_new_delhi_dpcc,openaq,280.0,558.0,,,,,,,,,,,False
2026-01-06 01:00:00+05:30,anand_vihar_new_delhi_dpcc,openaq,174.0,286.0,,,,,,,,,,,False
2026-01-06 04:00:00+05:30,anand_vihar_new_delhi_dpcc,openaq,165.0,224.0,,,,,,,,,,,False
2026-01-06 05:00:00+05:30,anand_vihar_new_delhi_dpcc,openaq,162.0,234.0,,,,,,,,,,,False
2026-01-06 06:00:00+05:30,anand_vihar_new_delhi_dpcc,openaq,165.0,264.0,,,,,,,,,,,False
2026-01-06 07:00:00+05:30,anand_vihar_new_delhi_dpcc,openaq,177.0,317.0,,,,,,,,,,,False
2026-01-06 08:00:00+05:30,anand_vihar_new_delhi_dpcc,openaq,194.0,354.0,,,,,,,,,,,False
2026-01-06 09:00:00+05:30,anand_vihar_new_delhi_dpcc,openaq,208.0,358.0,,,,,,,,,,,False
2026-01-06 10:00:00+05:30,anand_vihar_new_delhi_dpcc,openaq,221.0,434.0,,,,,,,,,,,False
2026-01-06 11:00:00+05:30,anand_vihar_new_delhi_dpcc,openaq,219.0,340.0,,,,,,,,,,,False
2026-01-06 12:00:00+05:30,anand_vihar_new_delhi_dpcc,openaq,199.0,299.0,,,,,,,,,,,False
2026-01-06 13:00:00+05:30,anand_vihar_new_delhi_dpcc,openaq,200.0,301.0,,,,,,,,,,,False
2026-01-06 14:00:00+05:30,anand_vihar_new_delhi_dpcc,openaq,190.0,298.0,,,,,,,,,,,False
2026-01-06 15:00:00+05:30,anand_vihar_new_delhi_dpcc,openaq,198.0,290.0,,,,,,,,,,,False
2026-01-06 16:00:00+05:30,anand_vihar_new_delhi_dpcc,openaq,208.0,337.0,,,,,,,,,,,False
2026-01-06 18:00:00+05:30,anand_vihar_new_delhi_dpcc,openaq,196.0,395.0,,,,,,,,,,,False
2026-01-06 19:00:00+05:30,anand_vihar_new_delhi_dpcc,openaq,232.0,505.0,,,,,,,,,,,False
2026-01-06 20:00:00+05:30,anand_vihar_new_delhi_dpcc,openaq,230.0,458.0,,,,,,,,,,,False
2026-01-06 21:00:00+05:30,anand_vihar_new_delhi_dpcc,openaq,219.0,392.0,,,,,,,,,,,False
2026-01-06 22:00:00+05:30,anand_vihar_new_delhi_dpcc,openaq,202.0,324.0,,,,,,,,,,,False
2026-01-06 23:00:00+05:30,anand_vihar_new_delhi_dpcc,openaq,184.0,298.0,,,,,,,,,,,False
2026-01-07 01:00:00+05:30,anand_vihar_new_delhi_dpcc,openaq,140.0,208.0,,,,,,,,,,,False
2026-01-07 02:00:00+05:30,anand_vihar_new_delhi_dpcc,openaq,141.0,198.0,,,,,,,,,,,False
2026-01-07 03:00:00+05:30,anand_vihar_new_delhi_dpcc,openaq,136.0,196.0,,,,,,,,,,,False
2026-01-07 04:00:00+05:30,anand_vihar_new_delhi_dpcc,openaq,139.0,202.0,,,,,,,,,,,False
2026-01-07 05:00:00+05:30,anand_vihar_new_delhi_dpcc,openaq,139.0,215.0,,,,,,,,,,,False
2026-01-07 06:00:00+05:30,anand_vihar_new_delhi_dpcc,openaq,132.0,210.0,,,,,,,,,,,False
2026-01-07 07:00:00+05:30,anand_vihar_new_delhi_dpcc,openaq,129.0,233.0,,,,,,,,,,,False
2026-01-07 08:00:00+05:30,anand_vihar_new_delhi_dpcc,openaq,137.0,284.0,,,,,,,,,,,False
2026-01-07 09:00:00+05:30,anand_vihar_new_delhi_dpcc,openaq,131.0,277.0,,,,,,,,,,,False
2026-01-07 10:00:00+05:30,anand_vihar_new_delhi_dpcc,openaq,147.0,370.0,,,,,,,,,,,False
2026-01-07 11:00:00+05:30,anand_vihar_new_delhi_dpcc,openaq,163.0,291.0,,,,,,,,,,,False
2026-01-07 12:00:00+05:30,anand_vihar_new_delhi_dpcc,openaq,168.0,289.0,,,,,,,,,,,False
2026-01-07 13:00:00+05:30,anand_vihar_new_delhi_dpcc,openaq,173.0,292.0,,,,,,,,,,,False
2026-01-07 14:00:00+05:30,anand_vihar_new_delhi_dpcc,openaq,201.0,343.0,,,,,,,,,,,False
2026-01-07 15:00:00+05:30,anand_vihar_new_delhi_dpcc,openaq,213.0,362.0,,,,,,,,,,,False
2026-01-07 16:00:00+05:30,anand_vihar_new_delhi_dpcc,openaq,202.0,378.0,,,,,,,,,,,False
2026-01-07 17:00:00+05:30,anand_vihar_new_delhi_dpcc,openaq,188.0,384.0,,,,,,,,,,,False
2026-01-07 18:00:00+05:30,anand_vihar_new_delhi_dpcc,openaq,185.0,400.0,,,,,,,,,,,False
2026-01-07 19:00:00+05:30,anand_vihar_new_delhi_dpcc,openaq,175.0,366.0,,,,,,,,,,,False
2026-01-07 20:00:00+05:30,anand_vihar_new_delhi_dpcc,openaq,208.0,375.0,,,,,,,,,,,False
2026-01-07 21:00:00+05:30,anand_vihar_new_delhi_dpcc,openaq,243.0,346.0,,,,,,,,,,,False
2026-01-07 22:00:00+05:30,anand_vihar_new_delhi_dpcc,openaq,215.0,317.0,,,,,,,,,,,False
2026-01-07 23:00:00+05:30,anand_vihar_new_delhi_dpcc,openaq,206.0,300.0,,,,,,,,,,,False
2026-01-08 01:00:00+05:30,anand_vihar_new_delhi_dpcc,openaq,193.0,280.0,,,,,,,,,,,False
2026-01-08 02:00:00+05:30,anand_vihar_new_delhi_dpcc,openaq,135.0,197.0,,,,,,,,,,,False
2026-01-08 03:00:00+05:30,anand_vihar_new_delhi_dpcc,openaq,129.0,181.0,,,,,,,,,,,False
2026-01-08 04:00:00+05:30,anand_vihar_new_delhi_dpcc,openaq,116.0,158.0,,,,,,,,,,,False
2026-01-08 05:00:00+05:30,anand_vihar_new_delhi_dpcc,openaq,106.0,157.0,,,,,,,,,,,False
2026-01-08 06:00:00+05:30,anand_vihar_new_delhi_dpcc,openaq,106.0,136.0,,,,,,,,,,,False
2026-01-08 07:00:00+05:30,anand_vihar_new_delhi_dpcc,openaq,111.0,170.0,,,,,,,,,,,False
2026-01-08 08:00:00+05:30,anand_vihar_new_delhi_dpcc,openaq,115.0,221.0,,,,,,,,,,,False
2026-01-08 09:00:00+05:30,anand_vihar_new_delhi_dpcc,openaq,139.0,328.0,,,,,,,,,,,False
2026-01-08 10:00:00+05:30,anand_vihar_new_delhi_dpcc,openaq,196.0,529.0,,,,,,,,,,,False
2026-01-08 11:00:00+05:30,anand_vihar_new_delhi_dpcc,openaq,237.0,361.0,,,,,,,,,,,False
2026-01-08 12:00:00+05:30,anand_vihar_new_delhi_dpcc,openaq,288.0,416.0,,,,,,,,,,,False
2026-01-08 13:00:00+05:30,anand_vihar_new_delhi_dpcc,openaq,273.0,381.0,,,,,,,,,,,False
2026-01-08 14:00:00+05:30,anand_vihar_new_delhi_dpcc,openaq,240.0,372.0,,,,,,,,,,,False
2026-01-08 15:00:00+05:30,anand_vihar_new_delhi_dpcc,openaq,170.0,303.0,,,,,,,,,,,False
2026-01-08 17:00:00+05:30,anand_vihar_new_delhi_dpcc,openaq,188.0,448.0,,,,,,,,,,,False
2026-01-08 18:00:00+05:30,anand_vihar_new_delhi_dpcc,openaq,254.0,651.0,,,,,,,,,,,False
2026-01-08 19:00:00+05:30,anand_vihar_new_delhi_dpcc,openaq,332.0,716.0,,,,,,,,,,,False
2026-01-08 20:00:00+05:30,anand_vihar_new_delhi_dpcc,openaq,401.0,705.0,,,,,,,,,,,False
2026-01-08 21:00:00+05:30,anand_vihar_new_delhi_dpcc,openaq,510.0,753.0,,,,,,,,,,,False
2026-01-08 22:00:00+05:30,anand_vihar_new_delhi_dpcc,openaq,542.0,749.0,,,,,,,,,,,False
2026-01-08 23:00:00+05:30,anand_vihar_new_delhi_dpcc,openaq,459.0,653.0,,,,,,,,,,,False
2026-01-09 01:00:00+05:30,anand_vihar_new_delhi_dpcc,openaq,237.0,355.0,,,,,,,,,,,False
2026-01-09 02:00:00+05:30,anand_vihar_new_delhi_dpcc,openaq,237.0,341.0,,,,,,,,,,,False
2026-01-09 03:00:00+05:30,anand_vihar_new_delhi_dpcc,openaq,246.0,330.0,,,,,,,,,,,False
2026-01-09 04:00:00+05:30,anand_vihar_new_delhi_dpcc,openaq,201.0,231.0,,,,,,,,,,,False
2026-01-09 05:00:00+05:30,anand_vihar_new_delhi_dpcc,openaq,176.0,198.0,,,,,,,,,,,False
2026-01-09 06:00:00+05:30,anand_vihar_new_delhi_dpcc,openaq,150.0,209.0,,,,,,,,,,,False
2026-01-09 07:00:00+05:30,anand_vihar_new_delhi_dpcc,openaq,199.0,291.0,,,,,,,,,,,False
2026-01-09 08:00:00+05:30,anand_vihar_new_delhi_dpcc,openaq,228.0,321.0,,,,,,,,,,,False
2026-01-09 09:00:00+05:30,anand_vihar_new_delhi_dpcc,openaq,285.0,376.0,,,,,,,,,,,False
2026-01-09 10:00:00+05:30,anand_vihar_new_delhi_dpcc,openaq,306.0,428.0,,,,,,,,,,,False
2026-01-09 11:00:00+05:30,anand_vihar_new_delhi_dpcc,openaq,334.0,483.0,,,,,,,,,,,False
2026-01-09 12:00:00+05:30,anand_vihar_new_delhi_dpcc,openaq,391.0,534.0,,,,,,,,,,,False
2026-01-09 13:00:00+05:30,anand_vihar_new_delhi_dpcc,openaq,393.0,554.0,,,,,,,,,,,False
2026-01-09 14:00:00+05:30,anand_vihar_new_delhi_dpcc,openaq,338.0,532.0,,,,,,,,,,,False
2026-01-09 15:00:00+05:30,anand_vihar_new_delhi_dpcc,openaq,324.0,546.0,,,,,,,,,,,False
2026-01-09 16:00:00+05:30,anand_vihar_new_delhi_dpcc,openaq,322.0,621.0,,,,,,,,,,,False
2026-01-09 17:00:00+05:30,anand_vihar_new_delhi_dpcc,openaq,305.0,701.0,,,,,,,,,,,False
2026-01-09 18:00:00+05:30,anand_vihar_new_delhi_dpcc,openaq,269.0,658.0,,,,,,,,,,,False
2026-01-09 19:00:00+05:30,anand_vihar_new_delhi_dpcc,openaq,324.0,605.0,,,,,,,,,,,False
2026-01-09 20:00:00+05:30,anand_vihar_new_delhi_dpcc,openaq,362.0,598.0,,,,,,,,,,,False
2026-01-09 21:00:00+05:30,anand_vihar_new_delhi_dpcc,openaq,302.0,476.0,,,,,,,,,,,False
2026-01-09 23:00:00+05:30,anand_vihar_new_delhi_dpcc,openaq,302.0,458.0,,,,,,,,,,,False
2026-01-10 01:00:00+05:30,anand_vihar_new_delhi_dpcc,openaq,259.0,414.0,,,,,,,,,,,False
2026-01-10 02:00:00+05:30,anand_vihar_new_delhi_dpcc,openaq,261.0,383.0,,,,,,,,,,,False
2026-01-10 03:00:00+05:30,anand_vihar_new_delhi_dpcc,openaq,246.0,348.0,,,,,,,,,,,False
2026-01-10 04:00:00+05:30,anand_vihar_new_delhi_dpcc,openaq,233.0,320.0,,,,,,,,,,,False
2026-01-10 05:00:00+05:30,anand_vihar_new_delhi_dpcc,openaq,238.0,318.0,,,,,,,,,,,False
2026-01-10 06:00:00+05:30,anand_vihar_new_delhi_dpcc,openaq,231.0,309.0,,,,,,,,,,,False
2026-01-10 07:00:00+05:30,anand_vihar_new_delhi_dpcc,openaq,203.0,294.0,,,,,,,,,,,False
2026-01-10 08:00:00+05:30,anand_vihar_new_delhi_dpcc,openaq,221.0,331.0,,,,,,,,,,,False
2026-01-10 09:00:00+05:30,anand_vihar_new_delhi_dpcc,openaq,278.0,415.0,,,,,,,,,,,False
2026-01-10 10:00:00+05:30,anand_vihar_new_delhi_dpcc,openaq,328.0,456.0,,,,,,,,,,,False
2026-01-10 11:00:00+05:30,anand_vihar_new_delhi_dpcc,openaq,298.0,467.0,,,,,,,,,,,False
2026-01-10 12:00:00+05:30,anand_vihar_new_delhi_dpcc,openaq,225.0,432.0,,,,,,,,,,,False
2026-01-10 13:00:00+05:30,anand_vihar_new_delhi_dpcc,openaq,164.0,257.0,,,,,,,,,,,False
2026-01-10 15:00:00+05:30,anand_vihar_new_delhi_dpcc,openaq,92.3,232.0,,,,,,,,,,,False
2026-01-10 16:00:00+05:30,anand_vihar_new_delhi_dpcc,openaq,90.5,254.0,,,,,,,,,,,False
2026-01-10 17:00:00+05:30,anand_vihar_new_delhi_dpcc,openaq,90.5,282.0,,,,,,,,,,,False
2026-01-20 21:00:00+05:30,anand_vihar_new_delhi_dpcc,openaq,333.0,644.0,,,,,,,,,,,False
2026-01-20 22:00:00+05:30,anand_vihar_new_delhi_dpcc,openaq,370.0,672.0,,,,,,,,,,,False
2026-01-20 23:00:00+05:30,anand_vihar_new_delhi_dpcc,openaq,334.0,550.0,,,,,,,,,,,False
2026-01-21 01:00:00+05:30,anand_vihar_new_delhi_dpcc,openaq,273.0,499.0,,,,,,,,,,,False
2026-01-21 02:00:00+05:30,anand_vihar_new_delhi_dpcc,openaq,283.0,536.0,,,,,,,,,,,False
2026-01-21 03:00:00+05:30,anand_vihar_new_delhi_dpcc,openaq,266.0,486.0,,,,,,,,,,,False
2026-01-21 04:00:00+05:30,anand_vihar_new_delhi_dpcc,openaq,250.0,422.0,,,,,,,,,,,False
2026-01-21 05:00:00+05:30,anand_vihar_new_delhi_dpcc,openaq,244.0,421.0,,,,,,,,,,,False
2026-01-21 06:00:00+05:30,anand_vihar_new_delhi_dpcc,openaq,226.0,409.0,,,,,,,,,,,False
2026-01-21 07:00:00+05:30,anand_vihar_new_delhi_dpcc,openaq,237.0,406.0,,,,,,,,,,,False
2026-01-21 08:00:00+05:30,anand_vihar_new_delhi_dpcc,openaq,286.0,554.0,,,,,,,,,,,False
2026-01-21 09:00:00+05:30,anand_vihar_new_delhi_dpcc,openaq,293.0,650.0,,,,,,,,,,,False
2026-01-21 10:00:00+05:30,anand_vihar_new_delhi_dpcc,openaq,289.0,917.0,,,,,,,,,,,False
2026-01-21 11:00:00+05:30,anand_vihar_new_delhi_dpcc,openaq,242.0,479.0,,,,,,,,,,,False
2026-01-21 12:00:00+05:30,anand_vihar_new_delhi_dpcc,openaq,185.0,382.0,,,,,,,,,,,False
2026-01-21 13:00:00+05:30,anand_vihar_new_delhi_dpcc,openaq,113.0,243.0,,,,,,,,,,,False
2026-01-21 14:00:00+05:30,anand_vihar_new_delhi_dpcc,openaq,99.0,203.0,,,,,,,,,,,False
2026-01-21 15:00:00+05:30,anand_vihar_new_delhi_dpcc,openaq,98.0,214.0,,,,,,,,,,,False
2026-01-21 16:00:00+05:30,anand_vihar_new_delhi_dpcc,openaq,96.5,252.0,,,,,,,,,,,False
2026-01-21 17:00:00+05:30,anand_vihar_new_delhi_dpcc,openaq,103.0,283.0,,,,,,,,,,,False
2026-01-21 18:00:00+05:30,anand_vihar_new_delhi_dpcc,openaq,114.0,349.0,,,,,,,,,,,False
2026-01-21 19:00:00+05:30,anand_vihar_new_delhi_dpcc,openaq,142.0,518.0,,,,,,,,,,,False
2026-01-21 20:00:00+05:30,anand_vihar_new_delhi_dpcc,openaq,189.0,559.0,,,,,,,,,,,False
2026-01-21 21:00:00+05:30,anand_vihar_new_delhi_dpcc,openaq,236.0,545.0,,,,,,,,,,,False
2026-01-21 22:00:00+05:30,anand_vihar_new_delhi_dpcc,openaq,292.0,642.0,,,,,,,,,,,False
2026-01-21 23:00:00+05:30,anand_vihar_new_delhi_dpcc,openaq,312.0,769.0,,,,,,,,,,,False
2026-01-22 01:00:00+05:30,anand_vihar_new_delhi_dpcc,openaq,301.0,690.0,,,,,,,,,,,False
2026-01-22 02:00:00+05:30,anand_vihar_new_delhi_dpcc,openaq,305.0,597.0,,,,,,,,,,,False
2026-01-22 03:00:00+05:30,anand_vihar_new_delhi_dpcc,openaq,312.0,572.0,,,,,,,,,,,False
2026-01-22 04:00:00+05:30,anand_vihar_new_delhi_dpcc,openaq,273.0,490.0,,,,,,,,,,,False
2026-01-22 05:00:00+05:30,anand_vihar_new_delhi_dpcc,openaq,264.0,458.0,,,,,,,,,,,False
2026-01-22 06:00:00+05:30,anand_vihar_new_delhi_dpcc,openaq,268.0,481.0,,,,,,,,,,,False
2026-01-22 07:00:00+05:30,anand_vihar_new_delhi_dpcc,openaq,261.0,547.0,,,,,,,,,,,False
2026-01-22 08:00:00+05:30,anand_vihar_new_delhi_dpcc,openaq,,597.0,,,,,,,,,,,False
2026-01-22 09:00:00+05:30,anand_vihar_new_delhi_dpcc,openaq,,625.0,,,,,,,,,,,False
2026-01-22 10:00:00+05:30,anand_vihar_new_delhi_dpcc,openaq,,465.0,,,,,,,,,,,False
2026-01-22 11:00:00+05:30,anand_vihar_new_delhi_dpcc,openaq,,419.0,,,,,,,,,,,False
2026-01-22 12:00:00+05:30,anand_vihar_new_delhi_dpcc,openaq,156.0,301.0,,,,,,,,,,,False
2026-01-22 13:00:00+05:30,anand_vihar_new_delhi_dpcc,openaq,161.0,256.0,,,,,,,,,,,False
2026-01-22 14:00:00+05:30,anand_vihar_new_delhi_dpcc,openaq,182.0,285.0,,,,,,,,,,,False
2026-01-22 15:00:00+05:30,anand_vihar_new_delhi_dpcc,openaq,145.0,270.0,,,,,,,,,,,False
2026-01-22 17:00:00+05:30,anand_vihar_new_delhi_dpcc,openaq,122.0,250.0,,,,,,,,,,,False
2026-01-22 18:00:00+05:30,anand_vihar_new_delhi_dpcc,openaq,115.0,298.0,,,,,,,,,,,False
2026-01-22 19:00:00+05:30,anand_vihar_new_delhi_dpcc,openaq,146.0,403.0,,,,,,,,,,,False
2026-01-22 20:00:00+05:30,anand_vihar_new_delhi_dpcc,openaq,184.0,428.0,,,,,,,,,,,False
2026-01-22 21:00:00+05:30,anand_vihar_new_delhi_dpcc,openaq,204.0,343.0,,,,,,,,,,,False
2026-01-22 22:00:00+05:30,anand_vihar_new_delhi_dpcc,openaq,190.0,320.0,,,,,,,,,,,False
2026-01-22 23:00:00+05:30,anand_vihar_new_delhi_dpcc,openaq,156.0,280.0,,,,,,,,,,,False
2026-01-23 01:00:00+05:30,anand_vihar_new_delhi_dpcc,openaq,146.0,229.0,,,,,,,,,,,False
2026-01-23 02:00:00+05:30,anand_vihar_new_delhi_dpcc,openaq,134.0,225.0,,,,,,,,,,,False
2026-01-23 03:00:00+05:30,anand_vihar_new_delhi_dpcc,openaq,121.0,243.0,,,,,,,,,,,False
2026-01-23 04:00:00+05:30,anand_vihar_new_delhi_dpcc,openaq,110.0,185.0,,,,,,,,,,,False
2026-01-23 05:00:00+05:30,anand_vihar_new_delhi_dpcc,openaq,96.0,187.0,,,,,,,,,,,False
2026-01-23 06:00:00+05:30,anand_vihar_new_delhi_dpcc,openaq,113.0,209.0,,,,,,,,,,,False
2026-01-23 07:00:00+05:30,anand_vihar_new_delhi_dpcc,openaq,135.0,238.0,,,,,,,,,,,False
2026-01-23 08:00:00+05:30,anand_vihar_new_delhi_dpcc,openaq,148.0,234.0,,,,,,,,,,,False
2026-01-23 09:00:00+05:30,anand_vihar_new_delhi_dpcc,openaq,163.0,204.0,,,,,,,,,,,False
2026-01-23 10:00:00+05:30,anand_vihar_new_delhi_dpcc,openaq,186.0,217.0,,,,,,,,,,,False
2026-01-23 11:00:00+05:30,anand_vihar_new_delhi_dpcc,openaq,189.0,221.0,,,,,,,,,,,False
2026-01-23 12:00:00+05:30,anand_vihar_new_delhi_dpcc,openaq,184.0,215.0,,,,,,,,,,,False
2026-01-23 13:00:00+05:30,anand_vihar_new_delhi_dpcc,openaq,162.0,191.0,,,,,,,,,,,False
2026-01-23 14:00:00+05:30,anand_vihar_new_delhi_dpcc,openaq,143.0,174.0,,,,,,,,,,,False
2026-01-23 15:00:00+05:30,anand_vihar_new_delhi_dpcc,openaq,134.0,165.0,,,,,,,,,,,False
2026-01-23 16:00:00+05:30,anand_vihar_new_delhi_dpcc,openaq,151.0,180.0,,,,,,,,,,,False
2026-01-23 17:00:00+05:30,anand_vihar_new_delhi_dpcc,openaq,155.0,185.0,,,,,,,,,,,False
2026-01-23 18:00:00+05:30,anand_vihar_new_delhi_dpcc,openaq,152.0,186.0,,,,,,,,,,,False
2026-01-23 19:00:00+05:30,anand_vihar_new_delhi_dpcc,openaq,149.0,181.0,,,,,,,,,,,False
2026-01-23 20:00:00+05:30,anand_vihar_new_delhi_dpcc,openaq,149.0,183.0,,,,,,,,,,,False
2026-01-23 21:00:00+05:30,anand_vihar_new_delhi_dpcc,openaq,148.0,173.0,,,,,,,,,,,False
2026-01-23 22:00:00+05:30,anand_vihar_new_delhi_dpcc,openaq,163.0,189.0,,,,,,,,,,,False
2026-01-23 23:00:00+05:30,anand_vihar_new_delhi_dpcc,openaq,167.0,200.0,,,,,,,,,,,False
2026-01-24 01:00:00+05:30,anand_vihar_new_delhi_dpcc,openaq,217.0,250.0,,,,,,,,,,,False
2026-01-24 02:00:00+05:30,anand_vihar_new_delhi_dpcc,openaq,245.0,277.0,,,,,,,,,,,False
2026-01-24 03:00:00+05:30,anand_vihar_new_delhi_dpcc,openaq,158.0,201.0,,,,,,,,,,,False
2026-01-24 04:00:00+05:30,anand_vihar_new_delhi_dpcc,openaq,82.3,159.0,,,,,,,,,,,False
2026-01-24 05:00:00+05:30,anand_vihar_new_delhi_dpcc,openaq,48.0,203.0,,,,,,,,,,,False
2026-01-24 06:00:00+05:30,anand_vihar_new_delhi_dpcc,openaq,52.5,261.0,,,,,,,,,,,False
2026-01-24 07:00:00+05:30,anand_vihar_new_delhi_dpcc,openaq,56.8,282.0,,,,,,,,,,,False
2026-01-24 08:00:00+05:30,anand_vihar_new_delhi_dpcc,openaq,62.8,398.0,,,,,,,,,,,False
2026-01-24 09:00:00+05:30,anand_vihar_new_delhi_dpcc,openaq,93.0,570.0,,,,,,,,,,,False
2026-01-24 10:00:00+05:30,anand_vihar_new_delhi_dpcc,openaq,110.0,464.0,,,,,,,,,,,False
2026-01-24 11:00:00+05:30,anand_vihar_new_delhi_dpcc,openaq,68.3,329.0,,,,,,,,,,,False
2026-01-24 12:00:00+05:30,anand_vihar_new_delhi_dpcc,openaq,55.8,279.0,,,,,,,,,,,False
2026-01-24 13:00:00+05:30,anand_vihar_new_delhi_dpcc,openaq,51.8,233.0,,,,,,,,,,,False
2026-01-24 14:00:00+05:30,anand_vihar_new_delhi_dpcc,openaq,45.5,210.0,,,,,,,,,,,False
2026-01-24 15:00:00+05:30,anand_vihar_new_delhi_dpcc,openaq,41.3,183.0,,,,,,,,,,,False
2026-01-24 17:00:00+05:30,anand_vihar_new_delhi_dpcc,openaq,53.5,222.0,,,,,,,,,,,False
2026-01-24 18:00:00+05:30,anand_vihar_new_delhi_dpcc,openaq,58.8,285.0,,,,,,,,,,,False
2026-01-24 19:00:00+05:30,anand_vihar_new_delhi_dpcc,openaq,72.8,329.0,,,,,,,,,,,False
2026-01-24 20:00:00+05:30,anand_vihar_new_delhi_dpcc,openaq,80.8,312.0,,,,,,,,,,,False
2026-01-24 21:00:00+05:30,anand_vihar_new_delhi_dpcc,openaq,77.5,308.0,,,,,,,,,,,False
2026-01-24 22:00:00+05:30,anand_vihar_new_delhi_dpcc,openaq,68.0,228.0,,,,,,,,,,,False
2026-01-24 23:00:00+05:30,anand_vihar_new_delhi_dpcc,openaq,62.0,228.0,,,,,,,,,,,False
2026-01-25 01:00:00+05:30,anand_vihar_new_delhi_dpcc,openaq,61.8,186.0,,,,,,,,,,,False
2026-01-25 02:00:00+05:30,anand_vihar_new_delhi_dpcc,openaq,65.3,172.0,,,,,,,,,,,False
2026-01-25 03:00:00+05:30,anand_vihar_new_delhi_dpcc,openaq,73.0,190.0,,,,,,,,,,,False
2026-01-25 04:00:00+05:30,anand_vihar_new_delhi_dpcc,openaq,83.3,194.0,,,,,,,,,,,False
2026-01-25 05:00:00+05:30,anand_vihar_new_delhi_dpcc,openaq,82.0,206.0,,,,,,,,,,,False
2026-01-25 06:00:00+05:30,anand_vihar_new_delhi_dpcc,openaq,89.3,265.0,,,,,,,,,,,False
2026-01-25 07:00:00+05:30,anand_vihar_new_delhi_dpcc,openaq,78.7,250.0,,,,,,,,,,,False
2026-01-25 08:00:00+05:30,anand_vihar_new_delhi_dpcc,openaq,97.5,320.0,,,,,,,,,,,False
2026-01-25 09:00:00+05:30,anand_vihar_new_delhi_dpcc,openaq,127.0,532.0,,,,,,,,,,,False
2026-01-25 10:00:00+05:30,anand_vihar_new_delhi_dpcc,openaq,114.0,327.0,,,,,,,,,,,False
2026-01-25 11:00:00+05:30,anand_vihar_new_delhi_dpcc,openaq,101.0,275.0,,,,,,,,,,,False
2026-01-25 12:00:00+05:30,anand_vihar_new_delhi_dpcc,openaq,93.7,248.0,,,,,,,,,,,False
2026-01-25 13:00:00+05:30,anand_vihar_new_delhi_dpcc,openaq,87.0,206.0,,,,,,,,,,,False
2026-01-25 14:00:00+05:30,anand_vihar_new_delhi_dpcc,openaq,79.5,179.0,,,,,,,,,,,False
2026-01-25 15:00:00+05:30,anand_vihar_new_delhi_dpcc,openaq,71.8,204.0,,,,,,,,,,,False
2026-01-25 16:00:00+05:30,anand_vihar_new_delhi_dpcc,openaq,56.8,226.0,,,,,,,,,,,False
2026-01-25 17:00:00+05:30,anand_vihar_new_delhi_dpcc,openaq,52.3,276.0,,,,,,,,,,,False
2026-01-25 18:00:00+05:30,anand_vihar_new_delhi_dpcc,openaq,97.0,365.0,,,,,,,,,,,False
2026-01-25 19:00:00+05:30,anand_vihar_new_delhi_dpcc,openaq,133.0,455.0,,,,,,,,,,,False
2026-01-25 20:00:00+05:30,anand_vihar_new_delhi_dpcc,openaq,147.0,465.0,,,,,,,,,,,False
2026-01-25 21:00:00+05:30,anand_vihar_new_delhi_dpcc,openaq,179.0,577.0,,,,,,,,,,,False
2026-01-25 22:00:00+05:30,anand_vihar_new_delhi_dpcc,openaq,231.0,649.0,,,,,,,,,,,False
2026-01-26 01:00:00+05:30,anand_vihar_new_delhi_dpcc,openaq,243.0,511.0,,,,,,,,,,,False
2026-01-26 02:00:00+05:30,anand_vihar_new_delhi_dpcc,openaq,222.0,420.0,,,,,,,,,,,False
2026-01-26 03:00:00+05:30,anand_vihar_new_delhi_dpcc,openaq,181.0,328.0,,,,,,,,,,,False
2026-01-26 04:00:00+05:30,anand_vihar_new_delhi_dpcc,openaq,162.0,273.0,,,,,,,,,,,False
2026-01-26 05:00:00+05:30,anand_vihar_new_delhi_dpcc,openaq,129.0,256.0,,,,,,,,,,,False
2026-01-26 06:00:00+05:30,anand_vihar_new_delhi_dpcc,openaq,115.0,263.0,,,,,,,,,,,False
2026-01-26 07:00:00+05:30,anand_vihar_new_delhi_dpcc,openaq,117.0,248.0,,,,,,,,,,,False
2026-01-26 08:00:00+05:30,anand_vihar_new_delhi_dpcc,openaq,135.0,287.0,,,,,,,,,,,False
2026-01-26 09:00:00+05:30,anand_vihar_new_delhi_dpcc,openaq,136.0,335.0,,,,,,,,,,,False
2026-01-26 10:00:00+05:30,anand_vihar_new_delhi_dpcc,openaq,129.0,227.0,,,,,,,,,,,False
2026-01-26 11:00:00+05:30,anand_vihar_new_delhi_dpcc,openaq,118.0,220.0,,,,,,,,,,,False
2026-01-26 12:00:00+05:30,anand_vihar_new_delhi_dpcc,openaq,121.0,278.0,,,,,,,,,,,False
2026-01-26 13:00:00+05:30,anand_vihar_new_delhi_dpcc,openaq,111.0,219.0,,,,,,,,,,,False
2026-01-26 14:00:00+05:30,anand_vihar_new_delhi_dpcc,openaq,111.0,210.0,,,,,,,,,,,False
2026-01-26 15:00:00+05:30,anand_vihar_new_delhi_dpcc,openaq,87.5,172.0,,,,,,,,,,,False
2026-01-26 16:00:00+05:30,anand_vihar_new_delhi_dpcc,openaq,106.0,190.0,,,,,,,,,,,False
2026-01-26 17:00:00+05:30,anand_vihar_new_delhi_dpcc,openaq,108.0,217.0,,,,,,,,,,,False
2026-01-26 18:00:00+05:30,anand_vihar_new_delhi_dpcc,openaq,148.0,317.0,,,,,,,,,,,False
2026-01-26 19:00:00+05:30,anand_vihar_new_delhi_dpcc,openaq,207.0,451.0,,,,,,,,,,,False
2026-01-26 20:00:00+05:30,anand_vihar_new_delhi_dpcc,openaq,242.0,578.0,,,,,,,,,,,False
2026-01-26 21:00:00+05:30,anand_vihar_new_delhi_dpcc,openaq,273.0,669.0,,,,,,,,,,,False
2026-01-26 22:00:00+05:30,anand_vihar_new_delhi_dpcc,openaq,321.0,729.0,,,,,,,,,,,False
2026-01-26 23:00:00+05:30,anand_vihar_new_delhi_dpcc,openaq,305.0,763.0,,,,,,,,,,,False
2026-01-27 01:00:00+05:30,anand_vihar_new_delhi_dpcc,openaq,415.0,924.0,,,,,,,,,,,False
2026-01-27 02:00:00+05:30,anand_vihar_new_delhi_dpcc,openaq,416.0,791.0,,,,,,,,,,,False
2026-01-27 03:00:00+05:30,anand_vihar_new_delhi_dpcc,openaq,408.0,768.0,,,,,,,,,,,False
2026-01-27 04:00:00+05:30,anand_vihar_new_delhi_dpcc,openaq,376.0,695.0,,,,,,,,,,,False
2026-01-27 05:00:00+05:30,anand_vihar_new_delhi_dpcc,openaq,339.0,619.0,,,,,,,,,,,False
2026-01-27 06:00:00+05:30,anand_vihar_new_delhi_dpcc,openaq,277.0,537.0,,,,,,,,,,,False
2026-01-27 07:00:00+05:30,anand_vihar_new_delhi_dpcc,openaq,252.0,559.0,,,,,,,,,,,False
2026-01-27 13:00:00+05:30,anand_vihar_new_delhi_dpcc,openaq,208.0,298.0,,,,,,,,,,,False
2026-01-27 15:00:00+05:30,anand_vihar_new_delhi_dpcc,openaq,188.0,243.0,,,,,,,,,,,False
2026-01-27 16:00:00+05:30,anand_vihar_new_delhi_dpcc,openaq,156.0,206.0,,,,,,,,,,,False
2026-01-27 17:00:00+05:30,anand_vihar_new_delhi_dpcc,openaq,130.0,165.0,,,,,,,,,,,False
2026-01-27 18:00:00+05:30,anand_vihar_new_delhi_dpcc,openaq,110.0,133.0,,,,,,,,,,,False
2026-01-27 19:00:00+05:30,anand_vihar_new_delhi_dpcc,openaq,89.8,117.0,,,,,,,,,,,False
2026-01-27 20:00:00+05:30,anand_vihar_new_delhi_dpcc,openaq,108.0,119.0,,,,,,,,,,,False
2026-01-27 21:00:00+05:30,anand_vihar_new_delhi_dpcc,openaq,102.0,117.0,,,,,,,,,,,False
2026-01-27 22:00:00+05:30,anand_vihar_new_delhi_dpcc,openaq,103.0,117.0,,,,,,,,,,,False
2026-01-27 23:00:00+05:30,anand_vihar_new_delhi_dpcc,openaq,113.0,129.0,,,,,,,,,,,False
2026-01-28 01:00:00+05:30,anand_vihar_new_delhi_dpcc,openaq,121.0,142.0,,,,,,,,,,,False
2026-01-28 02:00:00+05:30,anand_vihar_new_delhi_dpcc,openaq,96.8,114.0,,,,,,,,,,,False
2026-01-28 03:00:00+05:30,anand_vihar_new_delhi_dpcc,openaq,85.8,104.0,,,,,,,,,,,False
2026-01-28 04:00:00+05:30,anand_vihar_new_delhi_dpcc,openaq,92.7,123.0,,,,,,,,,,,False
2026-01-28 05:00:00+05:30,anand_vihar_new_delhi_dpcc,openaq,79.5,120.0,,,,,,,,,,,False
2026-01-28 06:00:00+05:30,anand_vihar_new_delhi_dpcc,openaq,86.7,131.0,,,,,,,,,,,False
2026-01-28 07:00:00+05:30,anand_vihar_new_delhi_dpcc,openaq,94.3,152.0,,,,,,,,,,,False
2026-01-28 08:00:00+05:30,anand_vihar_new_delhi_dpcc,openaq,112.0,161.0,,,,,,,,,,,False
2026-01-28 09:00:00+05:30,anand_vihar_new_delhi_dpcc,openaq,155.0,252.0,,,,,,,,,,,False
2026-01-28 10:00:00+05:30,anand_vihar_new_delhi_dpcc,openaq,196.0,289.0,,,,,,,,,,,False
2026-01-28 11:00:00+05:30,anand_vihar_new_delhi_dpcc,openaq,225.0,,,,,,,,,,,,False
2026-01-28 12:00:00+05:30,anand_vihar_new_delhi_dpcc,openaq,238.0,375.0,,,,,,,,,,,False
2026-01-28 13:00:00+05:30,anand_vihar_new_delhi_dpcc,openaq,206.0,341.0,,,,,,,,,,,False
2026-01-28 14:00:00+05:30,anand_vihar_new_delhi_dpcc,openaq,197.0,317.0,,,,,,,,,,,False
2026-01-28 15:00:00+05:30,anand_vihar_new_delhi_dpcc,openaq,163.0,287.0,,,,,,,,,,,False
2026-01-28 16:00:00+05:30,anand_vihar_new_delhi_dpcc,openaq,169.0,300.0,,,,,,,,,,,False
2026-01-28 17:00:00+05:30,anand_vihar_new_delhi_dpcc,openaq,187.0,364.0,,,,,,,,,,,False
2026-01-28 18:00:00+05:30,anand_vihar_new_delhi_dpcc,openaq,198.0,407.0,,,,,,,,,,,False
2026-01-28 19:00:00+05:30,anand_vihar_new_delhi_dpcc,openaq,222.0,457.0,,,,,,,,,,,False
2026-01-28 21:00:00+05:30,anand_vihar_new_delhi_dpcc,openaq,188.0,363.0,,,,,,,,,,,False
2026-01-28 22:00:00+05:30,anand_vihar_new_delhi_dpcc,openaq,165.0,344.0,,,,,,,,,,,False
2026-01-28 23:00:00+05:30,anand_vihar_new_delhi_dpcc,openaq,172.0,377.0,,,,,,,,,,,False
2026-01-29 01:00:00+05:30,anand_vihar_new_delhi_dpcc,openaq,138.0,248.0,,,,,,,,,,,False
2026-01-29 02:00:00+05:30,anand_vihar_new_delhi_dpcc,openaq,154.0,224.0,,,,,,,,,,,False
2026-01-29 03:00:00+05:30,anand_vihar_new_delhi_dpcc,openaq,148.0,206.0,,,,,,,,,,,False
2026-01-29 04:00:00+05:30,anand_vihar_new_delhi_dpcc,openaq,120.0,178.0,,,,,,,,,,,False
2026-01-29 05:00:00+05:30,anand_vihar_new_delhi_dpcc,openaq,104.0,158.0,,,,,,,,,,,False
2026-01-29 06:00:00+05:30,anand_vihar_new_delhi_dpcc,openaq,121.0,199.0,,,,,,,,,,,False
2026-01-29 07:00:00+05:30,anand_vihar_new_delhi_dpcc,openaq,122.0,233.0,,,,,,,,,,,False
2026-01-29 08:00:00+05:30,anand_vihar_new_delhi_dpcc,openaq,111.0,271.0,,,,,,,,,,,False
2026-01-29 09:00:00+05:30,anand_vihar_new_delhi_dpcc,openaq,104.0,203.0,,,,,,,,,,,False
2026-01-29 10:00:00+05:30,anand_vihar_new_delhi_dpcc,openaq,99.8,209.0,,,,,,,,,,,False
2026-01-29 11:00:00+05:30,anand_vihar_new_delhi_dpcc,openaq,80.0,167.0,,,,,,,,,,,False
2026-01-29 13:00:00+05:30,anand_vihar_new_delhi_dpcc,openaq,103.0,179.0,,,,,,,,,,,False
2026-01-29 14:00:00+05:30,anand_vihar_new_delhi_dpcc,openaq,107.0,188.0,,,,,,,,,,,False
2026-01-29 15:00:00+05:30,anand_vihar_new_delhi_dpcc,openaq,108.0,202.0,,,,,,,,,,,False
2026-01-29 16:00:00+05:30,anand_vihar_new_delhi_dpcc,openaq,119.0,239.0,,,,,,,,,,,False
2026-01-29 17:00:00+05:30,anand_vihar_new_delhi_dpcc,openaq,127.0,275.0,,,,,,,,,,,False
2026-01-29 18:00:00+05:30,anand_vihar_new_delhi_dpcc,openaq,137.0,321.0,,,,,,,,,,,False
2026-01-29 19:00:00+05:30,anand_vihar_new_delhi_dpcc,openaq,163.0,399.0,,,,,,,,,,,False
2026-01-29 20:00:00+05:30,anand_vihar_new_delhi_dpcc,openaq,150.0,390.0,,,,,,,,,,,False
2026-01-29 21:00:00+05:30,anand_vihar_new_delhi_dpcc,openaq,125.0,364.0,,,,,,,,,,,False
2026-01-29 22:00:00+05:30,anand_vihar_new_delhi_dpcc,openaq,152.0,318.0,,,,,,,,,,,False
2026-01-29 23:00:00+05:30,anand_vihar_new_delhi_dpcc,openaq,168.0,340.0,,,,,,,,,,,False
2026-01-30 01:00:00+05:30,anand_vihar_new_delhi_dpcc,openaq,214.0,418.0,,,,,,,,,,,False
2026-01-30 02:00:00+05:30,anand_vihar_new_delhi_dpcc,openaq,211.0,367.0,,,,,,,,,,,False
2026-01-30 03:00:00+05:30,anand_vihar_new_delhi_dpcc,openaq,186.0,309.0,,,,,,,,,,,False
2026-01-30 04:00:00+05:30,anand_vihar_new_delhi_dpcc,openaq,153.0,229.0,,,,,,,,,,,False
2026-01-30 05:00:00+05:30,anand_vihar_new_delhi_dpcc,openaq,115.0,195.0,,,,,,,,,,,False
2026-01-30 06:00:00+05:30,anand_vihar_new_delhi_dpcc,openaq,104.0,234.0,,,,,,,,,,,False
2026-01-30 07:00:00+05:30,anand_vihar_new_delhi_dpcc,openaq,120.0,302.0,,,,,,,,,,,False
2026-01-30 08:00:00+05:30,anand_vihar_new_delhi_dpcc,openaq,166.0,433.0,,,,,,,,,,,False
2026-01-30 09:00:00+05:30,anand_vihar_new_delhi_dpcc,openaq,189.0,379.0,,,,,,,,,,,False
2026-01-30 10:00:00+05:30,anand_vihar_new_delhi_dpcc,openaq,181.0,376.0,,,,,,,,,,,False
2026-01-30 11:00:00+05:30,anand_vihar_new_delhi_dpcc,openaq,145.0,266.0,,,,,,,,,,,False
2026-01-30 14:00:00+05:30,anand_vihar_new_delhi_dpcc,openaq,92.0,192.0,,,,,,,,,,,False
2026-01-30 15:00:00+05:30,anand_vihar_new_delhi_dpcc,openaq,79.8,211.0,,,,,,,,,,,False
2026-01-30 16:00:00+05:30,anand_vihar_new_delhi_dpcc,openaq,64.3,245.0,,,,,,,,,,,False
2026-01-30 17:00:00+05:30,anand_vihar_new_delhi_dpcc,openaq,49.3,168.0,,,,,,,,,,,False
2026-01-30 18:00:00+05:30,anand_vihar_new_delhi_dpcc,openaq,87.8,256.0,,,,,,,,,,,False
2026-01-30 19:00:00+05:30,anand_vihar_new_delhi_dpcc,openaq,140.0,456.0,,,,,,,,,,,False
2026-01-30 20:00:00+05:30,anand_vihar_new_delhi_dpcc,openaq,230.0,580.0,,,,,,,,,,,False
2026-01-30 21:00:00+05:30,anand_vihar_new_delhi_dpcc,openaq,322.0,686.0,,,,,,,,,,,False
2026-01-30 22:00:00+05:30,anand_vihar_new_delhi_dpcc,openaq,404.0,,,,,,,,,,,,False
2026-01-30 23:00:00+05:30,anand_vihar_new_delhi_dpcc,openaq,437.0,,,,,,,,,,,,False
2026-01-31 01:00:00+05:30,anand_vihar_new_delhi_dpcc,openaq,300.0,,,,,,,,,,,,False
2026-01-31 02:00:00+05:30,anand_vihar_new_delhi_dpcc,openaq,255.0,545.0,,,,,,,,,,,False
2026-01-31 03:00:00+05:30,anand_vihar_new_delhi_dpcc,openaq,249.0,496.0,,,,,,,,,,,False
2026-01-31 04:00:00+05:30,anand_vihar_new_delhi_dpcc,openaq,254.0,442.0,,,,,,,,,,,False
2026-01-31 05:00:00+05:30,anand_vihar_new_delhi_dpcc,openaq,163.0,264.0,,,,,,,,,,,False
2026-01-31 06:00:00+05:30,anand_vihar_new_delhi_dpcc,openaq,161.0,262.0,,,,,,,,,,,False
2026-01-31 07:00:00+05:30,anand_vihar_new_delhi_dpcc,openaq,204.0,346.0,,,,,,,,,,,False
2026-01-31 08:00:00+05:30,anand_vihar_new_delhi_dpcc,openaq,227.0,390.0,,,,,,,,,,,False
2026-01-31 09:00:00+05:30,anand_vihar_new_delhi_dpcc,openaq,269.0,426.0,,,,,,,,,,,False
2026-01-31 10:00:00+05:30,anand_vihar_new_delhi_dpcc,openaq,298.0,448.0,,,,,,,,,,,False
2026-01-31 11:00:00+05:30,anand_vihar_new_delhi_dpcc,openaq,345.0,491.0,,,,,,,,,,,False
2026-01-31 12:00:00+05:30,anand_vihar_new_delhi_dpcc,openaq,274.0,398.0,,,,,,,,,,,False
2026-01-31 13:00:00+05:30,anand_vihar_new_delhi_dpcc,openaq,194.0,300.0,,,,,,,,,,,False
2026-01-31 14:00:00+05:30,anand_vihar_new_delhi_dpcc,openaq,196.0,300.0,,,,,,,,,,,False
2026-01-31 15:00:00+05:30,anand_vihar_new_delhi_dpcc,openaq,168.0,270.0,,,,,,,,,,,False
2026-01-31 16:00:00+05:30,anand_vihar_new_delhi_dpcc,openaq,163.0,270.0,,,,,,,,,,,False
2026-01-31 18:00:00+05:30,anand_vihar_new_delhi_dpcc,openaq,217.0,337.0,,,,,,,,,,,False
2026-01-31 19:00:00+05:30,anand_vihar_new_delhi_dpcc,openaq,239.0,372.0,,,,,,,,,,,False
2026-01-31 20:00:00+05:30,anand_vihar_new_delhi_dpcc,openaq,244.0,377.0,,,,,,,,,,,False
2026-01-31 21:00:00+05:30,anand_vihar_new_delhi_dpcc,openaq,238.0,358.0,,,,,,,,,,,False
2026-01-31 22:00:00+05:30,anand_vihar_new_delhi_dpcc,openaq,204.0,302.0,,,,,,,,,,,False
2026-02-01 01:00:00+05:30,anand_vihar_new_delhi_dpcc,openaq,184.0,281.0,,,,,,,,,,,False
2026-02-01 02:00:00+05:30,anand_vihar_new_delhi_dpcc,openaq,172.0,248.0,,,,,,,,,,,False
2026-02-01 03:00:00+05:30,anand_vihar_new_delhi_dpcc,openaq,161.0,231.0,,,,,,,,,,,False
2026-02-01 04:00:00+05:30,anand_vihar_new_delhi_dpcc,openaq,175.0,247.0,,,,,,,,,,,False
2026-02-01 05:00:00+05:30,anand_vihar_new_delhi_dpcc,openaq,182.0,249.0,,,,,,,,,,,False
2026-02-01 06:00:00+05:30,anand_vihar_new_delhi_dpcc,openaq,168.0,226.0,,,,,,,,,,,False
2026-02-01 07:00:00+05:30,anand_vihar_new_delhi_dpcc,openaq,131.0,180.0,,,,,,,,,,,False
2026-02-01 08:00:00+05:30,anand_vihar_new_delhi_dpcc,openaq,119.0,160.0,,,,,,,,,,,False
2026-02-01 09:00:00+05:30,anand_vihar_new_delhi_dpcc,openaq,101.0,138.0,,,,,,,,,,,False
2026-02-01 10:00:00+05:30,anand_vihar_new_delhi_dpcc,openaq,99.3,134.0,,,,,,,,,,,False
2026-02-01 11:00:00+05:30,anand_vihar_new_delhi_dpcc,openaq,91.5,146.0,,,,,,,,,,,False
2026-02-01 12:00:00+05:30,anand_vihar_new_delhi_dpcc,openaq,72.3,136.0,,,,,,,,,,,False
2026-02-01 13:00:00+05:30,anand_vihar_new_delhi_dpcc,openaq,71.0,116.0,,,,,,,,,,,False
2026-02-01 14:00:00+05:30,anand_vihar_new_delhi_dpcc,openaq,85.8,131.0,,,,,,,,,,,False
2026-02-01 15:00:00+05:30,anand_vihar_new_delhi_dpcc,openaq,67.3,122.0,,,,,,,,,,,False
2026-02-01 16:00:00+05:30,anand_vihar_new_delhi_dpcc,openaq,67.5,132.0,,,,,,,,,,,False
2026-02-01 17:00:00+05:30,anand_vihar_new_delhi_dpcc,openaq,68.0,170.0,,,,,,,,,,,False
2026-02-01 18:00:00+05:30,anand_vihar_new_delhi_dpcc,openaq,66.8,286.0,,,,,,,,,,,False
2026-02-01 19:00:00+05:30,anand_vihar_new_delhi_dpcc,openaq,67.5,384.0,,,,,,,,,,,False
2026-02-01 20:00:00+05:30,anand_vihar_new_delhi_dpcc,openaq,147.0,475.0,,,,,,,,,,,False
2026-02-01 21:00:00+05:30,anand_vihar_new_delhi_dpcc,openaq,172.0,501.0,,,,,,,,,,,False
2026-02-01 22:00:00+05:30,anand_vihar_new_delhi_dpcc,openaq,159.0,446.0,,,,,,,,,,,False
2026-02-01 23:00:00+05:30,anand_vihar_new_delhi_dpcc,openaq,178.0,486.0,,,,,,,,,,,False
2026-02-02 01:00:00+05:30,anand_vihar_new_delhi_dpcc,openaq,213.0,424.0,,,,,,,,,,,False
2026-02-02 02:00:00+05:30,anand_vihar_new_delhi_dpcc,openaq,215.0,398.0,,,,,,,,,,,False
2026-02-02 03:00:00+05:30,anand_vihar_new_delhi_dpcc,openaq,165.0,239.0,,,,,,,,,,,False
2026-02-02 04:00:00+05:30,anand_vihar_new_delhi_dpcc,openaq,110.0,155.0,,,,,,,,,,,False
2026-02-02 05:00:00+05:30,anand_vihar_new_delhi_dpcc,openaq,80.8,125.0,,,,,,,,,,,False
2026-02-02 06:00:00+05:30,anand_vihar_new_delhi_dpcc,openaq,108.0,148.0,,,,,,,,,,,False
2026-02-02 07:00:00+05:30,anand_vihar_new_delhi_dpcc,openaq,109.0,158.0,,,,,,,,,,,False
2026-02-02 08:00:00+05:30,anand_vihar_new_delhi_dpcc,openaq,104.0,201.0,,,,,,,,,,,False
2026-02-02 09:00:00+05:30,anand_vihar_new_delhi_dpcc,openaq,122.0,227.0,,,,,,,,,,,False
2026-02-02 10:00:00+05:30,anand_vihar_new_delhi_dpcc,openaq,156.0,314.0,,,,,,,,,,,False
2026-02-02 11:00:00+05:30,anand_vihar_new_delhi_dpcc,openaq,178.0,311.0,,,,,,,,,,,False
2026-02-02 12:00:00+05:30,anand_vihar_new_delhi_dpcc,openaq,169.0,270.0,,,,,,,,,,,False
2026-02-02 13:00:00+05:30,anand_vihar_new_delhi_dpcc,openaq,166.0,261.0,,,,,,,,,,,False
2026-02-02 14:00:00+05:30,anand_vihar_new_delhi_dpcc,openaq,146.0,250.0,,,,,,,,,,,False
2026-02-02 15:00:00+05:30,anand_vihar_new_delhi_dpcc,openaq,118.0,226.0,,,,,,,,,,,False
2026-02-02 16:00:00+05:30,anand_vihar_new_delhi_dpcc,openaq,141.0,229.0,,,,,,,,,,,False
2026-02-02 17:00:00+05:30,anand_vihar_new_delhi_dpcc,openaq,147.0,243.0,,,,,,,,,,,False
2026-02-02 18:00:00+05:30,anand_vihar_new_delhi_dpcc,openaq,153.0,303.0,,,,,,,,,,,False
2026-02-02 21:00:00+05:30,anand_vihar_new_delhi_dpcc,openaq,213.0,459.0,,,,,,,,,,,False
2026-02-02 23:00:00+05:30,anand_vihar_new_delhi_dpcc,openaq,239.0,458.0,,,,,,,,,,,False
2026-02-03 01:00:00+05:30,anand_vihar_new_delhi_dpcc,openaq,196.0,395.0,,,,,,,,,,,False
2026-02-03 02:00:00+05:30,anand_vihar_new_delhi_dpcc,openaq,208.0,344.0,,,,,,,,,,,False
2026-02-03 03:00:00+05:30,anand_vihar_new_delhi_dpcc,openaq,191.0,290.0,,,,,,,,,,,False
2026-02-03 04:00:00+05:30,anand_vihar_new_delhi_dpcc,openaq,167.0,237.0,,,,,,,,,,,False
2026-02-03 05:00:00+05:30,anand_vihar_new_delhi_dpcc,openaq,166.0,245.0,,,,,,,,,,,False
2026-02-03 06:00:00+05:30,anand_vihar_new_delhi_dpcc,openaq,174.0,272.0,,,,,,,,,,,False
2026-02-03 08:00:00+05:30,anand_vihar_new_delhi_dpcc,openaq,122.0,197.0,,,,,,,,,,,False
2026-02-03 09:00:00+05:30,anand_vihar_new_delhi_dpcc,openaq,126.0,231.0,,,,,,,,,,,False
2026-02-03 10:00:00+05:30,anand_vihar_new_delhi_dpcc,openaq,139.0,238.0,,,,,,,,,,,False
2026-02-03 11:00:00+05:30,anand_vihar_new_delhi_dpcc,openaq,166.0,291.0,,,,,,,,,,,False
2026-02-03 12:00:00+05:30,anand_vihar_new_delhi_dpcc,openaq,203.0,305.0,,,,,,,,,,,False
2026-02-03 13:00:00+05:30,anand_vihar_new_delhi_dpcc,openaq,218.0,348.0,,,,,,,,,,,False
2026-02-03 14:00:00+05:30,anand_vihar_new_delhi_dpcc,openaq,239.0,388.0,,,,,,,,,,,False
2026-02-04 09:00:00+05:30,anand_vihar_new_delhi_dpcc,openaq,351.0,520.0,,,,,,,,,,,False
2026-02-04 10:00:00+05:30,anand_vihar_new_delhi_dpcc,openaq,346.0,549.0,,,,,,,,,,,False
2026-02-04 13:00:00+05:30,anand_vihar_new_delhi_dpcc,openaq,188.0,279.0,,,,,,,,,,,False
2026-02-04 15:00:00+05:30,anand_vihar_new_delhi_dpcc,openaq,99.7,193.0,,,,,,,,,,,False
2026-02-04 16:00:00+05:30,anand_vihar_new_delhi_dpcc,openaq,83.5,190.0,,,,,,,,,,,False
2026-02-04 17:00:00+05:30,anand_vihar_new_delhi_dpcc,openaq,46.0,179.0,,,,,,,,,,,False
2026-02-04 18:00:00+05:30,anand_vihar_new_delhi_dpcc,openaq,96.8,239.0,,,,,,,,,,,False
2026-02-04 19:00:00+05:30,anand_vihar_new_delhi_dpcc,openaq,122.0,310.0,,,,,,,,,,,False
2026-02-05 01:00:00+05:30,anand_vihar_new_delhi_dpcc,openaq,151.0,286.0,,,,,,,,,,,False
2026-02-05 02:00:00+05:30,anand_vihar_new_delhi_dpcc,openaq,145.0,239.0,,,,,,,,,,,False
2026-02-05 03:00:00+05:30,anand_vihar_new_delhi_dpcc,openaq,147.0,221.0,,,,,,,,,,,False
2026-02-05 04:00:00+05:30,anand_vihar_new_delhi_dpcc,openaq,150.0,217.0,,,,,,,,,,,False
2026-02-05 05:00:00+05:30,anand_vihar_new_delhi_dpcc,openaq,152.0,235.0,,,,,,,,,,,False
2026-02-05 06:00:00+05:30,anand_vihar_new_delhi_dpcc,openaq,163.0,270.0,,,,,,,,,,,False
2026-02-05 07:00:00+05:30,anand_vihar_new_delhi_dpcc,openaq,167.0,328.0,,,,,,,,,,,False
2026-02-05 08:00:00+05:30,anand_vihar_new_delhi_dpcc,openaq,197.0,488.0,,,,,,,,,,,False
2026-02-05 10:00:00+05:30,anand_vihar_new_delhi_dpcc,openaq,141.0,305.0,,,,,,,,,,,False
2026-02-05 11:00:00+05:30,anand_vihar_new_delhi_dpcc,openaq,119.0,267.0,,,,,,,,,,,False
2026-02-05 13:00:00+05:30,anand_vihar_new_delhi_dpcc,openaq,43.8,146.0,,,,,,,,,,,False
2026-02-05 14:00:00+05:30,anand_vihar_new_delhi_dpcc,openaq,67.8,153.0,,,,,,,,,,,False
2026-02-05 15:00:00+05:30,anand_vihar_new_delhi_dpcc,openaq,61.3,167.0,,,,,,,,,,,False
2026-02-05 16:00:00+05:30,anand_vihar_new_delhi_dpcc,openaq,60.8,194.0,,,,,,,,,,,False
2026-02-05 17:00:00+05:30,anand_vihar_new_delhi_dpcc,openaq,67.0,166.0,,,,,,,,,,,False
2026-02-05 18:00:00+05:30,anand_vihar_new_delhi_dpcc,openaq,101.0,247.0,,,,,,,,,,,False
2026-02-05 19:00:00+05:30,anand_vihar_new_delhi_dpcc,openaq,117.0,323.0,,,,,,,,,,,False
2026-02-05 20:00:00+05:30,anand_vihar_new_delhi_dpcc,openaq,139.0,374.0,,,,,,,,,,,False
2026-02-05 21:00:00+05:30,anand_vihar_new_delhi_dpcc,openaq,154.0,426.0,,,,,,,,,,,False
2026-02-05 22:00:00+05:30,anand_vihar_new_delhi_dpcc,openaq,149.0,386.0,,,,,,,,,,,False
2026-02-05 23:00:00+05:30,anand_vihar_new_delhi_dpcc,openaq,117.0,328.0,,,,,,,,,,,False
2026-02-06 01:00:00+05:30,anand_vihar_new_delhi_dpcc,openaq,119.0,260.0,,,,,,,,,,,False
2026-02-06 02:00:00+05:30,anand_vihar_new_delhi_dpcc,openaq,114.0,191.0,,,,,,,,,,,False
2026-02-06 03:00:00+05:30,anand_vihar_new_delhi_dpcc,openaq,100.0,210.0,,,,,,,,,,,False
2026-02-06 04:00:00+05:30,anand_vihar_new_delhi_dpcc,openaq,141.0,218.0,,,,,,,,,,,False
2026-02-06 05:00:00+05:30,anand_vihar_new_delhi_dpcc,openaq,151.0,230.0,,,,,,,,,,,False
2026-02-06 06:00:00+05:30,anand_vihar_new_delhi_dpcc,openaq,153.0,277.0,,,,,,,,,,,False
2026-02-06 07:00:00+05:30,anand_vihar_new_delhi_dpcc,openaq,154.0,287.0,,,,,,,,,,,False
2026-02-06 08:00:00+05:30,anand_vihar_new_delhi_dpcc,openaq,141.0,1320.0,,,,,,,,,,,False
2026-02-06 09:00:00+05:30,anand_vihar_new_delhi_dpcc,openaq,125.0,343.0,,,,,,,,,,,False
2026-02-06 10:00:00+05:30,anand_vihar_new_delhi_dpcc,openaq,141.0,320.0,,,,,,,,,,,False
2026-02-06 11:00:00+05:30,anand_vihar_new_delhi_dpcc,openaq,111.0,250.0,,,,,,,,,,,False
2026-02-06 12:00:00+05:30,anand_vihar_new_delhi_dpcc,openaq,79.5,221.0,,,,,,,,,,,False
2026-02-06 13:00:00+05:30,anand_vihar_new_delhi_dpcc,openaq,83.8,189.0,,,,,,,,,,,False
2026-02-06 14:00:00+05:30,anand_vihar_new_delhi_dpcc,openaq,104.0,218.0,,,,,,,,,,,False
2026-02-06 15:00:00+05:30,anand_vihar_new_delhi_dpcc,openaq,81.3,186.0,,,,,,,,,,,False
2026-02-06 16:00:00+05:30,anand_vihar_new_delhi_dpcc,openaq,71.0,180.0,,,,,,,,,,,False
2026-02-06 17:00:00+05:30,anand_vihar_new_delhi_dpcc,openaq,74.5,162.0,,,,,,,,,,,False
2026-02-06 18:00:00+05:30,anand_vihar_new_delhi_dpcc,openaq,86.3,272.0,,,,,,,,,,,False
2026-02-06 19:00:00+05:30,anand_vihar_new_delhi_dpcc,openaq,78.0,216.0,,,,,,,,,,,False
2026-02-06 20:00:00+05:30,anand_vihar_new_delhi_dpcc,openaq,132.0,320.0,,,,,,,,,,,False
2026-02-06 21:00:00+05:30,anand_vihar_new_delhi_dpcc,openaq,154.0,404.0,,,,,,,,,,,False
2026-02-06 22:00:00+05:30,anand_vihar_new_delhi_dpcc,openaq,150.0,309.0,,,,,,,,,,,False
2026-02-07 01:00:00+05:30,anand_vihar_new_delhi_dpcc,openaq,128.0,,,,,,,,,,,,False
2026-02-07 02:00:00+05:30,anand_vihar_new_delhi_dpcc,openaq,117.0,229.0,,,,,,,,,,,False
2026-02-07 03:00:00+05:30,anand_vihar_new_delhi_dpcc,openaq,119.0,206.0,,,,,,,,,,,False
2026-02-07 04:00:00+05:30,anand_vihar_new_delhi_dpcc,openaq,125.0,218.0,,,,,,,,,,,False
2026-02-07 05:00:00+05:30,anand_vihar_new_delhi_dpcc,openaq,110.0,204.0,,,,,,,,,,,False
2026-02-07 06:00:00+05:30,anand_vihar_new_delhi_dpcc,openaq,112.0,219.0,,,,,,,,,,,False
2026-02-07 07:00:00+05:30,anand_vihar_new_delhi_dpcc,openaq,136.0,298.0,,,,,,,,,,,False
2026-02-07 08:00:00+05:30,anand_vihar_new_delhi_dpcc,openaq,160.0,324.0,,,,,,,,,,,False
2026-02-07 09:00:00+05:30,anand_vihar_new_delhi_dpcc,openaq,145.0,310.0,,,,,,,,,,,False
2026-02-07 10:00:00+05:30,anand_vihar_new_delhi_dpcc,openaq,154.0,294.0,,,,,,,,,,,False
2026-02-07 11:00:00+05:30,anand_vihar_new_delhi_dpcc,openaq,137.0,294.0,,,,,,,,,,,False
2026-02-07 12:00:00+05:30,anand_vihar_new_delhi_dpcc,openaq,112.0,274.0,,,,,,,,,,,False
2026-02-07 13:00:00+05:30,anand_vihar_new_delhi_dpcc,openaq,91.8,234.0,,,,,,,,,,,False
2026-02-07 14:00:00+05:30,anand_vihar_new_delhi_dpcc,openaq,67.5,231.0,,,,,,,,,,,False
2026-02-07 15:00:00+05:30,anand_vihar_new_delhi_dpcc,openaq,34.8,172.0,,,,,,,,,,,False
2026-02-07 16:00:00+05:30,anand_vihar_new_delhi_dpcc,openaq,51.7,179.0,,,,,,,,,,,False
2026-02-07 17:00:00+05:30,anand_vihar_new_delhi_dpcc,openaq,79.3,211.0,,,,,,,,,,,False
2026-02-07 18:00:00+05:30,anand_vihar_new_delhi_dpcc,openaq,95.3,234.0,,,,,,,,,,,False
2026-02-07 19:00:00+05:30,anand_vihar_new_delhi_dpcc,openaq,124.0,281.0,,,,,,,,,,,False
2026-02-07 20:00:00+05:30,anand_vihar_new_delhi_dpcc,openaq,169.0,351.0,,,,,,,,,,,False
2026-02-07 21:00:00+05:30,anand_vihar_new_delhi_dpcc,openaq,128.0,297.0,,,,,,,,,,,False
2026-02-07 22:00:00+05:30,anand_vihar_new_delhi_dpcc,openaq,122.0,235.0,,,,,,,,,,,False
2026-02-07 23:00:00+05:30,anand_vihar_new_delhi_dpcc,openaq,128.0,307.0,,,,,,,,,,,False
2026-02-08 22:00:00+05:30,anand_vihar_new_delhi_dpcc,openaq,178.0,529.0,,,,,,,,,,,False
2026-02-08 23:00:00+05:30,anand_vihar_new_delhi_dpcc,openaq,190.0,506.0,,,,,,,,,,,False
2026-02-09 01:00:00+05:30,anand_vihar_new_delhi_dpcc,openaq,227.0,563.0,,,,,,,,,,,False
2026-02-09 02:00:00+05:30,anand_vihar_new_delhi_dpcc,openaq,241.0,462.0,,,,,,,,,,,False
2026-02-09 03:00:00+05:30,anand_vihar_new_delhi_dpcc,openaq,203.0,389.0,,,,,,,,,,,False
2026-02-09 04:00:00+05:30,anand_vihar_new_delhi_dpcc,openaq,212.0,398.0,,,,,,,,,,,False
2026-02-09 05:00:00+05:30,anand_vihar_new_delhi_dpcc,openaq,215.0,434.0,,,,,,,,,,,False
2026-02-09 07:00:00+05:30,anand_vihar_new_delhi_dpcc,openaq,173.0,399.0,,,,,,,,,,,False
2026-02-09 08:00:00+05:30,anand_vihar_new_delhi_dpcc,openaq,174.0,350.0,,,,,,,,,,,False
2026-02-09 09:00:00+05:30,anand_vihar_new_delhi_dpcc,openaq,165.0,404.0,,,,,,,,,,,False
2026-02-09 10:00:00+05:30,anand_vihar_new_delhi_dpcc,openaq,175.0,521.0,,,,,,,,,,,False
2026-02-09 11:00:00+05:30,anand_vihar_new_delhi_dpcc,openaq,184.0,320.0,,,,,,,,,,,False
2026-02-09 14:00:00+05:30,anand_vihar_new_delhi_dpcc,openaq,96.7,183.0,,,,,,,,,,,False
2026-02-09 15:00:00+05:30,anand_vihar_new_delhi_dpcc,openaq,88.3,174.0,,,,,,,,,,,False
2026-02-09 16:00:00+05:30,anand_vihar_new_delhi_dpcc,openaq,75.5,152.0,,,,,,,,,,,False
2026-02-09 17:00:00+05:30,anand_vihar_new_delhi_dpcc,openaq,40.8,121.0,,,,,,,,,,,False
2026-02-09 19:00:00+05:30,anand_vihar_new_delhi_dpcc,openaq,102.0,301.0,,,,,,,,,,,False
2026-02-09 20:00:00+05:30,anand_vihar_new_delhi_dpcc,openaq,151.0,481.0,,,,,,,,,,,False
2026-02-09 21:00:00+05:30,anand_vihar_new_delhi_dpcc,openaq,204.0,608.0,,,,,,,,,,,False
2026-02-09 22:00:00+05:30,anand_vihar_new_delhi_dpcc,openaq,267.0,702.0,,,,,,,,,,,False
2026-02-09 23:00:00+05:30,anand_vihar_new_delhi_dpcc,openaq,274.0,,,,,,,,,,,,False
2026-02-10 01:00:00+05:30,anand_vihar_new_delhi_dpcc,openaq,229.0,563.0,,,,,,,,,,,False
2026-02-10 02:00:00+05:30,anand_vihar_new_delhi_dpcc,openaq,201.0,421.0,,,,,,,,,,,False
2026-02-10 03:00:00+05:30,anand_vihar_new_delhi_dpcc,openaq,191.0,389.0,,,,,,,,,,,False
2026-02-10 05:00:00+05:30,anand_vihar_new_delhi_dpcc,openaq,259.0,503.0,,,,,,,,,,,False
2026-02-10 06:00:00+05:30,anand_vihar_new_delhi_dpcc,openaq,271.0,547.0,,,,,,,,,,,False
2026-02-10 07:00:00+05:30,anand_vihar_new_delhi_dpcc,openaq,297.0,542.0,,,,,,,,,,,False
2026-02-10 08:00:00+05:30,anand_vihar_new_delhi_dpcc,openaq,317.0,,,,,,,,,,,,False
2026-02-10 09:00:00+05:30,anand_vihar_new_delhi_dpcc,openaq,253.0,604.0,,,,,,,,,,,False
2026-02-10 10:00:00+05:30,anand_vihar_new_delhi_dpcc,openaq,200.0,358.0,,,,,,,,,,,False
2026-02-10 11:00:00+05:30,anand_vihar_new_delhi_dpcc,openaq,132.0,258.0,,,,,,,,,,,False
2026-02-10 12:00:00+05:30,anand_vihar_new_delhi_dpcc,openaq,83.5,191.0,,,,,,,,,,,False
2026-02-10 13:00:00+05:30,anand_vihar_new_delhi_dpcc,openaq,75.5,175.0,,,,,,,,,,,False
2026-02-10 14:00:00+05:30,anand_vihar_new_delhi_dpcc,openaq,102.0,198.0,,,,,,,,,,,False
2026-02-10 15:00:00+05:30,anand_vihar_new_delhi_dpcc,openaq,105.0,203.0,,,,,,,,,,,False
2026-02-10 16:00:00+05:30,anand_vihar_new_delhi_dpcc,openaq,105.0,211.0,,,,,,,,,,,False
2026-02-10 17:00:00+05:30,anand_vihar_new_delhi_dpcc,openaq,106.0,204.0,,,,,,,,,,,False
2026-02-10 18:00:00+05:30,anand_vihar_new_delhi_dpcc,openaq,175.0,337.0,,,,,,,,,,,False
2026-02-10 19:00:00+05:30,anand_vihar_new_delhi_dpcc,openaq,165.0,479.0,,,,,,,,,,,False
2026-02-10 20:00:00+05:30,anand_vihar_new_delhi_dpcc,openaq,223.0,698.0,,,,,,,,,,,False
2026-02-10 21:00:00+05:30,anand_vihar_new_delhi_dpcc,openaq,242.0,713.0,,,,,,,,,,,False
2026-02-10 22:00:00+05:30,anand_vihar_new_delhi_dpcc,openaq,262.0,691.0,,,,,,,,,,,False
2026-02-11 12:00:00+05:30,anand_vihar_new_delhi_dpcc,openaq,136.0,290.0,,,,,,,,,,,False
2026-02-11 13:00:00+05:30,anand_vihar_new_delhi_dpcc,openaq,114.0,226.0,,,,,,,,,,,False
2026-02-11 14:00:00+05:30,anand_vihar_new_delhi_dpcc,openaq,137.0,247.0,,,,,,,,,,,False
2026-02-11 15:00:00+05:30,anand_vihar_new_delhi_dpcc,openaq,85.0,210.0,,,,,,,,,,,False
2026-02-11 16:00:00+05:30,anand_vihar_new_delhi_dpcc,openaq,72.3,191.0,,,,,,,,,,,False
2026-02-11 17:00:00+05:30,anand_vihar_new_delhi_dpcc,openaq,77.8,198.0,,,,,,,,,,,False
2026-02-11 18:00:00+05:30,anand_vihar_new_delhi_dpcc,openaq,60.3,203.0,,,,,,,,,,,False
2026-02-11 19:00:00+05:30,anand_vihar_new_delhi_dpcc,openaq,36.5,238.0,,,,,,,,,,,False
2026-02-11 20:00:00+05:30,anand_vihar_new_delhi_dpcc,openaq,89.0,305.0,,,,,,,,,,,False
2026-02-11 21:00:00+05:30,anand_vihar_new_delhi_dpcc,openaq,115.0,314.0,,,,,,,,,,,False
2026-02-11 22:00:00+05:30,anand_vihar_new_delhi_dpcc,openaq,105.0,266.0,,,,,,,,,,,False
2026-02-11 23:00:00+05:30,anand_vihar_new_delhi_dpcc,openaq,85.0,201.0,,,,,,,,,,,False
2026-02-12 01:00:00+05:30,anand_vihar_new_delhi_dpcc,openaq,78.0,215.0,,,,,,,,,,,False
2026-02-12 02:00:00+05:30,anand_vihar_new_delhi_dpcc,openaq,75.0,179.0,,,,,,,,,,,False
2026-02-12 03:00:00+05:30,anand_vihar_new_delhi_dpcc,openaq,74.5,189.0,,,,,,,,,,,False
2026-02-12 04:00:00+05:30,anand_vihar_new_delhi_dpcc,openaq,82.3,153.0,,,,,,,,,,,False
2026-02-12 05:00:00+05:30,anand_vihar_new_delhi_dpcc,openaq,63.3,145.0,,,,,,,,,,,False
2026-02-12 06:00:00+05:30,anand_vihar_new_delhi_dpcc,openaq,82.5,168.0,,,,,,,,,,,False
2026-02-12 07:00:00+05:30,anand_vihar_new_delhi_dpcc,openaq,100.0,254.0,,,,,,,,,,,False
2026-02-12 09:00:00+05:30,anand_vihar_new_delhi_dpcc,openaq,121.0,332.0,,,,,,,,,,,False
2026-02-12 10:00:00+05:30,anand_vihar_new_delhi_dpcc,openaq,145.0,324.0,,,,,,,,,,,False
2026-02-12 11:00:00+05:30,anand_vihar_new_delhi_dpcc,openaq,115.0,267.0,,,,,,,,,,,False
2026-02-12 12:00:00+05:30,anand_vihar_new_delhi_dpcc,openaq,84.0,223.0,,,,,,,,,,,False
2026-02-12 13:00:00+05:30,anand_vihar_new_delhi_dpcc,openaq,59.3,165.0,,,,,,,,,,,False
2026-02-12 14:00:00+05:30,anand_vihar_new_delhi_dpcc,openaq,48.0,119.0,,,,,,,,,,,False
2026-02-12 15:00:00+05:30,anand_vihar_new_delhi_dpcc,openaq,,55.7,,,,,,,,,,,False
2026-02-12 16:00:00+05:30,anand_vihar_new_delhi_dpcc,openaq,11.5,90.0,,,,,,,,,,,False
2026-02-12 17:00:00+05:30,anand_vihar_new_delhi_dpcc,openaq,41.3,116.0,,,,,,,,,,,False
2026-02-12 18:00:00+05:30,anand_vihar_new_delhi_dpcc,openaq,51.0,173.0,,,,,,,,,,,False
2026-02-12 19:00:00+05:30,anand_vihar_new_delhi_dpcc,openaq,85.5,253.0,,,,,,,,,,,False
2026-02-12 20:00:00+05:30,anand_vihar_new_delhi_dpcc,openaq,134.0,319.0,,,,,,,,,,,False
2026-02-12 21:00:00+05:30,anand_vihar_new_delhi_dpcc,openaq,134.0,422.0,,,,,,,,,,,False
2026-02-12 22:00:00+05:30,anand_vihar_new_delhi_dpcc,openaq,147.0,452.0,,,,,,,,,,,False
2026-02-12 23:00:00+05:30,anand_vihar_new_delhi_dpcc,openaq,153.0,497.0,,,,,,,,,,,False
2026-02-13 01:00:00+05:30,anand_vihar_new_delhi_dpcc,openaq,93.5,255.0,,,,,,,,,,,False
2026-02-13 02:00:00+05:30,anand_vihar_new_delhi_dpcc,openaq,109.0,221.0,,,,,,,,,,,False
2026-02-13 03:00:00+05:30,anand_vihar_new_delhi_dpcc,openaq,115.0,211.0,,,,,,,,,,,False
2026-02-13 04:00:00+05:30,anand_vihar_new_delhi_dpcc,openaq,115.0,187.0,,,,,,,,,,,False
2026-02-13 05:00:00+05:30,anand_vihar_new_delhi_dpcc,openaq,133.0,219.0,,,,,,,,,,,False
2026-02-13 06:00:00+05:30,anand_vihar_new_delhi_dpcc,openaq,162.0,286.0,,,,,,,,,,,False
2026-02-13 07:00:00+05:30,anand_vihar_new_delhi_dpcc,openaq,152.0,315.0,,,,,,,,,,,False
2026-02-13 08:00:00+05:30,anand_vihar_new_delhi_dpcc,openaq,145.0,298.0,,,,,,,,,,,False
2026-02-13 09:00:00+05:30,anand_vihar_new_delhi_dpcc,openaq,164.0,321.0,,,,,,,,,,,False
2026-02-13 10:00:00+05:30,anand_vihar_new_delhi_dpcc,openaq,164.0,,,,,,,,,,,,False
2026-02-13 11:00:00+05:30,anand_vihar_new_delhi_dpcc,openaq,34.0,183.0,,,,,,,,,,,False
2026-02-13 12:00:00+05:30,anand_vihar_new_delhi_dpcc,openaq,60.0,160.0,,,,,,,,,,,False
2026-02-13 13:00:00+05:30,anand_vihar_new_delhi_dpcc,openaq,64.8,167.0,,,,,,,,,,,False
2026-02-13 14:00:00+05:30,anand_vihar_new_delhi_dpcc,openaq,68.3,157.0,,,,,,,,,,,False
2026-02-13 15:00:00+05:30,anand_vihar_new_delhi_dpcc,openaq,75.0,155.0,,,,,,,,,,,False
2026-02-13 16:00:00+05:30,anand_vihar_new_delhi_dpcc,openaq,101.0,187.0,,,,,,,,,,,False
2026-02-13 17:00:00+05:30,anand_vihar_new_delhi_dpcc,openaq,70.3,200.0,,,,,,,,,,,False
2026-02-13 18:00:00+05:30,anand_vihar_new_delhi_dpcc,openaq,76.3,252.0,,,,,,,,,,,False
2026-02-13 19:00:00+05:30,anand_vihar_new_delhi_dpcc,openaq,95.0,371.0,,,,,,,,,,,False
2026-02-13 20:00:00+05:30,anand_vihar_new_delhi_dpcc,openaq,110.0,413.0,,,,,,,,,,,False
2026-02-13 21:00:00+05:30,anand_vihar_new_delhi_dpcc,openaq,89.0,371.0,,,,,,,,,,,False
2026-02-13 22:00:00+05:30,anand_vihar_new_delhi_dpcc,openaq,145.0,464.0,,,,,,,,,,,False
2026-02-13 23:00:00+05:30,anand_vihar_new_delhi_dpcc,openaq,168.0,461.0,,,,,,,,,,,False
2026-02-14 01:00:00+05:30,anand_vihar_new_delhi_dpcc,openaq,209.0,568.0,,,,,,,,,,,False
2026-02-14 02:00:00+05:30,anand_vihar_new_delhi_dpcc,openaq,201.0,416.0,,,,,,,,,,,False
2026-02-14 03:00:00+05:30,anand_vihar_new_delhi_dpcc,openaq,167.0,326.0,,,,,,,,,,,False
2026-02-14 04:00:00+05:30,anand_vihar_new_delhi_dpcc,openaq,158.0,296.0,,,,,,,,,,,False
2026-02-14 05:00:00+05:30,anand_vihar_new_delhi_dpcc,openaq,154.0,279.0,,,,,,,,,,,False
2026-02-14 06:00:00+05:30,anand_vihar_new_delhi_dpcc,openaq,171.0,303.0,,,,,,,,,,,False
2026-02-14 07:00:00+05:30,anand_vihar_new_delhi_dpcc,openaq,169.0,313.0,,,,,,,,,,,False
2026-02-14 08:00:00+05:30,anand_vihar_new_delhi_dpcc,openaq,191.0,411.0,,,,,,,,,,,False
2026-02-14 09:00:00+05:30,anand_vihar_new_delhi_dpcc,openaq,203.0,484.0,,,,,,,,,,,False
2026-02-14 10:00:00+05:30,anand_vihar_new_delhi_dpcc,openaq,181.0,510.0,,,,,,,,,,,False
2026-02-14 11:00:00+05:30,anand_vihar_new_delhi_dpcc,openaq,129.0,267.0,,,,,,,,,,,False
2026-02-14 12:00:00+05:30,anand_vihar_new_delhi_dpcc,openaq,126.0,234.0,,,,,,,,,,,False
2026-02-14 13:00:00+05:30,anand_vihar_new_delhi_dpcc,openaq,94.7,213.0,,,,,,,,,,,False
2026-02-14 14:00:00+05:30,anand_vihar_new_delhi_dpcc,openaq,78.5,190.0,,,,,,,,,,,False
2026-02-14 15:00:00+05:30,anand_vihar_new_delhi_dpcc,openaq,64.5,,,,,,,,,,,,False
2026-02-14 16:00:00+05:30,anand_vihar_new_delhi_dpcc,openaq,55.3,,,,,,,,,,,,False
2026-02-14 17:00:00+05:30,anand_vihar_new_delhi_dpcc,openaq,10.7,107.0,,,,,,,,,,,False
2026-02-14 18:00:00+05:30,anand_vihar_new_delhi_dpcc,openaq,35.3,187.0,,,,,,,,,,,False
2026-02-14 19:00:00+05:30,anand_vihar_new_delhi_dpcc,openaq,83.3,328.0,,,,,,,,,,,False
2026-02-14 20:00:00+05:30,anand_vihar_new_delhi_dpcc,openaq,120.0,381.0,,,,,,,,,,,False
2026-02-14 21:00:00+05:30,anand_vihar_new_delhi_dpcc,openaq,160.0,471.0,,,,,,,,,,,False
2026-02-14 22:00:00+05:30,anand_vihar_new_delhi_dpcc,openaq,168.0,400.0,,,,,,,,,,,False
2026-02-14 23:00:00+05:30,anand_vihar_new_delhi_dpcc,openaq,155.0,382.0,,,,,,,,,,,False
2026-02-15 01:00:00+05:30,anand_vihar_new_delhi_dpcc,openaq,135.0,328.0,,,,,,,,,,,False
2026-02-15 02:00:00+05:30,anand_vihar_new_delhi_dpcc,openaq,140.0,293.0,,,,,,,,,,,False
2026-02-15 03:00:00+05:30,anand_vihar_new_delhi_dpcc,openaq,136.0,239.0,,,,,,,,,,,False
2026-02-15 04:00:00+05:30,anand_vihar_new_delhi_dpcc,openaq,166.0,245.0,,,,,,,,,,,False
2026-02-15 05:00:00+05:30,anand_vihar_new_delhi_dpcc,openaq,140.0,239.0,,,,,,,,,,,False
2026-02-15 06:00:00+05:30,anand_vihar_new_delhi_dpcc,openaq,118.0,228.0,,,,,,,,,,,False
2026-02-15 07:00:00+05:30,anand_vihar_new_delhi_dpcc,openaq,114.0,242.0,,,,,,,,,,,False
2026-02-15 08:00:00+05:30,anand_vihar_new_delhi_dpcc,openaq,127.0,318.0,,,,,,,,,,,False
2026-02-15 09:00:00+05:30,anand_vihar_new_delhi_dpcc,openaq,129.0,454.0,,,,,,,,,,,False
2026-02-15 10:00:00+05:30,anand_vihar_new_delhi_dpcc,openaq,120.0,,,,,,,,,,,,False
2026-02-15 11:00:00+05:30,anand_vihar_new_delhi_dpcc,openaq,118.0,,,,,,,,,,,,False
2026-02-15 12:00:00+05:30,anand_vihar_new_delhi_dpcc,openaq,80.3,,,,,,,,,,,,False
2026-02-15 13:00:00+05:30,anand_vihar_new_delhi_dpcc,openaq,34.5,130.0,,,,,,,,,,,False
2026-02-15 14:00:00+05:30,anand_vihar_new_delhi_dpcc,openaq,32.0,138.0,,,,,,,,,,,False
2026-02-15 15:00:00+05:30,anand_vihar_new_delhi_dpcc,openaq,41.3,148.0,,,,,,,,,,,False
2026-02-15 16:00:00+05:30,anand_vihar_new_delhi_dpcc,openaq,59.3,161.0,,,,,,,,,,,False
2026-02-15 17:00:00+05:30,anand_vihar_new_delhi_dpcc,openaq,84.0,195.0,,,,,,,,,,,False
2026-02-15 18:00:00+05:30,anand_vihar_new_delhi_dpcc,openaq,116.0,280.0,,,,,,,,,,,False
2026-02-15 19:00:00+05:30,anand_vihar_new_delhi_dpcc,openaq,94.0,315.0,,,,,,,,,,,False
2026-02-15 20:00:00+05:30,anand_vihar_new_delhi_dpcc,openaq,106.0,368.0,,,,,,,,,,,False
2026-02-15 21:00:00+05:30,anand_vihar_new_delhi_dpcc,openaq,127.0,437.0,,,,,,,,,,,False
2026-02-15 22:00:00+05:30,anand_vihar_new_delhi_dpcc,openaq,140.0,427.0,,,,,,,,,,,False
2026-02-15 23:00:00+05:30,anand_vihar_new_delhi_dpcc,openaq,141.0,464.0,,,,,,,,,,,False
2026-02-16 01:00:00+05:30,anand_vihar_new_delhi_dpcc,openaq,222.0,585.0,,,,,,,,,,,False
2026-02-16 02:00:00+05:30,anand_vihar_new_delhi_dpcc,openaq,232.0,509.0,,,,,,,,,,,False
2026-02-16 03:00:00+05:30,anand_vihar_new_delhi_dpcc,openaq,222.0,428.0,,,,,,,,,,,False
2026-02-16 04:00:00+05:30,anand_vihar_new_delhi_dpcc,openaq,206.0,382.0,,,,,,,,,,,False
2026-02-16 05:00:00+05:30,anand_vihar_new_delhi_dpcc,openaq,181.0,337.0,,,,,,,,,,,False
2026-02-16 06:00:00+05:30,anand_vihar_new_delhi_dpcc,openaq,185.0,353.0,,,,,,,,,,,False
2026-02-16 07:00:00+05:30,anand_vihar_new_delhi_dpcc,openaq,187.0,380.0,,,,,,,,,,,False
2026-02-16 08:00:00+05:30,anand_vihar_new_delhi_dpcc,openaq,166.0,376.0,,,,,,,,,,,False
2026-02-16 09:00:00+05:30,anand_vihar_new_delhi_dpcc,openaq,144.0,396.0,,,,,,,,,,,False
2026-02-17 13:00:00+05:30,anand_vihar_new_delhi_dpcc,openaq,47.0,155.0,,,,,,,,,,,False
2026-02-17 14:00:00+05:30,anand_vihar_new_delhi_dpcc,openaq,37.3,117.0,,,,,,,,,,,False
2026-02-17 15:00:00+05:30,anand_vihar_new_delhi_dpcc,openaq,38.8,105.0,,,,,,,,,,,False
2026-02-17 16:00:00+05:30,anand_vihar_new_delhi_dpcc,openaq,49.0,123.0,,,,,,,,,,,False
2026-02-17 17:00:00+05:30,anand_vihar_new_delhi_dpcc,openaq,49.0,139.0,,,,,,,,,,,False
2026-02-17 18:00:00+05:30,anand_vihar_new_delhi_dpcc,openaq,64.5,181.0,,,,,,,,,,,False
2026-02-17 19:00:00+05:30,anand_vihar_new_delhi_dpcc,openaq,86.0,230.0,,,,,,,,,,,False
2026-02-17 20:00:00+05:30,anand_vihar_new_delhi_dpcc,openaq,97.3,274.0,,,,,,,,,,,False
2026-02-17 21:00:00+05:30,anand_vihar_new_delhi_dpcc,openaq,123.0,323.0,,,,,,,,,,,False
2026-02-18 08:00:00+05:30,anand_vihar_new_delhi_dpcc,openaq,157.0,284.0,,,,,,,,,,,False
2026-02-18 09:00:00+05:30,anand_vihar_new_delhi_dpcc,openaq,107.0,221.0,,,,,,,,,,,False
2026-02-18 10:00:00+05:30,anand_vihar_new_delhi_dpcc,openaq,101.0,221.0,,,,,,,,,,,False
2026-02-18 11:00:00+05:30,anand_vihar_new_delhi_dpcc,openaq,106.0,225.0,,,,,,,,,,,False
2026-02-18 12:00:00+05:30,anand_vihar_new_delhi_dpcc,openaq,151.0,295.0,,,,,,,,,,,False
2026-02-18 13:00:00+05:30,anand_vihar_new_delhi_dpcc,openaq,94.3,211.0,,,,,,,,,,,False
2026-02-18 14:00:00+05:30,anand_vihar_new_delhi_dpcc,openaq,49.7,108.0,,,,,,,,,,,False
2026-02-18 15:00:00+05:30,anand_vihar_new_delhi_dpcc,openaq,2.25,42.5,,,,,,,,,,,False
2026-02-18 16:00:00+05:30,anand_vihar_new_delhi_dpcc,openaq,18.5,62.0,,,,,,,,,,,False
2026-02-18 17:00:00+05:30,anand_vihar_new_delhi_dpcc,openaq,58.0,125.0,,,,,,,,,,,False
2026-02-18 18:00:00+05:30,anand_vihar_new_delhi_dpcc,openaq,68.8,166.0,,,,,,,,,,,False
2026-02-18 19:00:00+05:30,anand_vihar_new_delhi_dpcc,openaq,91.5,231.0,,,,,,,,,,,False
2026-02-18 20:00:00+05:30,anand_vihar_new_delhi_dpcc,openaq,112.0,258.0,,,,,,,,,,,False
2026-02-18 21:00:00+05:30,anand_vihar_new_delhi_dpcc,openaq,96.3,189.0,,,,,,,,,,,False
2026-02-19 17:00:00+05:30,anand_vihar_new_delhi_dpcc,openaq,60.0,231.0,,,,,,,,,,,False
2026-02-19 18:00:00+05:30,anand_vihar_new_delhi_dpcc,openaq,64.0,244.0,,,,,,,,,,,False
2026-02-19 19:00:00+05:30,anand_vihar_new_delhi_dpcc,openaq,93.0,286.0,,,,,,,,,,,False
2026-02-19 20:00:00+05:30,anand_vihar_new_delhi_dpcc,openaq,106.0,283.0,,,,,,,,,,,False
2026-02-19 21:00:00+05:30,anand_vihar_new_delhi_dpcc,openaq,115.0,287.0,,,,,,,,,,,False
2026-02-19 22:00:00+05:30,anand_vihar_new_delhi_dpcc,openaq,110.0,259.0,,,,,,,,,,,False
2026-02-19 23:00:00+05:30,anand_vihar_new_delhi_dpcc,openaq,117.0,288.0,,,,,,,,,,,False
2026-02-20 01:00:00+05:30,anand_vihar_new_delhi_dpcc,openaq,133.0,293.0,,,,,,,,,,,False
2026-02-20 02:00:00+05:30,anand_vihar_new_delhi_dpcc,openaq,130.0,269.0,,,,,,,,,,,False
2026-02-20 03:00:00+05:30,anand_vihar_new_delhi_dpcc,openaq,119.0,224.0,,,,,,,,,,,False
2026-02-20 04:00:00+05:30,anand_vihar_new_delhi_dpcc,openaq,121.0,261.0,,,,,,,,,,,False
2026-02-20 05:00:00+05:30,anand_vihar_new_delhi_dpcc,openaq,125.0,242.0,,,,,,,,,,,False
2026-02-20 06:00:00+05:30,anand_vihar_new_delhi_dpcc,openaq,140.0,265.0,,,,,,,,,,,False
2026-02-20 07:00:00+05:30,anand_vihar_new_delhi_dpcc,openaq,157.0,309.0,,,,,,,,,,,False
2026-02-20 08:00:00+05:30,anand_vihar_new_delhi_dpcc,openaq,174.0,338.0,,,,,,,,,,,False
2026-02-20 09:00:00+05:30,anand_vihar_new_delhi_dpcc,openaq,179.0,375.0,,,,,,,,,,,False
2026-02-20 11:00:00+05:30,anand_vihar_new_delhi_dpcc,openaq,151.0,374.0,,,,,,,,,,,False
2026-02-20 12:00:00+05:30,anand_vihar_new_delhi_dpcc,openaq,103.0,305.0,,,,,,,,,,,False
2026-02-20 16:00:00+05:30,anand_vihar_new_delhi_dpcc,openaq,53.5,,,,,,,,,,,,False
2026-02-20 17:00:00+05:30,anand_vihar_new_delhi_dpcc,openaq,14.8,91.0,,,,,,,,,,,False
2026-02-20 18:00:00+05:30,anand_vihar_new_delhi_dpcc,openaq,10.3,83.3,,,,,,,,,,,False
2026-02-20 19:00:00+05:30,anand_vihar_new_delhi_dpcc,openaq,18.5,202.0,,,,,,,,,,,False
2026-02-20 20:00:00+05:30,anand_vihar_new_delhi_dpcc,openaq,50.0,357.0,,,,,,,,,,,False
2026-02-20 21:00:00+05:30,anand_vihar_new_delhi_dpcc,openaq,83.8,322.0,,,,,,,,,,,False
2026-02-20 22:00:00+05:30,anand_vihar_new_delhi_dpcc,openaq,87.0,315.0,,,,,,,,,,,False
2026-02-20 23:00:00+05:30,anand_vihar_new_delhi_dpcc,openaq,117.0,395.0,,,,,,,,,,,False
2026-02-21 01:00:00+05:30,anand_vihar_new_delhi_dpcc,openaq,153.0,316.0,,,,,,,,,,,False
2026-02-21 02:00:00+05:30,anand_vihar_new_delhi_dpcc,openaq,117.0,252.0,,,,,,,,,,,False
2026-02-21 03:00:00+05:30,anand_vihar_new_delhi_dpcc,openaq,109.0,231.0,,,,,,,,,,,False
2026-02-21 04:00:00+05:30,anand_vihar_new_delhi_dpcc,openaq,98.3,194.0,,,,,,,,,,,False
2026-02-21 05:00:00+05:30,anand_vihar_new_delhi_dpcc,openaq,77.5,177.0,,,,,,,,,,,False
2026-02-21 06:00:00+05:30,anand_vihar_new_delhi_dpcc,openaq,124.0,245.0,,,,,,,,,,,False
2026-02-21 07:00:00+05:30,anand_vihar_new_delhi_dpcc,openaq,134.0,262.0,,,,,,,,,,,False
2026-02-21 08:00:00+05:30,anand_vihar_new_delhi_dpcc,openaq,150.0,325.0,,,,,,,,,,,False
2026-02-21 09:00:00+05:30,anand_vihar_new_delhi_dpcc,openaq,200.0,480.0,,,,,,,,,,,False
2026-02-21 10:00:00+05:30,anand_vihar_new_delhi_dpcc,openaq,224.0,553.0,,,,,,,,,,,False
2026-02-21 11:00:00+05:30,anand_vihar_new_delhi_dpcc,openaq,209.0,536.0,,,,,,,,,,,False
2026-02-21 13:00:00+05:30,anand_vihar_new_delhi_dpcc,openaq,104.0,238.0,,,,,,,,,,,False
2026-02-21 14:00:00+05:30,anand_vihar_new_delhi_dpcc,openaq,68.8,159.0,,,,,,,,,,,False
2026-02-21 15:00:00+05:30,anand_vihar_new_delhi_dpcc,openaq,31.3,123.0,,,,,,,,,,,False
2026-02-21 17:00:00+05:30,anand_vihar_new_delhi_dpcc,openaq,56.3,199.0,,,,,,,,,,,False
2026-02-21 18:00:00+05:30,anand_vihar_new_delhi_dpcc,openaq,69.5,251.0,,,,,,,,,,,False
2026-02-21 19:00:00+05:30,anand_vihar_new_delhi_dpcc,openaq,127.0,419.0,,,,,,,,,,,False
2026-02-21 20:00:00+05:30,anand_vihar_new_delhi_dpcc,openaq,186.0,562.0,,,,,,,,,,,False
2026-02-21 21:00:00+05:30,anand_vihar_new_delhi_dpcc,openaq,202.0,580.0,,,,,,,,,,,False
2026-02-21 22:00:00+05:30,anand_vihar_new_delhi_dpcc,openaq,194.0,474.0,,,,,,,,,,,False
2026-02-21 23:00:00+05:30,anand_vihar_new_delhi_dpcc,openaq,196.0,466.0,,,,,,,,,,,False
2026-02-22 02:00:00+05:30,anand_vihar_new_delhi_dpcc,openaq,149.0,350.0,,,,,,,,,,,False
2026-02-22 03:00:00+05:30,anand_vihar_new_delhi_dpcc,openaq,166.0,340.0,,,,,,,,,,,False
2026-02-22 04:00:00+05:30,anand_vihar_new_delhi_dpcc,openaq,182.0,342.0,,,,,,,,,,,False
2026-02-22 05:00:00+05:30,anand_vihar_new_delhi_dpcc,openaq,218.0,416.0,,,,,,,,,,,False
2026-02-22 06:00:00+05:30,anand_vihar_new_delhi_dpcc,openaq,223.0,437.0,,,,,,,,,,,False
2026-02-22 07:00:00+05:30,anand_vihar_new_delhi_dpcc,openaq,182.0,324.0,,,,,,,,,,,False
2026-02-22 08:00:00+05:30,anand_vihar_new_delhi_dpcc,openaq,155.0,288.0,,,,,,,,,,,False
2026-02-22 09:00:00+05:30,anand_vihar_new_delhi_dpcc,openaq,137.0,268.0,,,,,,,,,,,False
2026-02-22 10:00:00+05:30,anand_vihar_new_delhi_dpcc,openaq,81.5,170.0,,,,,,,,,,,False
2026-02-22 11:00:00+05:30,anand_vihar_new_delhi_dpcc,openaq,30.5,132.0,,,,,,,,,,,False
2026-02-22 12:00:00+05:30,anand_vihar_new_delhi_dpcc,openaq,53.8,156.0,,,,,,,,,,,False
2026-02-22 13:00:00+05:30,anand_vihar_new_delhi_dpcc,openaq,56.0,158.0,,,,,,,,,,,False
2026-02-22 14:00:00+05:30,anand_vihar_new_delhi_dpcc,openaq,48.3,147.0,,,,,,,,,,,False
2026-02-22 15:00:00+05:30,anand_vihar_new_delhi_dpcc,openaq,83.8,225.0,,,,,,,,,,,False
2026-02-22 16:00:00+05:30,anand_vihar_new_delhi_dpcc,openaq,111.0,274.0,,,,,,,,,,,False
2026-02-22 17:00:00+05:30,anand_vihar_new_delhi_dpcc,openaq,65.7,230.0,,,,,,,,,,,False
2026-02-22 18:00:00+05:30,anand_vihar_new_delhi_dpcc,openaq,68.0,282.0,,,,,,,,,,,False
2026-02-22 19:00:00+05:30,anand_vihar_new_delhi_dpcc,openaq,85.0,422.0,,,,,,,,,,,False
2026-02-22 21:00:00+05:30,anand_vihar_new_delhi_dpcc,openaq,70.0,466.0,,,,,,,,,,,False
2026-02-22 22:00:00+05:30,anand_vihar_new_delhi_dpcc,openaq,173.0,559.0,,,,,,,,,,,False
2026-02-22 23:00:00+05:30,anand_vihar_new_delhi_dpcc,openaq,257.0,539.0,,,,,,,,,,,False
2026-02-23 01:00:00+05:30,anand_vihar_new_delhi_dpcc,openaq,223.0,693.0,,,,,,,,,,,False
2026-02-23 06:00:00+05:30,anand_vihar_new_delhi_dpcc,openaq,105.0,254.0,,,,,,,,,,,False
2026-02-23 07:00:00+05:30,anand_vihar_new_delhi_dpcc,openaq,91.8,258.0,,,,,,,,,,,False
2026-02-23 08:00:00+05:30,anand_vihar_new_delhi_dpcc,openaq,149.0,403.0,,,,,,,,,,,False
2026-02-23 09:00:00+05:30,anand_vihar_new_delhi_dpcc,openaq,183.0,601.0,,,,,,,,,,,False
2026-02-23 11:00:00+05:30,anand_vihar_new_delhi_dpcc,openaq,129.0,268.0,,,,,,,,,,,False
2026-02-23 12:00:00+05:30,anand_vihar_new_delhi_dpcc,openaq,142.0,290.0,,,,,,,,,,,False
2026-02-23 13:00:00+05:30,anand_vihar_new_delhi_dpcc,openaq,87.5,225.0,,,,,,,,,,,False
2026-02-23 15:00:00+05:30,anand_vihar_new_delhi_dpcc,openaq,50.3,169.0,,,,,,,,,,,False
2026-02-23 16:00:00+05:30,anand_vihar_new_delhi_dpcc,openaq,42.0,168.0,,,,,,,,,,,False
2026-02-23 17:00:00+05:30,anand_vihar_new_delhi_dpcc,openaq,,127.0,,,,,,,,,,,False
2026-02-23 18:00:00+05:30,anand_vihar_new_delhi_dpcc,openaq,40.8,232.0,,,,,,,,,,,False
2026-02-23 19:00:00+05:30,anand_vihar_new_delhi_dpcc,openaq,68.0,342.0,,,,,,,,,,,False
2026-02-23 21:00:00+05:30,anand_vihar_new_delhi_dpcc,openaq,173.0,606.0,,,,,,,,,,,False
2026-02-23 22:00:00+05:30,anand_vihar_new_delhi_dpcc,openaq,202.0,590.0,,,,,,,,,,,False
2026-02-23 23:00:00+05:30,anand_vihar_new_delhi_dpcc,openaq,202.0,615.0,,,,,,,,,,,False
2026-02-24 01:00:00+05:30,anand_vihar_new_delhi_dpcc,openaq,291.0,,,,,,,,,,,,False
2026-02-24 02:00:00+05:30,anand_vihar_new_delhi_dpcc,openaq,273.0,548.0,,,,,,,,,,,False
2026-02-24 03:00:00+05:30,anand_vihar_new_delhi_dpcc,openaq,242.0,480.0,,,,,,,,,,,False
2026-02-24 04:00:00+05:30,anand_vihar_new_delhi_dpcc,openaq,249.0,486.0,,,,,,,,,,,False
2026-02-24 05:00:00+05:30,anand_vihar_new_delhi_dpcc,openaq,243.0,503.0,,,,,,,,,,,False
2026-02-24 06:00:00+05:30,anand_vihar_new_delhi_dpcc,openaq,221.0,496.0,,,,,,,,,,,False
2026-02-24 07:00:00+05:30,anand_vihar_new_delhi_dpcc,openaq,222.0,497.0,,,,,,,,,,,False
2026-02-24 08:00:00+05:30,anand_vihar_new_delhi_dpcc,openaq,251.0,618.0,,,,,,,,,,,False
2026-02-24 09:00:00+05:30,anand_vihar_new_delhi_dpcc,openaq,239.0,810.0,,,,,,,,,,,False
2026-02-24 10:00:00+05:30,anand_vihar_new_delhi_dpcc,openaq,162.0,600.0,,,,,,,,,,,False
2026-02-24 11:00:00+05:30,anand_vihar_new_delhi_dpcc,openaq,106.0,271.0,,,,,,,,,,,False
2026-02-24 12:00:00+05:30,anand_vihar_new_delhi_dpcc,openaq,78.8,187.0,,,,,,,,,,,False
2026-02-24 13:00:00+05:30,anand_vihar_new_delhi_dpcc,openaq,57.3,184.0,,,,,,,,,,,False
2026-02-24 14:00:00+05:30,anand_vihar_new_delhi_dpcc,openaq,90.7,244.0,,,,,,,,,,,False
2026-02-24 19:00:00+05:30,anand_vihar_new_delhi_dpcc,openaq,111.0,537.0,,,,,,,,,,,False
2026-02-24 20:00:00+05:30,anand_vihar_new_delhi_dpcc,openaq,119.0,592.0,,,,,,,,,,,False
2026-02-24 21:00:00+05:30,anand_vihar_new_delhi_dpcc,openaq,133.0,519.0,,,,,,,,,,,False
2026-02-24 22:00:00+05:30,anand_vihar_new_delhi_dpcc,openaq,105.0,391.0,,,,,,,,,,,False
2026-02-24 23:00:00+05:30,anand_vihar_new_delhi_dpcc,openaq,70.0,289.0,,,,,,,,,,,False
2026-02-25 01:00:00+05:30,anand_vihar_new_delhi_dpcc,openaq,151.0,521.0,,,,,,,,,,,False
2026-02-25 02:00:00+05:30,anand_vihar_new_delhi_dpcc,openaq,151.0,435.0,,,,,,,,,,,False
2026-02-25 03:00:00+05:30,anand_vihar_new_delhi_dpcc,openaq,167.0,377.0,,,,,,,,,,,False
2026-02-25 04:00:00+05:30,anand_vihar_new_delhi_dpcc,openaq,190.0,395.0,,,,,,,,,,,False
2026-02-25 05:00:00+05:30,anand_vihar_new_delhi_dpcc,openaq,187.0,394.0,,,,,,,,,,,False
2026-02-25 06:00:00+05:30,anand_vihar_new_delhi_dpcc,openaq,170.0,401.0,,,,,,,,,,,False
2026-02-25 07:00:00+05:30,anand_vihar_new_delhi_dpcc,openaq,169.0,330.0,,,,,,,,,,,False
2026-02-25 08:00:00+05:30,anand_vihar_new_delhi_dpcc,openaq,154.0,317.0,,,,,,,,,,,False
2026-02-25 09:00:00+05:30,anand_vihar_new_delhi_dpcc,openaq,165.0,399.0,,,,,,,,,,,False
2026-02-25 10:00:00+05:30,anand_vihar_new_delhi_dpcc,openaq,180.0,554.0,,,,,,,,,,,False
2026-02-25 11:00:00+05:30,anand_vihar_new_delhi_dpcc,openaq,141.0,592.0,,,,,,,,,,,False
2026-02-25 12:00:00+05:30,anand_vihar_new_delhi_dpcc,openaq,87.8,271.0,,,,,,,,,,,False
2026-02-25 13:00:00+05:30,anand_vihar_new_delhi_dpcc,openaq,108.0,308.0,,,,,,,,,,,False
2026-02-25 14:00:00+05:30,anand_vihar_new_delhi_dpcc,openaq,110.0,318.0,,,,,,,,,,,False
2026-02-25 15:00:00+05:30,anand_vihar_new_delhi_dpcc,openaq,72.7,244.0,,,,,,,,,,,False
2026-02-25 16:00:00+05:30,anand_vihar_new_delhi_dpcc,openaq,68.0,263.0,,,,,,,,,,,False
2026-02-25 17:00:00+05:30,anand_vihar_new_delhi_dpcc,openaq,42.3,205.0,,,,,,,,,,,False
2026-02-25 18:00:00+05:30,anand_vihar_new_delhi_dpcc,openaq,17.3,217.0,,,,,,,,,,,False
2026-02-25 19:00:00+05:30,anand_vihar_new_delhi_dpcc,openaq,26.3,379.0,,,,,,,,,,,False
2026-02-25 20:00:00+05:30,anand_vihar_new_delhi_dpcc,openaq,107.0,532.0,,,,,,,,,,,False
2026-02-25 21:00:00+05:30,anand_vihar_new_delhi_dpcc,openaq,131.0,476.0,,,,,,,,,,,False
2026-02-25 22:00:00+05:30,anand_vihar_new_delhi_dpcc,openaq,152.0,436.0,,,,,,,,,,,False
2026-02-25 23:00:00+05:30,anand_vihar_new_delhi_dpcc,openaq,197.0,467.0,,,,,,,,,,,False
2026-02-26 01:00:00+05:30,anand_vihar_new_delhi_dpcc,openaq,155.0,422.0,,,,,,,,,,,False
2026-02-26 02:00:00+05:30,anand_vihar_new_delhi_dpcc,openaq,133.0,380.0,,,,,,,,,,,False
2026-02-26 03:00:00+05:30,anand_vihar_new_delhi_dpcc,openaq,125.0,308.0,,,,,,,,,,,False
2026-02-26 04:00:00+05:30,anand_vihar_new_delhi_dpcc,openaq,82.3,201.0,,,,,,,,,,,False
2026-02-26 05:00:00+05:30,anand_vihar_new_delhi_dpcc,openaq,63.0,191.0,,,,,,,,,,,False
2026-02-26 06:00:00+05:30,anand_vihar_new_delhi_dpcc,openaq,114.0,262.0,,,,,,,,,,,False
2026-02-26 07:00:00+05:30,anand_vihar_new_delhi_dpcc,openaq,124.0,298.0,,,,,,,,,,,False
2026-02-26 08:00:00+05:30,anand_vihar_new_delhi_dpcc,openaq,137.0,412.0,,,,,,,,,,,False
2026-02-26 09:00:00+05:30,anand_vihar_new_delhi_dpcc,openaq,171.0,635.0,,,,,,,,,,,False
2026-02-26 10:00:00+05:30,anand_vihar_new_delhi_dpcc,openaq,190.0,832.0,,,,,,,,,,,False
2026-02-26 11:00:00+05:30,anand_vihar_new_delhi_dpcc,openaq,120.0,376.0,,,,,,,,,,,False
2026-02-26 12:00:00+05:30,anand_vihar_new_delhi_dpcc,openaq,89.5,307.0,,,,,,,,,,,False
2026-02-26 13:00:00+05:30,anand_vihar_new_delhi_dpcc,openaq,58.3,223.0,,,,,,,,,,,False
2026-02-26 14:00:00+05:30,anand_vihar_new_delhi_dpcc,openaq,23.0,175.0,,,,,,,,,,,False
2026-02-26 15:00:00+05:30,anand_vihar_new_delhi_dpcc,openaq,,264.0,,,,,,,,,,,False
2026-02-26 16:00:00+05:30,anand_vihar_new_delhi_dpcc,openaq,29.7,254.0,,,,,,,,,,,False
2026-02-26 17:00:00+05:30,anand_vihar_new_delhi_dpcc,openaq,31.8,199.0,,,,,,,,,,,False
2026-02-26 18:00:00+05:30,anand_vihar_new_delhi_dpcc,openaq,52.3,290.0,,,,,,,,,,,False
2026-02-26 19:00:00+05:30,anand_vihar_new_delhi_dpcc,openaq,119.0,547.0,,,,,,,,,,,False
2026-02-26 20:00:00+05:30,anand_vihar_new_delhi_dpcc,openaq,172.0,610.0,,,,,,,,,,,False
2026-02-26 21:00:00+05:30,anand_vihar_new_delhi_dpcc,openaq,137.0,591.0,,,,,,,,,,,False
2026-02-26 22:00:00+05:30,anand_vihar_new_delhi_dpcc,openaq,110.0,423.0,,,,,,,,,,,False
2026-02-26 23:00:00+05:30,anand_vihar_new_delhi_dpcc,openaq,108.0,394.0,,,,,,,,,,,False
2026-02-27 01:00:00+05:30,anand_vihar_new_delhi_dpcc,openaq,22.8,150.0,,,,,,,,,,,False
2026-02-27 02:00:00+05:30,anand_vihar_new_delhi_dpcc,openaq,74.5,220.0,,,,,,,,,,,False
2026-02-27 03:00:00+05:30,anand_vihar_new_delhi_dpcc,openaq,83.5,213.0,,,,,,,,,,,False
2026-02-27 04:00:00+05:30,anand_vihar_new_delhi_dpcc,openaq,103.0,269.0,,,,,,,,,,,False
2026-02-27 05:00:00+05:30,anand_vihar_new_delhi_dpcc,openaq,135.0,342.0,,,,,,,,,,,False
2026-02-27 06:00:00+05:30,anand_vihar_new_delhi_dpcc,openaq,162.0,372.0,,,,,,,,,,,False
2026-02-27 07:00:00+05:30,anand_vihar_new_delhi_dpcc,openaq,119.0,314.0,,,,,,,,,,,False
2026-02-27 08:00:00+05:30,anand_vihar_new_delhi_dpcc,openaq,116.0,361.0,,,,,,,,,,,False
2026-02-27 09:00:00+05:30,anand_vihar_new_delhi_dpcc,openaq,125.0,546.0,,,,,,,,,,,False
2026-02-27 10:00:00+05:30,anand_vihar_new_delhi_dpcc,openaq,121.0,756.0,,,,,,,,,,,False
2026-02-27 11:00:00+05:30,anand_vihar_new_delhi_dpcc,openaq,73.5,335.0,,,,,,,,,,,False
2026-02-27 12:00:00+05:30,anand_vihar_new_delhi_dpcc,openaq,85.8,276.0,,,,,,,,,,,False
2026-02-27 13:00:00+05:30,anand_vihar_new_delhi_dpcc,openaq,91.0,228.0,,,,,,,,,,,False
2026-02-27 14:00:00+05:30,anand_vihar_new_delhi_dpcc,openaq,145.0,211.0,,,,,,,,,,,False
2026-02-27 15:00:00+05:30,anand_vihar_new_delhi_dpcc,openaq,95.5,256.0,,,,,,,,,,,False
2026-02-27 16:00:00+05:30,anand_vihar_new_delhi_dpcc,openaq,60.8,236.0,,,,,,,,,,,False
2026-02-27 17:00:00+05:30,anand_vihar_new_delhi_dpcc,openaq,53.0,247.0,,,,,,,,,,,False
2026-02-27 18:00:00+05:30,anand_vihar_new_delhi_dpcc,openaq,62.8,314.0,,,,,,,,,,,False
2026-02-27 19:00:00+05:30,anand_vihar_new_delhi_dpcc,openaq,73.5,401.0,,,,,,,,,,,False
2026-02-27 20:00:00+05:30,anand_vihar_new_delhi_dpcc,openaq,99.0,604.0,,,,,,,,,,,False
2026-02-27 21:00:00+05:30,anand_vihar_new_delhi_dpcc,openaq,162.0,750.0,,,,,,,,,,,False
2026-02-27 22:00:00+05:30,anand_vihar_new_delhi_dpcc,openaq,188.0,704.0,,,,,,,,,,,False
2026-02-27 23:00:00+05:30,anand_vihar_new_delhi_dpcc,openaq,189.0,644.0,,,,,,,,,,,False
2026-02-28 01:00:00+05:30,anand_vihar_new_delhi_dpcc,openaq,168.0,433.0,,,,,,,,,,,False
2026-02-28 02:00:00+05:30,anand_vihar_new_delhi_dpcc,openaq,145.0,364.0,,,,,,,,,,,False
2026-02-28 03:00:00+05:30,anand_vihar_new_delhi_dpcc,openaq,167.0,391.0,,,,,,,,,,,False
2026-02-28 04:00:00+05:30,anand_vihar_new_delhi_dpcc,openaq,178.0,409.0,,,,,,,,,,,False
2026-02-28 05:00:00+05:30,anand_vihar_new_delhi_dpcc,openaq,166.0,339.0,,,,,,,,,,,False
2026-02-28 06:00:00+05:30,anand_vihar_new_delhi_dpcc,openaq,161.0,330.0,,,,,,,,,,,False
2026-02-28 07:00:00+05:30,anand_vihar_new_delhi_dpcc,openaq,154.0,412.0,,,,,,,,,,,False
2026-02-28 08:00:00+05:30,anand_vihar_new_delhi_dpcc,openaq,169.0,625.0,,,,,,,,,,,False
2026-02-28 09:00:00+05:30,anand_vihar_new_delhi_dpcc,openaq,164.0,646.0,,,,,,,,,,,False
2026-02-28 10:00:00+05:30,anand_vihar_new_delhi_dpcc,openaq,127.0,430.0,,,,,,,,,,,False
2026-02-28 11:00:00+05:30,anand_vihar_new_delhi_dpcc,openaq,135.0,387.0,,,,,,,,,,,False
2026-02-28 12:00:00+05:30,anand_vihar_new_delhi_dpcc,openaq,131.0,246.0,,,,,,,,,,,False
2026-02-28 13:00:00+05:30,anand_vihar_new_delhi_dpcc,openaq,226.0,289.0,,,,,,,,,,,False
2026-02-28 14:00:00+05:30,anand_vihar_new_delhi_dpcc,openaq,88.0,,,,,,,,,,,,False
2026-02-28 15:00:00+05:30,anand_vihar_new_delhi_dpcc,openaq,81.0,,,,,,,,,,,,False
2026-02-28 16:00:00+05:30,anand_vihar_new_delhi_dpcc,openaq,41.8,210.0,,,,,,,,,,,False
2026-02-28 17:00:00+05:30,anand_vihar_new_delhi_dpcc,openaq,45.0,205.0,,,,,,,,,,,False
2026-02-28 18:00:00+05:30,anand_vihar_new_delhi_dpcc,openaq,61.0,212.0,,,,,,,,,,,False
2026-02-28 19:00:00+05:30,anand_vihar_new_delhi_dpcc,openaq,74.0,263.0,,,,,,,,,,,False
2026-02-28 20:00:00+05:30,anand_vihar_new_delhi_dpcc,openaq,96.0,346.0,,,,,,,,,,,False
2026-02-28 21:00:00+05:30,anand_vihar_new_delhi_dpcc,openaq,142.0,440.0,,,,,,,,,,,False
2026-02-28 22:00:00+05:30,anand_vihar_new_delhi_dpcc,openaq,106.0,392.0,,,,,,,,,,,False
2026-02-28 23:00:00+05:30,anand_vihar_new_delhi_dpcc,openaq,101.0,388.0,,,,,,,,,,,False
2026-03-01 02:00:00+05:30,anand_vihar_new_delhi_dpcc,openaq,76.5,302.0,,,,,,,,,,,False
2026-03-01 03:00:00+05:30,anand_vihar_new_delhi_dpcc,openaq,91.8,266.0,,,,,,,,,,,False
2026-03-01 04:00:00+05:30,anand_vihar_new_delhi_dpcc,openaq,99.0,237.0,,,,,,,,,,,False
2020-10-19 16:00:00+05:30,indirapuram_ghaziabad_uppcb,openaq,32.7,151.0,,,,,,,,,,,False
2020-10-20 23:00:00+05:30,indirapuram_ghaziabad_uppcb,openaq,184.0,,,,,,,,,,,,False
2020-10-21 19:00:00+05:30,indirapuram_ghaziabad_uppcb,openaq,114.0,497.0,,,,,,,,,,,False
2020-10-23 15:00:00+05:30,indirapuram_ghaziabad_uppcb,openaq,59.7,136.0,,,,,,,,,,,False
2020-10-23 17:00:00+05:30,indirapuram_ghaziabad_uppcb,openaq,87.3,,,,,,,,,,,,False
2020-10-24 07:00:00+05:30,indirapuram_ghaziabad_uppcb,openaq,302.0,,,,,,,,,,,,False
2020-10-25 07:00:00+05:30,indirapuram_ghaziabad_uppcb,openaq,324.0,467.0,,,,,,,,,,,False
2020-10-27 20:00:00+05:30,indirapuram_ghaziabad_uppcb,openaq,123.0,329.0,,,,,,,,,,,False
2020-10-28 01:00:00+05:30,indirapuram_ghaziabad_uppcb,openaq,159.0,309.0,,,,,,,,,,,False
2020-10-28 11:00:00+05:30,indirapuram_ghaziabad_uppcb,openaq,197.0,374.0,,,,,,,,,,,False
2020-10-29 08:00:00+05:30,indirapuram_ghaziabad_uppcb,openaq,260.0,432.0,,,,,,,,,,,False
2020-10-29 14:00:00+05:30,indirapuram_ghaziabad_uppcb,openaq,105.0,217.0,,,,,,,,,,,False
2020-11-02 09:00:00+05:30,indirapuram_ghaziabad_uppcb,openaq,129.0,291.0,,,,,,,,,,,False
2020-11-02 16:00:00+05:30,indirapuram_ghaziabad_uppcb,openaq,136.0,234.0,,,,,,,,,,,False
2020-11-03 04:00:00+05:30,indirapuram_ghaziabad_uppcb,openaq,171.0,270.0,,,,,,,,,,,False
2020-11-06 05:00:00+05:30,indirapuram_ghaziabad_uppcb,openaq,390.0,506.0,,,,,,,,,,,False
2020-11-06 17:00:00+05:30,indirapuram_ghaziabad_uppcb,openaq,160.0,391.0,,,,,,,,,,,False
2020-11-06 22:00:00+05:30,indirapuram_ghaziabad_uppcb,openaq,352.0,656.0,,,,,,,,,,,False
2020-11-07 03:00:00+05:30,indirapuram_ghaziabad_uppcb,openaq,639.0,711.0,,,,,,,,,,,False
2020-11-07 07:00:00+05:30,indirapuram_ghaziabad_uppcb,openaq,620.0,818.0,,,,,,,,,,,False
2020-11-07 11:00:00+05:30,indirapuram_ghaziabad_uppcb,openaq,289.0,514.0,,,,,,,,,,,False
2020-11-08 13:00:00+05:30,indirapuram_ghaziabad_uppcb,openaq,416.0,642.0,,,,,,,,,,,False
2020-11-15 04:00:00+05:30,indirapuram_ghaziabad_uppcb,openaq,440.0,498.0,,,,,,,,,,,False
2020-11-17 04:00:00+05:30,indirapuram_ghaziabad_uppcb,openaq,99.3,130.0,,,,,,,,,,,False
2020-11-28 10:00:00+05:30,indirapuram_ghaziabad_uppcb,openaq,,201.0,,,,,,,,,,,False
2020-12-01 21:00:00+05:30,indirapuram_ghaziabad_uppcb,openaq,399.0,712.0,,,,,,,,,,,False
2020-12-02 12:00:00+05:30,indirapuram_ghaziabad_uppcb,openaq,197.0,319.0,,,,,,,,,,,False
2020-12-14 14:00:00+05:30,indirapuram_ghaziabad_uppcb,openaq,71.7,162.0,,,,,,,,,,,False
2020-12-14 18:00:00+05:30,indirapuram_ghaziabad_uppcb,openaq,107.0,187.0,,,,,,,,,,,False
2020-12-14 23:00:00+05:30,indirapuram_ghaziabad_uppcb,openaq,126.0,169.0,,,,,,,,,,,False
2020-12-18 12:00:00+05:30,indirapuram_ghaziabad_uppcb,openaq,100.0,215.0,,,,,,,,,,,False
2020-12-29 06:00:00+05:30,indirapuram_ghaziabad_uppcb,openaq,186.0,335.0,,,,,,,,,,,False
2021-01-02 01:00:00+05:30,indirapuram_ghaziabad_uppcb,openaq,415.0,465.0,,,,,,,,,,,False
2021-01-03 19:00:00+05:30,indirapuram_ghaziabad_uppcb,openaq,,69.3,,,,,,,,,,,False
2021-01-04 01:00:00+05:30,indirapuram_ghaziabad_uppcb,openaq,47.5,58.0,,,,,,,,,,,False
2021-01-05 04:00:00+05:30,indirapuram_ghaziabad_uppcb,openaq,24.0,31.0,,,,,,,,,,,False
2021-01-05 19:00:00+05:30,indirapuram_ghaziabad_uppcb,openaq,95.3,123.0,,,,,,,,,,,False
2021-01-06 01:00:00+05:30,indirapuram_ghaziabad_uppcb,openaq,96.3,137.0,,,,,,,,,,,False
2021-01-06 07:00:00+05:30,indirapuram_ghaziabad_uppcb,openaq,140.0,182.0,,,,,,,,,,,False
2021-01-06 10:00:00+05:30,indirapuram_ghaziabad_uppcb,openaq,168.0,190.0,,,,,,,,,,,False
2021-01-07 04:00:00+05:30,indirapuram_ghaziabad_uppcb,openaq,133.0,175.0,,,,,,,,,,,False
2021-01-07 05:00:00+05:30,indirapuram_ghaziabad_uppcb,openaq,136.0,174.0,,,,,,,,,,,False
2021-01-08 01:00:00+05:30,indirapuram_ghaziabad_uppcb,openaq,207.0,322.0,,,,,,,,,,,False
2021-01-08 06:00:00+05:30,indirapuram_ghaziabad_uppcb,openaq,87.0,142.0,,,,,,,,,,,False
2021-01-08 18:00:00+05:30,indirapuram_ghaziabad_uppcb,openaq,263.0,388.0,,,,,,,,,,,False
2021-01-09 03:00:00+05:30,indirapuram_ghaziabad_uppcb,openaq,146.0,188.0,,,,,,,,,,,False
2021-01-09 05:00:00+05:30,indirapuram_ghaziabad_uppcb,openaq,168.0,211.0,,,,,,,,,,,False
2021-01-09 06:00:00+05:30,indirapuram_ghaziabad_uppcb,openaq,153.0,210.0,,,,,,,,,,,False
2021-01-09 13:00:00+05:30,indirapuram_ghaziabad_uppcb,openaq,216.0,322.0,,,,,,,,,,,False
2021-01-09 14:00:00+05:30,indirapuram_ghaziabad_uppcb,openaq,205.0,298.0,,,,,,,,,,,False
2021-01-09 19:00:00+05:30,indirapuram_ghaziabad_uppcb,openaq,180.0,271.0,,,,,,,,,,,False
2021-01-12 05:00:00+05:30,indirapuram_ghaziabad_uppcb,openaq,216.0,280.0,,,,,,,,,,,False
2021-01-13 04:00:00+05:30,indirapuram_ghaziabad_uppcb,openaq,284.0,378.0,,,,,,,,,,,False
2021-01-13 22:00:00+05:30,indirapuram_ghaziabad_uppcb,openaq,476.0,769.0,,,,,,,,,,,False
2021-01-14 04:00:00+05:30,indirapuram_ghaziabad_uppcb,openaq,241.0,356.0,,,,,,,,,,,False
2021-01-14 05:00:00+05:30,indirapuram_ghaziabad_uppcb,openaq,234.0,351.0,,,,,,,,,,,False
2021-01-14 12:00:00+05:30,indirapuram_ghaziabad_uppcb,openaq,498.0,632.0,,,,,,,,,,,False
2021-01-15 05:00:00+05:30,indirapuram_ghaziabad_uppcb,openaq,445.0,529.0,,,,,,,,,,,False
2021-01-15 18:00:00+05:30,indirapuram_ghaziabad_uppcb,openaq,364.0,820.0,,,,,,,,,,,False
2021-01-15 19:00:00+05:30,indirapuram_ghaziabad_uppcb,openaq,682.0,1150.0,,,,,,,,,,,False
2021-01-16 06:00:00+05:30,indirapuram_ghaziabad_uppcb,openaq,227.0,344.0,,,,,,,,,,,False
2021-01-18 00:00:00+05:30,indirapuram_ghaziabad_uppcb,openaq,217.0,246.0,,,,,,,,,,,False
2021-01-18 06:00:00+05:30,indirapuram_ghaziabad_uppcb,openaq,239.0,316.0,,,,,,,,,,,False
2021-01-19 11:00:00+05:30,indirapuram_ghaziabad_uppcb,openaq,326.0,426.0,,,,,,,,,,,False
2021-01-19 18:00:00+05:30,indirapuram_ghaziabad_uppcb,openaq,229.0,329.0,,,,,,,,,,,False
2021-01-20 04:00:00+05:30,indirapuram_ghaziabad_uppcb,openaq,145.0,187.0,,,,,,,,,,,False
2021-01-21 10:00:00+05:30,indirapuram_ghaziabad_uppcb,openaq,187.0,256.0,,,,,,,,,,,False
2021-01-23 14:00:00+05:30,indirapuram_ghaziabad_uppcb,openaq,170.0,255.0,,,,,,,,,,,False
2021-01-23 15:00:00+05:30,indirapuram_ghaziabad_uppcb,openaq,166.0,247.0,,,,,,,,,,,False
2021-01-23 18:00:00+05:30,indirapuram_ghaziabad_uppcb,openaq,187.0,266.0,,,,,,,,,,,False
2021-02-06 22:00:00+05:30,indirapuram_ghaziabad_uppcb,openaq,127.0,,,,,,,,,,,,False
2021-02-07 14:00:00+05:30,indirapuram_ghaziabad_uppcb,openaq,73.3,177.0,,,,,,,,,,,False
2021-02-09 21:00:00+05:30,indirapuram_ghaziabad_uppcb,openaq,333.0,687.0,,,,,,,,,,,False
2021-02-22 03:00:00+05:30,indirapuram_ghaziabad_uppcb,openaq,178.0,241.0,,,,,,,,,,,False
2021-02-22 12:00:00+05:30,indirapuram_ghaziabad_uppcb,openaq,133.0,290.0,,,,,,,,,,,False
2021-11-19 20:00:00+05:30,indirapuram_ghaziabad_uppcb,openaq,177.0,575.0,,,,,,,,,,,False
2025-10-03 14:00:00+05:30,indirapuram_ghaziabad_uppcb,openaq,24.5,71.5,,,,,,,,,,,False
2025-10-03 15:00:00+05:30,indirapuram_ghaziabad_uppcb,openaq,23.0,63.0,,,,,,,,,,,False
2025-10-03 16:00:00+05:30,indirapuram_ghaziabad_uppcb,openaq,19.7,52.0,,,,,,,,,,,False
2025-10-03 17:00:00+05:30,indirapuram_ghaziabad_uppcb,openaq,15.0,52.0,,,,,,,,,,,False
2025-10-03 18:00:00+05:30,indirapuram_ghaziabad_uppcb,openaq,20.0,84.0,,,,,,,,,,,False
2025-10-03 19:00:00+05:30,indirapuram_ghaziabad_uppcb,openaq,46.5,142.0,,,,,,,,,,,False
2025-10-03 20:00:00+05:30,indirapuram_ghaziabad_uppcb,openaq,78.0,195.0,,,,,,,,,,,False
2025-10-03 21:00:00+05:30,indirapuram_ghaziabad_uppcb,openaq,74.5,194.0,,,,,,,,,,,False
2025-10-03 22:00:00+05:30,indirapuram_ghaziabad_uppcb,openaq,65.0,176.0,,,,,,,,,,,False
2025-10-03 23:00:00+05:30,indirapuram_ghaziabad_uppcb,openaq,71.0,193.0,,,,,,,,,,,False
2025-10-04 01:00:00+05:30,indirapuram_ghaziabad_uppcb,openaq,66.3,170.0,,,,,,,,,,,False
2025-10-04 02:00:00+05:30,indirapuram_ghaziabad_uppcb,openaq,74.5,183.0,,,,,,,,,,,False
2025-10-04 03:00:00+05:30,indirapuram_ghaziabad_uppcb,openaq,87.5,207.0,,,,,,,,,,,False
2025-10-04 04:00:00+05:30,indirapuram_ghaziabad_uppcb,openaq,98.0,191.0,,,,,,,,,,,False
2025-10-04 05:00:00+05:30,indirapuram_ghaziabad_uppcb,openaq,105.0,182.0,,,,,,,,,,,False
2025-10-04 06:00:00+05:30,indirapuram_ghaziabad_uppcb,openaq,97.0,176.0,,,,,,,,,,,False
2025-10-04 07:00:00+05:30,indirapuram_ghaziabad_uppcb,openaq,93.5,191.0,,,,,,,,,,,False
2025-10-04 08:00:00+05:30,indirapuram_ghaziabad_uppcb,openaq,125.0,254.0,,,,,,,,,,,False
2025-10-04 09:00:00+05:30,indirapuram_ghaziabad_uppcb,openaq,109.0,229.0,,,,,,,,,,,False
2025-10-04 10:00:00+05:30,indirapuram_ghaziabad_uppcb,openaq,51.0,132.0,,,,,,,,,,,False
2025-10-04 11:00:00+05:30,indirapuram_ghaziabad_uppcb,openaq,35.0,101.0,,,,,,,,,,,False
2025-10-04 12:00:00+05:30,indirapuram_ghaziabad_uppcb,openaq,38.5,102.0,,,,,,,,,,,False
2025-10-04 13:00:00+05:30,indirapuram_ghaziabad_uppcb,openaq,43.0,107.0,,,,,,,,,,,False
2025-10-04 14:00:00+05:30,indirapuram_ghaziabad_uppcb,openaq,45.7,110.0,,,,,,,,,,,False
2025-10-04 15:00:00+05:30,indirapuram_ghaziabad_uppcb,openaq,47.0,112.0,,,,,,,,,,,False
2025-10-04 16:00:00+05:30,indirapuram_ghaziabad_uppcb,openaq,46.5,113.0,,,,,,,,,,,False
2025-10-04 17:00:00+05:30,indirapuram_ghaziabad_uppcb,openaq,47.5,124.0,,,,,,,,,,,False
2025-10-04 18:00:00+05:30,indirapuram_ghaziabad_uppcb,openaq,55.7,144.0,,,,,,,,,,,False
2025-10-04 19:00:00+05:30,indirapuram_ghaziabad_uppcb,openaq,80.5,183.0,,,,,,,,,,,False
2025-10-04 20:00:00+05:30,indirapuram_ghaziabad_uppcb,openaq,92.0,212.0,,,,,,,,,,,False
2025-10-04 21:00:00+05:30,indirapuram_ghaziabad_uppcb,openaq,96.0,234.0,,,,,,,,,,,False
2025-10-04 22:00:00+05:30,indirapuram_ghaziabad_uppcb,openaq,89.0,235.0,,,,,,,,,,,False
2025-10-04 23:00:00+05:30,indirapuram_ghaziabad_uppcb,openaq,76.3,222.0,,,,,,,,,,,False
2025-10-05 01:00:00+05:30,indirapuram_ghaziabad_uppcb,openaq,76.0,190.0,,,,,,,,,,,False
2025-10-05 02:00:00+05:30,indirapuram_ghaziabad_uppcb,openaq,110.0,219.0,,,,,,,,,,,False
2025-10-05 03:00:00+05:30,indirapuram_ghaziabad_uppcb,openaq,123.0,231.0,,,,,,,,,,,False
2025-10-05 04:00:00+05:30,indirapuram_ghaziabad_uppcb,openaq,96.5,189.0,,,,,,,,,,,False
2025-10-05 05:00:00+05:30,indirapuram_ghaziabad_uppcb,openaq,92.5,182.0,,,,,,,,,,,False
2025-10-05 06:00:00+05:30,indirapuram_ghaziabad_uppcb,openaq,86.5,171.0,,,,,,,,,,,False
2025-10-05 07:00:00+05:30,indirapuram_ghaziabad_uppcb,openaq,69.5,149.0,,,,,,,,,,,False
2025-10-05 08:00:00+05:30,indirapuram_ghaziabad_uppcb,openaq,64.0,151.0,,,,,,,,,,,False
2025-10-05 09:00:00+05:30,indirapuram_ghaziabad_uppcb,openaq,45.0,125.0,,,,,,,,,,,False
2025-10-05 10:00:00+05:30,indirapuram_ghaziabad_uppcb,openaq,31.5,111.0,,,,,,,,,,,False
2025-10-05 11:00:00+05:30,indirapuram_ghaziabad_uppcb,openaq,56.0,157.0,,,,,,,,,,,False
2025-10-05 12:00:00+05:30,indirapuram_ghaziabad_uppcb,openaq,81.0,188.0,,,,,,,,,,,False
2025-10-05 13:00:00+05:30,indirapuram_ghaziabad_uppcb,openaq,79.0,184.0,,,,,,,,,,,False
2025-10-05 14:00:00+05:30,indirapuram_ghaziabad_uppcb,openaq,66.5,166.0,,,,,,,,,,,False
2025-10-05 15:00:00+05:30,indirapuram_ghaziabad_uppcb,openaq,64.5,160.0,,,,,,,,,,,False
2025-10-05 16:00:00+05:30,indirapuram_ghaziabad_uppcb,openaq,70.5,179.0,,,,,,,,,,,False
2025-10-05 17:00:00+05:30,indirapuram_ghaziabad_uppcb,openaq,66.0,184.0,,,,,,,,,,,False
2025-10-05 18:00:00+05:30,indirapuram_ghaziabad_uppcb,openaq,72.5,200.0,,,,,,,,,,,False
2025-10-05 19:00:00+05:30,indirapuram_ghaziabad_uppcb,openaq,82.0,224.0,,,,,,,,,,,False
2025-10-05 20:00:00+05:30,indirapuram_ghaziabad_uppcb,openaq,96.5,245.0,,,,,,,,,,,False
2025-10-05 21:00:00+05:30,indirapuram_ghaziabad_uppcb,openaq,111.0,263.0,,,,,,,,,,,False
2025-10-05 22:00:00+05:30,indirapuram_ghaziabad_uppcb,openaq,106.0,258.0,,,,,,,,,,,False
2025-10-05 23:00:00+05:30,indirapuram_ghaziabad_uppcb,openaq,110.0,263.0,,,,,,,,,,,False
2025-10-06 01:00:00+05:30,indirapuram_ghaziabad_uppcb,openaq,18.5,95.0,,,,,,,,,,,False
2025-10-06 02:00:00+05:30,indirapuram_ghaziabad_uppcb,openaq,15.5,60.0,,,,,,,,,,,False
2025-10-06 03:00:00+05:30,indirapuram_ghaziabad_uppcb,openaq,22.5,44.0,,,,,,,,,,,False
2025-10-06 04:00:00+05:30,indirapuram_ghaziabad_uppcb,openaq,22.0,37.0,,,,,,,,,,,False
2025-10-06 05:00:00+05:30,indirapuram_ghaziabad_uppcb,openaq,22.5,35.0,,,,,,,,,,,False
2025-10-06 06:00:00+05:30,indirapuram_ghaziabad_uppcb,openaq,26.5,40.5,,,,,,,,,,,False
2025-10-06 07:00:00+05:30,indirapuram_ghaziabad_uppcb,openaq,33.0,56.5,,,,,,,,,,,False
2025-10-06 08:00:00+05:30,indirapuram_ghaziabad_uppcb,openaq,64.5,107.0,,,,,,,,,,,False
2025-10-06 09:00:00+05:30,indirapuram_ghaziabad_uppcb,openaq,97.0,157.0,,,,,,,,,,,False
2025-10-06 10:00:00+05:30,indirapuram_ghaziabad_uppcb,openaq,80.0,144.0,,,,,,,,,,,False
2025-10-06 11:00:00+05:30,indirapuram_ghaziabad_uppcb,openaq,62.7,140.0,,,,,,,,,,,False
2025-10-06 12:00:00+05:30,indirapuram_ghaziabad_uppcb,openaq,54.5,129.0,,,,,,,,,,,False
2025-10-06 13:00:00+05:30,indirapuram_ghaziabad_uppcb,openaq,47.0,124.0,,,,,,,,,,,False
2025-10-06 14:00:00+05:30,indirapuram_ghaziabad_uppcb,openaq,41.0,102.0,,,,,,,,,,,False
2025-10-06 15:00:00+05:30,indirapuram_ghaziabad_uppcb,openaq,34.5,62.5,,,,,,,,,,,False
2025-10-06 16:00:00+05:30,indirapuram_ghaziabad_uppcb,openaq,32.5,54.0,,,,,,,,,,,False
2025-10-06 17:00:00+05:30,indirapuram_ghaziabad_uppcb,openaq,28.5,50.0,,,,,,,,,,,False
2025-10-06 18:00:00+05:30,indirapuram_ghaziabad_uppcb,openaq,36.5,59.0,,,,,,,,,,,False
2025-10-06 19:00:00+05:30,indirapuram_ghaziabad_uppcb,openaq,38.0,60.0,,,,,,,,,,,False
2025-10-06 20:00:00+05:30,indirapuram_ghaziabad_uppcb,openaq,35.0,57.0,,,,,,,,,,,False
2025-10-06 21:00:00+05:30,indirapuram_ghaziabad_uppcb,openaq,39.0,60.0,,,,,,,,,,,False
2025-10-06 22:00:00+05:30,indirapuram_ghaziabad_uppcb,openaq,35.0,59.0,,,,,,,,,,,False
2025-10-06 23:00:00+05:30,indirapuram_ghaziabad_uppcb,openaq,26.0,50.0,,,,,,,,,,,False
2025-10-07 01:00:00+05:30,indirapuram_ghaziabad_uppcb,openaq,13.5,32.0,,,,,,,,,,,False
2025-10-07 02:00:00+05:30,indirapuram_ghaziabad_uppcb,openaq,21.0,38.5,,,,,,,,,,,False
2025-10-07 03:00:00+05:30,indirapuram_ghaziabad_uppcb,openaq,23.3,38.7,,,,,,,,,,,False
2025-10-07 04:00:00+05:30,indirapuram_ghaziabad_uppcb,openaq,23.0,35.5,,,,,,,,,,,False
2025-10-07 05:00:00+05:30,indirapuram_ghaziabad_uppcb,openaq,17.5,29.0,,,,,,,,,,,False
2025-10-07 06:00:00+05:30,indirapuram_ghaziabad_uppcb,openaq,15.0,22.0,,,,,,,,,,,False
2025-10-07 07:00:00+05:30,indirapuram_ghaziabad_uppcb,openaq,19.5,26.5,,,,,,,,,,,False
2025-10-07 08:00:00+05:30,indirapuram_ghaziabad_uppcb,openaq,21.0,33.5,,,,,,,,,,,False
2025-10-07 09:00:00+05:30,indirapuram_ghaziabad_uppcb,openaq,23.7,35.3,,,,,,,,,,,False
2025-10-07 10:00:00+05:30,indirapuram_ghaziabad_uppcb,openaq,24.5,41.5,,,,,,,,,,,False
2025-10-07 11:00:00+05:30,indirapuram_ghaziabad_uppcb,openaq,22.0,44.0,,,,,,,,,,,False
2025-10-07 12:00:00+05:30,indirapuram_ghaziabad_uppcb,openaq,14.0,39.0,,,,,,,,,,,False
2025-10-07 13:00:00+05:30,indirapuram_ghaziabad_uppcb,openaq,8.5,38.5,,,,,,,,,,,False
2025-10-07 14:00:00+05:30,indirapuram_ghaziabad_uppcb,openaq,16.5,53.5,,,,,,,,,,,False
2025-10-07 15:00:00+05:30,indirapuram_ghaziabad_uppcb,openaq,19.5,63.0,,,,,,,,,,,False
2025-10-07 16:00:00+05:30,indirapuram_ghaziabad_uppcb,openaq,17.0,63.3,,,,,,,,,,,False
2025-10-07 17:00:00+05:30,indirapuram_ghaziabad_uppcb,openaq,14.5,43.0,,,,,,,,,,,False
2025-10-07 18:00:00+05:30,indirapuram_ghaziabad_uppcb,openaq,11.0,18.0,,,,,,,,,,,False
2025-10-07 19:00:00+05:30,indirapuram_ghaziabad_uppcb,openaq,20.0,35.0,,,,,,,,,,,False
2025-10-07 20:00:00+05:30,indirapuram_ghaziabad_uppcb,openaq,27.0,46.0,,,,,,,,,,,False
2025-10-07 21:00:00+05:30,indirapuram_ghaziabad_uppcb,openaq,31.5,48.5,,,,,,,,,,,False
2025-10-07 22:00:00+05:30,indirapuram_ghaziabad_uppcb,openaq,36.5,54.0,,,,,,,,,,,False
2025-10-07 23:00:00+05:30,indirapuram_ghaziabad_uppcb,openaq,34.7,54.7,,,,,,,,,,,False
2025-10-08 01:00:00+05:30,indirapuram_ghaziabad_uppcb,openaq,9.5,27.0,,,,,,,,,,,False
2025-10-08 02:00:00+05:30,indirapuram_ghaziabad_uppcb,openaq,19.0,40.5,,,,,,,,,,,False
2025-10-08 03:00:00+05:30,indirapuram_ghaziabad_uppcb,openaq,32.5,58.0,,,,,,,,,,,False
2025-10-08 04:00:00+05:30,indirapuram_ghaziabad_uppcb,openaq,43.3,72.5,,,,,,,,,,,False
2025-10-08 05:00:00+05:30,indirapuram_ghaziabad_uppcb,openaq,45.5,74.0,,,,,,,,,,,False
2025-10-08 06:00:00+05:30,indirapuram_ghaziabad_uppcb,openaq,42.0,71.0,,,,,,,,,,,False
2025-10-08 07:00:00+05:30,indirapuram_ghaziabad_uppcb,openaq,55.0,89.0,,,,,,,,,,,False
2025-10-08 08:00:00+05:30,indirapuram_ghaziabad_uppcb,openaq,79.5,121.0,,,,,,,,,,,False
2025-10-08 09:00:00+05:30,indirapuram_ghaziabad_uppcb,openaq,66.5,104.0,,,,,,,,,,,False
2025-10-08 10:00:00+05:30,indirapuram_ghaziabad_uppcb,openaq,42.5,85.5,,,,,,,,,,,False
2025-10-08 11:00:00+05:30,indirapuram_ghaziabad_uppcb,openaq,44.0,95.0,,,,,,,,,,,False
2025-10-08 12:00:00+05:30,indirapuram_ghaziabad_uppcb,openaq,50.0,104.0,,,,,,,,,,,False
2025-10-08 13:00:00+05:30,indirapuram_ghaziabad_uppcb,openaq,48.0,115.0,,,,,,,,,,,False
2025-10-08 14:00:00+05:30,indirapuram_ghaziabad_uppcb,openaq,50.0,126.0,,,,,,,,,,,False
2025-10-08 15:00:00+05:30,indirapuram_ghaziabad_uppcb,openaq,52.0,123.0,,,,,,,,,,,False
2025-10-08 16:00:00+05:30,indirapuram_ghaziabad_uppcb,openaq,41.3,105.0,,,,,,,,,,,False
2025-10-08 17:00:00+05:30,indirapuram_ghaziabad_uppcb,openaq,43.0,112.0,,,,,,,,,,,False
2025-10-08 18:00:00+05:30,indirapuram_ghaziabad_uppcb,openaq,44.5,118.0,,,,,,,,,,,False
2025-10-08 19:00:00+05:30,indirapuram_ghaziabad_uppcb,openaq,42.0,123.0,,,,,,,,,,,False
2025-10-08 20:00:00+05:30,indirapuram_ghaziabad_uppcb,openaq,46.0,136.0,,,,,,,,,,,False
2025-10-08 21:00:00+05:30,indirapuram_ghaziabad_uppcb,openaq,52.0,137.0,,,,,,,,,,,False
2025-10-08 22:00:00+05:30,indirapuram_ghaziabad_uppcb,openaq,47.5,121.0,,,,,,,,,,,False
2025-10-09 01:00:00+05:30,indirapuram_ghaziabad_uppcb,openaq,53.0,135.0,,,,,,,,,,,False
2025-10-09 02:00:00+05:30,indirapuram_ghaziabad_uppcb,openaq,50.0,125.0,,,,,,,,,,,False
2025-10-09 04:00:00+05:30,indirapuram_ghaziabad_uppcb,openaq,40.5,88.5,,,,,,,,,,,False
2025-10-09 05:00:00+05:30,indirapuram_ghaziabad_uppcb,openaq,37.0,86.5,,,,,,,,,,,False
2025-10-09 06:00:00+05:30,indirapuram_ghaziabad_uppcb,openaq,39.5,92.0,,,,,,,,,,,False
2025-10-09 07:00:00+05:30,indirapuram_ghaziabad_uppcb,openaq,48.0,116.0,,,,,,,,,,,False
2025-10-09 08:00:00+05:30,indirapuram_ghaziabad_uppcb,openaq,52.0,134.0,,,,,,,,,,,False
2025-10-09 09:00:00+05:30,indirapuram_ghaziabad_uppcb,openaq,51.5,135.0,,,,,,,,,,,False
2025-10-09 10:00:00+05:30,indirapuram_ghaziabad_uppcb,openaq,44.5,128.0,,,,,,,,,,,False
2025-10-09 11:00:00+05:30,indirapuram_ghaziabad_uppcb,openaq,36.5,115.0,,,,,,,,,,,False
2025-10-09 12:00:00+05:30,indirapuram_ghaziabad_uppcb,openaq,34.5,109.0,,,,,,,,,,,False
2025-10-09 13:00:00+05:30,indirapuram_ghaziabad_uppcb,openaq,33.0,112.0,,,,,,,,,,,False
2025-10-09 14:00:00+05:30,indirapuram_ghaziabad_uppcb,openaq,32.5,110.0,,,,,,,,,,,False
2025-10-09 15:00:00+05:30,indirapuram_ghaziabad_uppcb,openaq,34.5,110.0,,,,,,,,,,,False
2025-10-09 16:00:00+05:30,indirapuram_ghaziabad_uppcb,openaq,33.3,114.0,,,,,,,,,,,False
2025-10-09 17:00:00+05:30,indirapuram_ghaziabad_uppcb,openaq,32.5,127.0,,,,,,,,,,,False
2025-10-09 18:00:00+05:30,indirapuram_ghaziabad_uppcb,openaq,36.0,136.0,,,,,,,,,,,False
2025-10-09 19:00:00+05:30,indirapuram_ghaziabad_uppcb,openaq,39.0,151.0,,,,,,,,,,,False
2025-10-09 20:00:00+05:30,indirapuram_ghaziabad_uppcb,openaq,46.5,205.0,,,,,,,,,,,False
2025-10-09 21:00:00+05:30,indirapuram_ghaziabad_uppcb,openaq,54.5,250.0,,,,,,,,,,,False
2025-10-09 22:00:00+05:30,indirapuram_ghaziabad_uppcb,openaq,60.0,253.0,,,,,,,,,,,False
2025-10-09 23:00:00+05:30,indirapuram_ghaziabad_uppcb,openaq,62.0,247.0,,,,,,,,,,,False
2025-10-10 01:00:00+05:30,indirapuram_ghaziabad_uppcb,openaq,61.0,216.0,,,,,,,,,,,False
2025-10-10 02:00:00+05:30,indirapuram_ghaziabad_uppcb,openaq,61.0,196.0,,,,,,,,,,,False
2025-10-10 03:00:00+05:30,indirapuram_ghaziabad_uppcb,openaq,53.5,163.0,,,,,,,,,,,False
2025-10-10 04:00:00+05:30,indirapuram_ghaziabad_uppcb,openaq,48.5,140.0,,,,,,,,,,,False
2025-10-10 05:00:00+05:30,indirapuram_ghaziabad_uppcb,openaq,45.5,132.0,,,,,,,,,,,False
2025-10-10 06:00:00+05:30,indirapuram_ghaziabad_uppcb,openaq,53.0,143.0,,,,,,,,,,,False
2025-10-10 07:00:00+05:30,indirapuram_ghaziabad_uppcb,openaq,62.5,178.0,,,,,,,,,,,False
2025-10-10 08:00:00+05:30,indirapuram_ghaziabad_uppcb,openaq,65.5,206.0,,,,,,,,,,,False
2025-10-10 09:00:00+05:30,indirapuram_ghaziabad_uppcb,openaq,61.5,210.0,,,,,,,,,,,False
2025-10-10 10:00:00+05:30,indirapuram_ghaziabad_uppcb,openaq,60.0,220.0,,,,,,,,,,,False
2025-10-10 11:00:00+05:30,indirapuram_ghaziabad_uppcb,openaq,57.0,211.0,,,,,,,,,,,False
2025-10-10 12:00:00+05:30,indirapuram_ghaziabad_uppcb,openaq,57.5,203.0,,,,,,,,,,,False
2025-10-10 13:00:00+05:30,indirapuram_ghaziabad_uppcb,openaq,62.5,214.0,,,,,,,,,,,False
2025-10-10 14:00:00+05:30,indirapuram_ghaziabad_uppcb,openaq,60.7,214.0,,,,,,,,,,,False
2025-10-10 15:00:00+05:30,indirapuram_ghaziabad_uppcb,openaq,54.3,207.0,,,,,,,,,,,False
2025-10-10 19:00:00+05:30,indirapuram_ghaziabad_uppcb,openaq,71.7,237.0,,,,,,,,,,,False
2025-10-10 20:00:00+05:30,indirapuram_ghaziabad_uppcb,openaq,85.5,247.0,,,,,,,,,,,False
2025-10-10 21:00:00+05:30,indirapuram_ghaziabad_uppcb,openaq,118.0,299.0,,,,,,,,,,,False
2025-10-10 22:00:00+05:30,indirapuram_ghaziabad_uppcb,openaq,148.0,348.0,,,,,,,,,,,False
2025-10-10 23:00:00+05:30,indirapuram_ghaziabad_uppcb,openaq,157.0,357.0,,,,,,,,,,,False
2025-10-11 09:00:00+05:30,indirapuram_ghaziabad_uppcb,openaq,84.0,249.0,,,,,,,,,,,False
2025-10-11 10:00:00+05:30,indirapuram_ghaziabad_uppcb,openaq,65.0,212.0,,,,,,,,,,,False
2025-10-11 11:00:00+05:30,indirapuram_ghaziabad_uppcb,openaq,56.5,194.0,,,,,,,,,,,False
2025-10-11 12:00:00+05:30,indirapuram_ghaziabad_uppcb,openaq,56.5,197.0,,,,,,,,,,,False
2025-10-11 13:00:00+05:30,indirapuram_ghaziabad_uppcb,openaq,50.5,181.0,,,,,,,,,,,False
2025-10-11 14:00:00+05:30,indirapuram_ghaziabad_uppcb,openaq,50.0,160.0,,,,,,,,,,,False
2025-10-11 15:00:00+05:30,indirapuram_ghaziabad_uppcb,openaq,54.0,163.0,,,,,,,,,,,False
2025-10-11 16:00:00+05:30,indirapuram_ghaziabad_uppcb,openaq,48.0,163.0,,,,,,,,,,,False
2025-10-11 17:00:00+05:30,indirapuram_ghaziabad_uppcb,openaq,48.5,172.0,,,,,,,,,,,False
2025-10-11 18:00:00+05:30,indirapuram_ghaziabad_uppcb,openaq,64.0,197.0,,,,,,,,,,,False
2025-10-11 19:00:00+05:30,indirapuram_ghaziabad_uppcb,openaq,77.0,231.0,,,,,,,,,,,False
2025-10-11 20:00:00+05:30,indirapuram_ghaziabad_uppcb,openaq,91.5,287.0,,,,,,,,,,,False
2025-10-11 21:00:00+05:30,indirapuram_ghaziabad_uppcb,openaq,99.0,312.0,,,,,,,,,,,False
2025-10-11 22:00:00+05:30,indirapuram_ghaziabad_uppcb,openaq,98.0,303.0,,,,,,,,,,,False
2025-10-11 23:00:00+05:30,indirapuram_ghaziabad_uppcb,openaq,89.7,269.0,,,,,,,,,,,False
2025-10-12 01:00:00+05:30,indirapuram_ghaziabad_uppcb,openaq,75.5,204.0,,,,,,,,,,,False
2025-10-12 02:00:00+05:30,indirapuram_ghaziabad_uppcb,openaq,76.5,196.0,,,,,,,,,,,False
2025-10-12 03:00:00+05:30,indirapuram_ghaziabad_uppcb,openaq,75.5,190.0,,,,,,,,,,,False
2025-10-12 04:00:00+05:30,indirapuram_ghaziabad_uppcb,openaq,77.5,189.0,,,,,,,,,,,False
2025-10-12 05:00:00+05:30,indirapuram_ghaziabad_uppcb,openaq,,194.0,,,,,,,,,,,False
2025-10-12 06:00:00+05:30,indirapuram_ghaziabad_uppcb,openaq,88.7,194.0,,,,,,,,,,,False
2025-10-12 07:00:00+05:30,indirapuram_ghaziabad_uppcb,openaq,82.0,196.0,,,,,,,,,,,False
2025-10-12 08:00:00+05:30,indirapuram_ghaziabad_uppcb,openaq,86.5,224.0,,,,,,,,,,,False
2025-10-12 09:00:00+05:30,indirapuram_ghaziabad_uppcb,openaq,88.5,258.0,,,,,,,,,,,False
2025-10-12 10:00:00+05:30,indirapuram_ghaziabad_uppcb,openaq,88.0,280.0,,,,,,,,,,,False
2025-10-12 11:00:00+05:30,indirapuram_ghaziabad_uppcb,openaq,79.5,262.0,,,,,,,,,,,False
2025-10-12 12:00:00+05:30,indirapuram_ghaziabad_uppcb,openaq,67.0,223.0,,,,,,,,,,,False
2025-10-12 13:00:00+05:30,indirapuram_ghaziabad_uppcb,openaq,53.0,183.0,,,,,,,,,,,False
2025-10-12 14:00:00+05:30,indirapuram_ghaziabad_uppcb,openaq,37.0,155.0,,,,,,,,,,,False
2025-10-12 15:00:00+05:30,indirapuram_ghaziabad_uppcb,openaq,31.0,144.0,,,,,,,,,,,False
2025-10-12 16:00:00+05:30,indirapuram_ghaziabad_uppcb,openaq,32.5,139.0,,,,,,,,,,,False
2025-10-12 17:00:00+05:30,indirapuram_ghaziabad_uppcb,openaq,38.0,162.0,,,,,,,,,,,False
2025-10-12 18:00:00+05:30,indirapuram_ghaziabad_uppcb,openaq,51.0,195.0,,,,,,,,,,,False
2025-10-12 19:00:00+05:30,indirapuram_ghaziabad_uppcb,openaq,64.5,216.0,,,,,,,,,,,False
2025-10-12 20:00:00+05:30,indirapuram_ghaziabad_uppcb,openaq,75.0,238.0,,,,,,,,,,,False
2025-10-12 21:00:00+05:30,indirapuram_ghaziabad_uppcb,openaq,96.0,275.0,,,,,,,,,,,False
2025-10-12 22:00:00+05:30,indirapuram_ghaziabad_uppcb,openaq,110.0,278.0,,,,,,,,,,,False
2025-10-12 23:00:00+05:30,indirapuram_ghaziabad_uppcb,openaq,96.7,265.0,,,,,,,,,,,False
2025-10-13 01:00:00+05:30,indirapuram_ghaziabad_uppcb,openaq,117.0,272.0,,,,,,,,,,,False
2025-10-13 02:00:00+05:30,indirapuram_ghaziabad_uppcb,openaq,137.0,276.0,,,,,,,,,,,False
2025-10-13 03:00:00+05:30,indirapuram_ghaziabad_uppcb,openaq,106.0,236.0,,,,,,,,,,,False
2025-10-13 04:00:00+05:30,indirapuram_ghaziabad_uppcb,openaq,81.5,198.0,,,,,,,,,,,False
2025-10-13 05:00:00+05:30,indirapuram_ghaziabad_uppcb,openaq,99.5,209.0,,,,,,,,,,,False
2025-10-13 06:00:00+05:30,indirapuram_ghaziabad_uppcb,openaq,126.0,234.0,,,,,,,,,,,False
2025-10-13 07:00:00+05:30,indirapuram_ghaziabad_uppcb,openaq,130.0,264.0,,,,,,,,,,,False
2025-10-13 08:00:00+05:30,indirapuram_ghaziabad_uppcb,openaq,121.0,299.0,,,,,,,,,,,False
2025-10-13 09:00:00+05:30,indirapuram_ghaziabad_uppcb,openaq,136.0,347.0,,,,,,,,,,,False
2025-10-13 10:00:00+05:30,indirapuram_ghaziabad_uppcb,openaq,130.0,342.0,,,,,,,,,,,False
2025-10-13 11:00:00+05:30,indirapuram_ghaziabad_uppcb,openaq,86.3,271.0,,,,,,,,,,,False
2025-10-13 12:00:00+05:30,indirapuram_ghaziabad_uppcb,openaq,63.5,218.0,,,,,,,,,,,False
2025-10-13 13:00:00+05:30,indirapuram_ghaziabad_uppcb,openaq,53.5,179.0,,,,,,,,,,,False
2025-10-13 14:00:00+05:30,indirapuram_ghaziabad_uppcb,openaq,51.0,180.0,,,,,,,,,,,False
2025-10-13 15:00:00+05:30,indirapuram_ghaziabad_uppcb,openaq,48.5,179.0,,,,,,,,,,,False
2025-10-13 16:00:00+05:30,indirapuram_ghaziabad_uppcb,openaq,44.0,163.0,,,,,,,,,,,False
2025-10-13 17:00:00+05:30,indirapuram_ghaziabad_uppcb,openaq,43.5,160.0,,,,,,,,,,,False
2025-10-13 18:00:00+05:30,indirapuram_ghaziabad_uppcb,openaq,74.0,252.0,,,,,,,,,,,False
2025-10-13 19:00:00+05:30,indirapuram_ghaziabad_uppcb,openaq,119.0,416.0,,,,,,,,,,,False
2025-10-13 20:00:00+05:30,indirapuram_ghaziabad_uppcb,openaq,131.0,379.0,,,,,,,,,,,False
2025-10-13 21:00:00+05:30,indirapuram_ghaziabad_uppcb,openaq,172.0,421.0,,,,,,,,,,,False
2025-10-13 22:00:00+05:30,indirapuram_ghaziabad_uppcb,openaq,191.0,456.0,,,,,,,,,,,False
2025-10-13 23:00:00+05:30,indirapuram_ghaziabad_uppcb,openaq,179.0,423.0,,,,,,,,,,,False
2025-10-14 01:00:00+05:30,indirapuram_ghaziabad_uppcb,openaq,156.0,333.0,,,,,,,,,,,False
2025-10-14 02:00:00+05:30,indirapuram_ghaziabad_uppcb,openaq,133.0,289.0,,,,,,,,,,,False
2025-10-14 03:00:00+05:30,indirapuram_ghaziabad_uppcb,openaq,122.0,253.0,,,,,,,,,,,False
2025-10-14 04:00:00+05:30,indirapuram_ghaziabad_uppcb,openaq,112.0,219.0,,,,,,,,,,,False
2025-10-14 05:00:00+05:30,indirapuram_ghaziabad_uppcb,openaq,118.0,234.0,,,,,,,,,,,False
2025-10-14 06:00:00+05:30,indirapuram_ghaziabad_uppcb,openaq,136.0,268.0,,,,,,,,,,,False
2025-10-14 07:00:00+05:30,indirapuram_ghaziabad_uppcb,openaq,150.0,303.0,,,,,,,,,,,False
2025-10-14 08:00:00+05:30,indirapuram_ghaziabad_uppcb,openaq,150.0,352.0,,,,,,,,,,,False
2025-10-14 09:00:00+05:30,indirapuram_ghaziabad_uppcb,openaq,161.0,413.0,,,,,,,,,,,False
2025-10-14 10:00:00+05:30,indirapuram_ghaziabad_uppcb,openaq,129.0,358.0,,,,,,,,,,,False
2025-10-14 11:00:00+05:30,indirapuram_ghaziabad_uppcb,openaq,70.0,220.0,,,,,,,,,,,False
2025-10-14 12:00:00+05:30,indirapuram_ghaziabad_uppcb,openaq,51.5,169.0,,,,,,,,,,,False
2025-10-14 13:00:00+05:30,indirapuram_ghaziabad_uppcb,openaq,53.5,174.0,,,,,,,,,,,False
2025-10-14 14:00:00+05:30,indirapuram_ghaziabad_uppcb,openaq,58.5,187.0,,,,,,,,,,,False
2025-10-14 15:00:00+05:30,indirapuram_ghaziabad_uppcb,openaq,57.0,183.0,,,,,,,,,,,False
2025-10-14 16:00:00+05:30,indirapuram_ghaziabad_uppcb,openaq,50.0,155.0,,,,,,,,,,,False
2025-10-14 17:00:00+05:30,indirapuram_ghaziabad_uppcb,openaq,48.0,149.0,,,,,,,,,,,False
2025-10-14 18:00:00+05:30,indirapuram_ghaziabad_uppcb,openaq,64.0,226.0,,,,,,,,,,,False
2025-10-14 19:00:00+05:30,indirapuram_ghaziabad_uppcb,openaq,107.0,362.0,,,,,,,,,,,False
2025-10-14 20:00:00+05:30,indirapuram_ghaziabad_uppcb,openaq,125.0,404.0,,,,,,,,,,,False
2025-10-14 21:00:00+05:30,indirapuram_ghaziabad_uppcb,openaq,118.0,377.0,,,,,,,,,,,False
2025-10-14 22:00:00+05:30,indirapuram_ghaziabad_uppcb,openaq,156.0,448.0,,,,,,,,,,,False
2025-10-14 23:00:00+05:30,indirapuram_ghaziabad_uppcb,openaq,185.0,509.0,,,,,,,,,,,False
2025-10-15 01:00:00+05:30,indirapuram_ghaziabad_uppcb,openaq,166.0,432.0,,,,,,,,,,,False
2025-10-15 02:00:00+05:30,indirapuram_ghaziabad_uppcb,openaq,140.0,327.0,,,,,,,,,,,False
2025-10-15 03:00:00+05:30,indirapuram_ghaziabad_uppcb,openaq,144.0,266.0,,,,,,,,,,,False
2025-10-15 04:00:00+05:30,indirapuram_ghaziabad_uppcb,openaq,152.0,254.0,,,,,,,,,,,False
2025-10-15 05:00:00+05:30,indirapuram_ghaziabad_uppcb,openaq,147.0,242.0,,,,,,,,,,,False
2025-10-15 06:00:00+05:30,indirapuram_ghaziabad_uppcb,openaq,142.0,253.0,,,,,,,,,,,False
2025-10-15 07:00:00+05:30,indirapuram_ghaziabad_uppcb,openaq,153.0,346.0,,,,,,,,,,,False
2025-10-15 08:00:00+05:30,indirapuram_ghaziabad_uppcb,openaq,150.0,378.0,,,,,,,,,,,False
2025-10-15 09:00:00+05:30,indirapuram_ghaziabad_uppcb,openaq,116.0,291.0,,,,,,,,,,,False
2025-10-15 10:00:00+05:30,indirapuram_ghaziabad_uppcb,openaq,84.5,223.0,,,,,,,,,,,False
2025-10-15 11:00:00+05:30,indirapuram_ghaziabad_uppcb,openaq,56.5,167.0,,,,,,,,,,,False
2025-10-15 12:00:00+05:30,indirapuram_ghaziabad_uppcb,openaq,42.5,141.0,,,,,,,,,,,False
2025-10-15 13:00:00+05:30,indirapuram_ghaziabad_uppcb,openaq,51.5,158.0,,,,,,,,,,,False
2025-10-15 14:00:00+05:30,indirapuram_ghaziabad_uppcb,openaq,59.0,171.0,,,,,,,,,,,False
2025-10-15 15:00:00+05:30,indirapuram_ghaziabad_uppcb,openaq,59.0,174.0,,,,,,,,,,,False
2025-10-15 16:00:00+05:30,indirapuram_ghaziabad_uppcb,openaq,59.5,173.0,,,,,,,,,,,False
2025-10-15 17:00:00+05:30,indirapuram_ghaziabad_uppcb,openaq,69.7,196.0,,,,,,,,,,,False
2025-10-15 20:00:00+05:30,indirapuram_ghaziabad_uppcb,openaq,183.0,465.0,,,,,,,,,,,False
2025-10-15 21:00:00+05:30,indirapuram_ghaziabad_uppcb,openaq,204.0,570.0,,,,,,,,,,,False
2025-10-15 22:00:00+05:30,indirapuram_ghaziabad_uppcb,openaq,229.0,697.0,,,,,,,,,,,False
2025-10-15 23:00:00+05:30,indirapuram_ghaziabad_uppcb,openaq,248.0,698.0,,,,,,,,,,,False
2025-10-16 01:00:00+05:30,indirapuram_ghaziabad_uppcb,openaq,215.0,459.0,,,,,,,,,,,False
2025-10-16 02:00:00+05:30,indirapuram_ghaziabad_uppcb,openaq,224.0,461.0,,,,,,,,,,,False
2025-10-16 03:00:00+05:30,indirapuram_ghaziabad_uppcb,openaq,205.0,416.0,,,,,,,,,,,False
2025-10-16 04:00:00+05:30,indirapuram_ghaziabad_uppcb,openaq,188.0,372.0,,,,,,,,,,,False
2025-10-16 05:00:00+05:30,indirapuram_ghaziabad_uppcb,openaq,174.0,313.0,,,,,,,,,,,False
2025-10-16 07:00:00+05:30,indirapuram_ghaziabad_uppcb,openaq,157.0,328.0,,,,,,,,,,,False
2025-10-16 08:00:00+05:30,indirapuram_ghaziabad_uppcb,openaq,161.0,380.0,,,,,,,,,,,False
2025-10-16 09:00:00+05:30,indirapuram_ghaziabad_uppcb,openaq,148.0,363.0,,,,,,,,,,,False
2025-10-16 10:00:00+05:30,indirapuram_ghaziabad_uppcb,openaq,160.0,386.0,,,,,,,,,,,False
2025-10-16 11:00:00+05:30,indirapuram_ghaziabad_uppcb,openaq,122.0,306.0,,,,,,,,,,,False
2025-10-16 12:00:00+05:30,indirapuram_ghaziabad_uppcb,openaq,68.0,185.0,,,,,,,,,,,False
2025-10-16 13:00:00+05:30,indirapuram_ghaziabad_uppcb,openaq,68.0,179.0,,,,,,,,,,,False
2025-10-16 14:00:00+05:30,indirapuram_ghaziabad_uppcb,openaq,71.5,191.0,,,,,,,,,,,False
2025-10-16 15:00:00+05:30,indirapuram_ghaziabad_uppcb,openaq,68.5,185.0,,,,,,,,,,,False
2025-10-16 16:00:00+05:30,indirapuram_ghaziabad_uppcb,openaq,67.5,187.0,,,,,,,,,,,False
2025-10-16 17:00:00+05:30,indirapuram_ghaziabad_uppcb,openaq,67.5,198.0,,,,,,,,,,,False
2025-10-16 18:00:00+05:30,indirapuram_ghaziabad_uppcb,openaq,85.0,240.0,,,,,,,,,,,False
2025-10-16 19:00:00+05:30,indirapuram_ghaziabad_uppcb,openaq,111.0,295.0,,,,,,,,,,,False
2025-10-16 20:00:00+05:30,indirapuram_ghaziabad_uppcb,openaq,138.0,356.0,,,,,,,,,,,False
2025-10-16 21:00:00+05:30,indirapuram_ghaziabad_uppcb,openaq,172.0,422.0,,,,,,,,,,,False
2025-10-16 22:00:00+05:30,indirapuram_ghaziabad_uppcb,openaq,185.0,444.0,,,,,,,,,,,False
2025-10-16 23:00:00+05:30,indirapuram_ghaziabad_uppcb,openaq,192.0,450.0,,,,,,,,,,,False
2025-10-17 01:00:00+05:30,indirapuram_ghaziabad_uppcb,openaq,221.0,417.0,,,,,,,,,,,False
2025-10-17 06:00:00+05:30,indirapuram_ghaziabad_uppcb,openaq,161.0,276.0,,,,,,,,,,,False
2025-10-17 07:00:00+05:30,indirapuram_ghaziabad_uppcb,openaq,178.0,359.0,,,,,,,,,,,False
2025-10-17 08:00:00+05:30,indirapuram_ghaziabad_uppcb,openaq,171.0,403.0,,,,,,,,,,,False
2025-10-17 09:00:00+05:30,indirapuram_ghaziabad_uppcb,openaq,155.0,373.0,,,,,,,,,,,False
2025-10-17 10:00:00+05:30,indirapuram_ghaziabad_uppcb,openaq,150.0,380.0,,,,,,,,,,,False
2025-10-17 11:00:00+05:30,indirapuram_ghaziabad_uppcb,openaq,128.0,355.0,,,,,,,,,,,False
2025-10-17 12:00:00+05:30,indirapuram_ghaziabad_uppcb,openaq,99.5,273.0,,,,,,,,,,,False
2025-10-17 13:00:00+05:30,indirapuram_ghaziabad_uppcb,openaq,87.5,222.0,,,,,,,,,,,False
2025-10-17 17:00:00+05:30,indirapuram_ghaziabad_uppcb,openaq,101.0,260.0,,,,,,,,,,,False
2025-10-17 18:00:00+05:30,indirapuram_ghaziabad_uppcb,openaq,132.0,360.0,,,,,,,,,,,False
2025-10-17 20:00:00+05:30,indirapuram_ghaziabad_uppcb,openaq,157.0,391.0,,,,,,,,,,,False
2025-10-17 21:00:00+05:30,indirapuram_ghaziabad_uppcb,openaq,170.0,391.0,,,,,,,,,,,False
2025-10-17 22:00:00+05:30,indirapuram_ghaziabad_uppcb,openaq,173.0,369.0,,,,,,,,,,,False
2025-10-17 23:00:00+05:30,indirapuram_ghaziabad_uppcb,openaq,172.0,354.0,,,,,,,,,,,False
2025-10-18 01:00:00+05:30,indirapuram_ghaziabad_uppcb,openaq,171.0,345.0,,,,,,,,,,,False
2025-10-18 02:00:00+05:30,indirapuram_ghaziabad_uppcb,openaq,162.0,302.0,,,,,,,,,,,False
2025-10-18 03:00:00+05:30,indirapuram_ghaziabad_uppcb,openaq,156.0,280.0,,,,,,,,,,,False
2025-10-18 04:00:00+05:30,indirapuram_ghaziabad_uppcb,openaq,157.0,279.0,,,,,,,,,,,False
2025-10-18 05:00:00+05:30,indirapuram_ghaziabad_uppcb,openaq,169.0,303.0,,,,,,,,,,,False
2025-10-18 06:00:00+05:30,indirapuram_ghaziabad_uppcb,openaq,176.0,319.0,,,,,,,,,,,False
2025-10-18 07:00:00+05:30,indirapuram_ghaziabad_uppcb,openaq,177.0,310.0,,,,,,,,,,,False
2025-10-18 08:00:00+05:30,indirapuram_ghaziabad_uppcb,openaq,180.0,345.0,,,,,,,,,,,False
2025-10-18 09:00:00+05:30,indirapuram_ghaziabad_uppcb,openaq,176.0,370.0,,,,,,,,,,,False
2025-10-18 10:00:00+05:30,indirapuram_ghaziabad_uppcb,openaq,173.0,373.0,,,,,,,,,,,False
2025-10-18 11:00:00+05:30,indirapuram_ghaziabad_uppcb,openaq,156.0,333.0,,,,,,,,,,,False
2025-10-18 12:00:00+05:30,indirapuram_ghaziabad_uppcb,openaq,122.0,264.0,,,,,,,,,,,False
2025-10-18 13:00:00+05:30,indirapuram_ghaziabad_uppcb,openaq,110.0,259.0,,,,,,,,,,,False
2025-10-18 14:00:00+05:30,indirapuram_ghaziabad_uppcb,openaq,111.0,255.0,,,,,,,,,,,False
2025-10-18 15:00:00+05:30,indirapuram_ghaziabad_uppcb,openaq,103.0,229.0,,,,,,,,,,,False
2025-10-18 16:00:00+05:30,indirapuram_ghaziabad_uppcb,openaq,101.0,223.0,,,,,,,,,,,False
2025-10-18 17:00:00+05:30,indirapuram_ghaziabad_uppcb,openaq,106.0,240.0,,,,,,,,,,,False
2025-10-18 18:00:00+05:30,indirapuram_ghaziabad_uppcb,openaq,151.0,341.0,,,,,,,,,,,False
2025-10-18 19:00:00+05:30,indirapuram_ghaziabad_uppcb,openaq,207.0,455.0,,,,,,,,,,,False
2025-10-18 20:00:00+05:30,indirapuram_ghaziabad_uppcb,openaq,212.0,470.0,,,,,,,,,,,False
2025-10-18 21:00:00+05:30,indirapuram_ghaziabad_uppcb,openaq,189.0,418.0,,,,,,,,,,,False
2025-10-18 22:00:00+05:30,indirapuram_ghaziabad_uppcb,openaq,210.0,447.0,,,,,,,,,,,False
2025-10-18 23:00:00+05:30,indirapuram_ghaziabad_uppcb,openaq,,560.0,,,,,,,,,,,False
2025-10-19 01:00:00+05:30,indirapuram_ghaziabad_uppcb,openaq,220.0,395.0,,,,,,,,,,,False
2025-10-19 02:00:00+05:30,indirapuram_ghaziabad_uppcb,openaq,224.0,378.0,,,,,,,,,,,False
2025-10-19 03:00:00+05:30,indirapuram_ghaziabad_uppcb,openaq,204.0,340.0,,,,,,,,,,,False
2025-10-19 04:00:00+05:30,indirapuram_ghaziabad_uppcb,openaq,187.0,311.0,,,,,,,,,,,False
2025-10-19 05:00:00+05:30,indirapuram_ghaziabad_uppcb,openaq,184.0,297.0,,,,,,,,,,,False
2025-10-19 06:00:00+05:30,indirapuram_ghaziabad_uppcb,openaq,206.0,300.0,,,,,,,,,,,False
2025-10-19 07:00:00+05:30,indirapuram_ghaziabad_uppcb,openaq,235.0,379.0,,,,,,,,,,,False
2025-10-19 08:00:00+05:30,indirapuram_ghaziabad_uppcb,openaq,280.0,499.0,,,,,,,,,,,False
2025-10-19 09:00:00+05:30,indirapuram_ghaziabad_uppcb,openaq,256.0,470.0,,,,,,,,,,,False
2025-10-19 12:00:00+05:30,indirapuram_ghaziabad_uppcb,openaq,116.0,230.0,,,,,,,,,,,False
2025-10-19 13:00:00+05:30,indirapuram_ghaziabad_uppcb,openaq,104.0,220.0,,,,,,,,,,,False
2025-10-19 14:00:00+05:30,indirapuram_ghaziabad_uppcb,openaq,94.5,200.0,,,,,,,,,,,False
2025-10-19 15:00:00+05:30,indirapuram_ghaziabad_uppcb,openaq,89.7,189.0,,,,,,,,,,,False
2025-10-19 16:00:00+05:30,indirapuram_ghaziabad_uppcb,openaq,94.3,209.0,,,,,,,,,,,False
2025-10-19 17:00:00+05:30,indirapuram_ghaziabad_uppcb,openaq,104.0,241.0,,,,,,,,,,,False
2025-10-19 18:00:00+05:30,indirapuram_ghaziabad_uppcb,openaq,153.0,332.0,,,,,,,,,,,False
2025-10-19 19:00:00+05:30,indirapuram_ghaziabad_uppcb,openaq,,579.0,,,,,,,,,,,False
2025-10-19 20:00:00+05:30,indirapuram_ghaziabad_uppcb,openaq,,707.0,,,,,,,,,,,False
2025-10-19 21:00:00+05:30,indirapuram_ghaziabad_uppcb,openaq,,711.0,,,,,,,,,,,False
2025-10-19 22:00:00+05:30,indirapuram_ghaziabad_uppcb,openaq,,810.0,,,,,,,,,,,False
2025-10-19 23:00:00+05:30,indirapuram_ghaziabad_uppcb,openaq,,935.0,,,,,,,,,,,False
2025-10-20 01:00:00+05:30,indirapuram_ghaziabad_uppcb,openaq,,632.0,,,,,,,,,,,False
2025-10-20 02:00:00+05:30,indirapuram_ghaziabad_uppcb,openaq,,553.0,,,,,,,,,,,False
2025-10-20 03:00:00+05:30,indirapuram_ghaziabad_uppcb,openaq,288.0,419.0,,,,,,,,,,,False
2025-10-20 04:00:00+05:30,indirapuram_ghaziabad_uppcb,openaq,259.0,382.0,,,,,,,,,,,False
2025-10-20 05:00:00+05:30,indirapuram_ghaziabad_uppcb,openaq,262.0,372.0,,,,,,,,,,,False
2025-10-20 06:00:00+05:30,indirapuram_ghaziabad_uppcb,openaq,254.0,344.0,,,,,,,,,,,False
2025-10-20 07:00:00+05:30,indirapuram_ghaziabad_uppcb,openaq,250.0,393.0,,,,,,,,,,,False
2025-10-20 08:00:00+05:30,indirapuram_ghaziabad_uppcb,openaq,265.0,462.0,,,,,,,,,,,False
2025-10-20 09:00:00+05:30,indirapuram_ghaziabad_uppcb,openaq,259.0,447.0,,,,,,,,,,,False
2025-10-20 15:00:00+05:30,indirapuram_ghaziabad_uppcb,openaq,84.0,182.0,,,,,,,,,,,False
2025-10-20 16:00:00+05:30,indirapuram_ghaziabad_uppcb,openaq,90.0,197.0,,,,,,,,,,,False
2025-10-20 17:00:00+05:30,indirapuram_ghaziabad_uppcb,openaq,103.0,222.0,,,,,,,,,,,False
2025-10-20 18:00:00+05:30,indirapuram_ghaziabad_uppcb,openaq,138.0,284.0,,,,,,,,,,,False
2025-10-20 19:00:00+05:30,indirapuram_ghaziabad_uppcb,openaq,,372.0,,,,,,,,,,,False
2025-10-21 03:00:00+05:30,indirapuram_ghaziabad_uppcb,openaq,515.0,968.0,,,,,,,,,,,False
2025-10-21 04:00:00+05:30,indirapuram_ghaziabad_uppcb,openaq,326.0,815.0,,,,,,,,,,,False
2025-10-21 05:00:00+05:30,indirapuram_ghaziabad_uppcb,openaq,203.0,506.0,,,,,,,,,,,False
2025-10-21 06:00:00+05:30,indirapuram_ghaziabad_uppcb,openaq,166.0,415.0,,,,,,,,,,,False
2025-10-21 07:00:00+05:30,indirapuram_ghaziabad_uppcb,openaq,167.0,417.0,,,,,,,,,,,False
2025-10-21 08:00:00+05:30,indirapuram_ghaziabad_uppcb,openaq,165.0,411.0,,,,,,,,,,,False
2025-10-21 09:00:00+05:30,indirapuram_ghaziabad_uppcb,openaq,139.0,347.0,,,,,,,,,,,False
2025-10-21 10:00:00+05:30,indirapuram_ghaziabad_uppcb,openaq,124.0,309.0,,,,,,,,,,,False
2025-10-21 11:00:00+05:30,indirapuram_ghaziabad_uppcb,openaq,91.0,227.0,,,,,,,,,,,False
2025-10-21 12:00:00+05:30,indirapuram_ghaziabad_uppcb,openaq,68.0,170.0,,,,,,,,,,,False
2025-10-21 13:00:00+05:30,indirapuram_ghaziabad_uppcb,openaq,63.5,159.0,,,,,,,,,,,False
2025-10-21 14:00:00+05:30,indirapuram_ghaziabad_uppcb,openaq,58.5,146.0,,,,,,,,,,,False
2025-10-21 15:00:00+05:30,indirapuram_ghaziabad_uppcb,openaq,48.5,122.0,,,,,,,,,,,False
2025-10-21 16:00:00+05:30,indirapuram_ghaziabad_uppcb,openaq,61.0,153.0,,,,,,,,,,,False
2025-10-21 17:00:00+05:30,indirapuram_ghaziabad_uppcb,openaq,83.5,209.0,,,,,,,,,,,False
2025-10-21 18:00:00+05:30,indirapuram_ghaziabad_uppcb,openaq,119.0,298.0,,,,,,,,,,,False
2025-10-21 19:00:00+05:30,indirapuram_ghaziabad_uppcb,openaq,142.0,356.0,,,,,,,,,,,False
2025-10-21 20:00:00+05:30,indirapuram_ghaziabad_uppcb,openaq,184.0,461.0,,,,,,,,,,,False
2025-10-21 21:00:00+05:30,indirapuram_ghaziabad_uppcb,openaq,214.0,535.0,,,,,,,,,,,False
2025-10-21 22:00:00+05:30,indirapuram_ghaziabad_uppcb,openaq,248.0,619.0,,,,,,,,,,,False
2025-10-21 23:00:00+05:30,indirapuram_ghaziabad_uppcb,openaq,281.0,703.0,,,,,,,,,,,False
2025-10-22 01:00:00+05:30,indirapuram_ghaziabad_uppcb,openaq,319.0,797.0,,,,,,,,,,,False
2025-10-22 02:00:00+05:30,indirapuram_ghaziabad_uppcb,openaq,216.0,540.0,,,,,,,,,,,False
2025-10-22 03:00:00+05:30,indirapuram_ghaziabad_uppcb,openaq,118.0,294.0,,,,,,,,,,,False
2025-10-22 04:00:00+05:30,indirapuram_ghaziabad_uppcb,openaq,96.5,241.0,,,,,,,,,,,False
2025-10-22 05:00:00+05:30,indirapuram_ghaziabad_uppcb,openaq,86.0,215.0,,,,,,,,,,,False
2025-10-22 06:00:00+05:30,indirapuram_ghaziabad_uppcb,openaq,81.0,202.0,,,,,,,,,,,False
2025-10-22 07:00:00+05:30,indirapuram_ghaziabad_uppcb,openaq,108.0,269.0,,,,,,,,,,,False
2025-10-22 08:00:00+05:30,indirapuram_ghaziabad_uppcb,openaq,137.0,341.0,,,,,,,,,,,False
2025-10-22 09:00:00+05:30,indirapuram_ghaziabad_uppcb,openaq,146.0,365.0,,,,,,,,,,,False
2025-10-22 10:00:00+05:30,indirapuram_ghaziabad_uppcb,openaq,165.0,413.0,,,,,,,,,,,False
2025-10-22 11:00:00+05:30,indirapuram_ghaziabad_uppcb,openaq,159.0,396.0,,,,,,,,,,,False
2025-10-22 12:00:00+05:30,indirapuram_ghaziabad_uppcb,openaq,137.0,341.0,,,,,,,,,,,False
2025-10-22 13:00:00+05:30,indirapuram_ghaziabad_uppcb,openaq,118.0,294.0,,,,,,,,,,,False
2025-10-22 15:00:00+05:30,indirapuram_ghaziabad_uppcb,openaq,84.5,211.0,,,,,,,,,,,False
2025-10-22 16:00:00+05:30,indirapuram_ghaziabad_uppcb,openaq,79.5,198.0,,,,,,,,,,,False
2025-10-22 17:00:00+05:30,indirapuram_ghaziabad_uppcb,openaq,79.5,199.0,,,,,,,,,,,False
2025-10-22 18:00:00+05:30,indirapuram_ghaziabad_uppcb,openaq,96.5,241.0,,,,,,,,,,,False
2025-10-22 19:00:00+05:30,indirapuram_ghaziabad_uppcb,openaq,127.0,317.0,,,,,,,,,,,False
2025-10-22 20:00:00+05:30,indirapuram_ghaziabad_uppcb,openaq,141.0,353.0,,,,,,,,,,,False
2025-10-22 21:00:00+05:30,indirapuram_ghaziabad_uppcb,openaq,164.0,410.0,,,,,,,,,,,False
2025-10-22 22:00:00+05:30,indirapuram_ghaziabad_uppcb,openaq,219.0,547.0,,,,,,,,,,,False
2025-10-23 01:00:00+05:30,indirapuram_ghaziabad_uppcb,openaq,120.0,301.0,,,,,,,,,,,False
2025-10-23 02:00:00+05:30,indirapuram_ghaziabad_uppcb,openaq,104.0,259.0,,,,,,,,,,,False
2025-10-23 03:00:00+05:30,indirapuram_ghaziabad_uppcb,openaq,92.0,230.0,,,,,,,,,,,False
2025-10-23 04:00:00+05:30,indirapuram_ghaziabad_uppcb,openaq,95.5,239.0,,,,,,,,,,,False
2025-10-23 05:00:00+05:30,indirapuram_ghaziabad_uppcb,openaq,98.0,245.0,,,,,,,,,,,False
2025-10-23 06:00:00+05:30,indirapuram_ghaziabad_uppcb,openaq,92.5,232.0,,,,,,,,,,,False
2025-10-23 07:00:00+05:30,indirapuram_ghaziabad_uppcb,openaq,98.5,247.0,,,,,,,,,,,False
2025-10-23 08:00:00+05:30,indirapuram_ghaziabad_uppcb,openaq,111.0,277.0,,,,,,,,,,,False
2025-10-23 09:00:00+05:30,indirapuram_ghaziabad_uppcb,openaq,117.0,292.0,,,,,,,,,,,False
2025-10-23 10:00:00+05:30,indirapuram_ghaziabad_uppcb,openaq,116.0,288.0,,,,,,,,,,,False
2025-10-23 11:00:00+05:30,indirapuram_ghaziabad_uppcb,openaq,113.0,282.0,,,,,,,,,,,False
2025-10-23 12:00:00+05:30,indirapuram_ghaziabad_uppcb,openaq,121.0,302.0,,,,,,,,,,,False
2025-10-23 13:00:00+05:30,indirapuram_ghaziabad_uppcb,openaq,116.0,290.0,,,,,,,,,,,False
2025-10-23 14:00:00+05:30,indirapuram_ghaziabad_uppcb,openaq,89.0,223.0,,,,,,,,,,,False
2025-10-23 15:00:00+05:30,indirapuram_ghaziabad_uppcb,openaq,77.0,193.0,,,,,,,,,,,False
2025-10-23 16:00:00+05:30,indirapuram_ghaziabad_uppcb,openaq,86.0,215.0,,,,,,,,,,,False
2025-10-23 17:00:00+05:30,indirapuram_ghaziabad_uppcb,openaq,91.0,227.0,,,,,,,,,,,False
2025-10-23 18:00:00+05:30,indirapuram_ghaziabad_uppcb,openaq,99.7,249.0,,,,,,,,,,,False
2025-10-23 19:00:00+05:30,indirapuram_ghaziabad_uppcb,openaq,124.0,309.0,,,,,,,,,,,False
2025-10-23 20:00:00+05:30,indirapuram_ghaziabad_uppcb,openaq,142.0,355.0,,,,,,,,,,,False
2025-10-23 21:00:00+05:30,indirapuram_ghaziabad_uppcb,openaq,186.0,463.0,,,,,,,,,,,False
2025-10-23 22:00:00+05:30,indirapuram_ghaziabad_uppcb,openaq,241.0,603.0,,,,,,,,,,,False
2025-10-23 23:00:00+05:30,indirapuram_ghaziabad_uppcb,openaq,258.0,646.0,,,,,,,,,,,False
2025-10-24 01:00:00+05:30,indirapuram_ghaziabad_uppcb,openaq,209.0,521.0,,,,,,,,,,,False
2025-10-24 02:00:00+05:30,indirapuram_ghaziabad_uppcb,openaq,194.0,485.0,,,,,,,,,,,False
2025-10-24 03:00:00+05:30,indirapuram_ghaziabad_uppcb,openaq,164.0,409.0,,,,,,,,,,,False
2025-10-24 04:00:00+05:30,indirapuram_ghaziabad_uppcb,openaq,129.0,322.0,,,,,,,,,,,False
2025-10-24 05:00:00+05:30,indirapuram_ghaziabad_uppcb,openaq,115.0,287.0,,,,,,,,,,,False
2025-10-24 06:00:00+05:30,indirapuram_ghaziabad_uppcb,openaq,109.0,273.0,,,,,,,,,,,False
2025-10-24 07:00:00+05:30,indirapuram_ghaziabad_uppcb,openaq,110.0,275.0,,,,,,,,,,,False
2025-10-24 08:00:00+05:30,indirapuram_ghaziabad_uppcb,openaq,110.0,274.0,,,,,,,,,,,False
2025-10-24 09:00:00+05:30,indirapuram_ghaziabad_uppcb,openaq,107.0,267.0,,,,,,,,,,,False
2025-10-24 10:00:00+05:30,indirapuram_ghaziabad_uppcb,openaq,112.0,280.0,,,,,,,,,,,False
2025-10-24 11:00:00+05:30,indirapuram_ghaziabad_uppcb,openaq,123.0,308.0,,,,,,,,,,,False
2025-10-24 12:00:00+05:30,indirapuram_ghaziabad_uppcb,openaq,123.0,306.0,,,,,,,,,,,False
2025-10-24 13:00:00+05:30,indirapuram_ghaziabad_uppcb,openaq,95.0,237.0,,,,,,,,,,,False
2025-10-24 14:00:00+05:30,indirapuram_ghaziabad_uppcb,openaq,63.0,158.0,,,,,,,,,,,False
2025-10-24 15:00:00+05:30,indirapuram_ghaziabad_uppcb,openaq,57.0,143.0,,,,,,,,,,,False
2025-10-24 16:00:00+05:30,indirapuram_ghaziabad_uppcb,openaq,62.5,156.0,,,,,,,,,,,False
2025-10-24 17:00:00+05:30,indirapuram_ghaziabad_uppcb,openaq,73.7,184.0,,,,,,,,,,,False
2025-10-24 18:00:00+05:30,indirapuram_ghaziabad_uppcb,openaq,106.0,265.0,,,,,,,,,,,False
2025-10-24 19:00:00+05:30,indirapuram_ghaziabad_uppcb,openaq,131.0,327.0,,,,,,,,,,,False
2025-10-24 20:00:00+05:30,indirapuram_ghaziabad_uppcb,openaq,220.0,551.0,,,,,,,,,,,False
2025-10-24 21:00:00+05:30,indirapuram_ghaziabad_uppcb,openaq,265.0,662.0,,,,,,,,,,,False
2025-10-24 22:00:00+05:30,indirapuram_ghaziabad_uppcb,openaq,236.0,589.0,,,,,,,,,,,False
2025-10-24 23:00:00+05:30,indirapuram_ghaziabad_uppcb,openaq,220.0,550.0,,,,,,,,,,,False
2025-10-25 01:00:00+05:30,indirapuram_ghaziabad_uppcb,openaq,171.0,426.0,,,,,,,,,,,False
2025-10-25 02:00:00+05:30,indirapuram_ghaziabad_uppcb,openaq,162.0,405.0,,,,,,,,,,,False
2025-10-25 03:00:00+05:30,indirapuram_ghaziabad_uppcb,openaq,172.0,429.0,,,,,,,,,,,False
2025-10-25 04:00:00+05:30,indirapuram_ghaziabad_uppcb,openaq,168.0,419.0,,,,,,,,,,,False
2025-10-25 05:00:00+05:30,indirapuram_ghaziabad_uppcb,openaq,149.0,371.0,,,,,,,,,,,False
2025-10-25 06:00:00+05:30,indirapuram_ghaziabad_uppcb,openaq,149.0,371.0,,,,,,,,,,,False
2025-10-25 07:00:00+05:30,indirapuram_ghaziabad_uppcb,openaq,167.0,417.0,,,,,,,,,,,False
2025-10-25 08:00:00+05:30,indirapuram_ghaziabad_uppcb,openaq,177.0,442.0,,,,,,,,,,,False
2025-10-25 09:00:00+05:30,indirapuram_ghaziabad_uppcb,openaq,159.0,397.0,,,,,,,,,,,False
2025-10-25 10:00:00+05:30,indirapuram_ghaziabad_uppcb,openaq,132.0,330.0,,,,,,,,,,,False
2025-10-25 11:00:00+05:30,indirapuram_ghaziabad_uppcb,openaq,128.0,318.0,,,,,,,,,,,False
2025-10-25 12:00:00+05:30,indirapuram_ghaziabad_uppcb,openaq,102.0,255.0,,,,,,,,,,,False
2025-10-25 13:00:00+05:30,indirapuram_ghaziabad_uppcb,openaq,75.0,187.0,,,,,,,,,,,False
2025-10-25 14:00:00+05:30,indirapuram_ghaziabad_uppcb,openaq,75.5,188.0,,,,,,,,,,,False
2025-10-25 15:00:00+05:30,indirapuram_ghaziabad_uppcb,openaq,84.0,210.0,,,,,,,,,,,False
2025-10-25 16:00:00+05:30,indirapuram_ghaziabad_uppcb,openaq,96.0,240.0,,,,,,,,,,,False
2025-10-25 17:00:00+05:30,indirapuram_ghaziabad_uppcb,openaq,110.0,274.0,,,,,,,,,,,False
2025-10-25 18:00:00+05:30,indirapuram_ghaziabad_uppcb,openaq,135.0,337.0,,,,,,,,,,,False
2025-10-25 19:00:00+05:30,indirapuram_ghaziabad_uppcb,openaq,175.0,438.0,,,,,,,,,,,False
2025-10-25 20:00:00+05:30,indirapuram_ghaziabad_uppcb,openaq,257.0,643.0,,,,,,,,,,,False
2025-10-25 21:00:00+05:30,indirapuram_ghaziabad_uppcb,openaq,273.0,683.0,,,,,,,,,,,False
2025-10-25 22:00:00+05:30,indirapuram_ghaziabad_uppcb,openaq,243.0,608.0,,,,,,,,,,,False
2025-10-25 23:00:00+05:30,indirapuram_ghaziabad_uppcb,openaq,223.0,557.0,,,,,,,,,,,False
2025-10-26 01:00:00+05:30,indirapuram_ghaziabad_uppcb,openaq,191.0,476.0,,,,,,,,,,,False
2025-10-26 02:00:00+05:30,indirapuram_ghaziabad_uppcb,openaq,166.0,414.0,,,,,,,,,,,False
2025-10-26 03:00:00+05:30,indirapuram_ghaziabad_uppcb,openaq,143.0,357.0,,,,,,,,,,,False
2025-10-26 04:00:00+05:30,indirapuram_ghaziabad_uppcb,openaq,128.0,320.0,,,,,,,,,,,False
2025-10-26 05:00:00+05:30,indirapuram_ghaziabad_uppcb,openaq,117.0,293.0,,,,,,,,,,,False
2025-10-26 06:00:00+05:30,indirapuram_ghaziabad_uppcb,openaq,107.0,267.0,,,,,,,,,,,False
2025-10-26 07:00:00+05:30,indirapuram_ghaziabad_uppcb,openaq,109.0,274.0,,,,,,,,,,,False
2025-10-26 08:00:00+05:30,indirapuram_ghaziabad_uppcb,openaq,146.0,366.0,,,,,,,,,,,False
2025-10-26 09:00:00+05:30,indirapuram_ghaziabad_uppcb,openaq,177.0,443.0,,,,,,,,,,,False
2025-10-27 05:00:00+05:30,indirapuram_ghaziabad_uppcb,openaq,112.0,195.0,,,,,,,,,,,False
2025-10-27 06:00:00+05:30,indirapuram_ghaziabad_uppcb,openaq,128.0,223.0,,,,,,,,,,,False
2025-10-27 07:00:00+05:30,indirapuram_ghaziabad_uppcb,openaq,166.0,291.0,,,,,,,,,,,False
2025-10-27 08:00:00+05:30,indirapuram_ghaziabad_uppcb,openaq,185.0,325.0,,,,,,,,,,,False
2025-10-27 09:00:00+05:30,indirapuram_ghaziabad_uppcb,openaq,145.0,254.0,,,,,,,,,,,False
2025-10-27 10:00:00+05:30,indirapuram_ghaziabad_uppcb,openaq,122.0,213.0,,,,,,,,,,,False
2025-10-27 11:00:00+05:30,indirapuram_ghaziabad_uppcb,openaq,127.0,223.0,,,,,,,,,,,False
2025-10-27 13:00:00+05:30,indirapuram_ghaziabad_uppcb,openaq,,262.0,,,,,,,,,,,False
2025-10-27 14:00:00+05:30,indirapuram_ghaziabad_uppcb,openaq,,174.0,,,,,,,,,,,False
2025-10-27 15:00:00+05:30,indirapuram_ghaziabad_uppcb,openaq,109.0,190.0,,,,,,,,,,,False
2025-10-27 16:00:00+05:30,indirapuram_ghaziabad_uppcb,openaq,105.0,184.0,,,,,,,,,,,False
2025-10-27 17:00:00+05:30,indirapuram_ghaziabad_uppcb,openaq,97.0,170.0,,,,,,,,,,,False
2025-10-27 18:00:00+05:30,indirapuram_ghaziabad_uppcb,openaq,112.0,196.0,,,,,,,,,,,False
2025-10-27 19:00:00+05:30,indirapuram_ghaziabad_uppcb,openaq,104.0,182.0,,,,,,,,,,,False
2025-10-27 20:00:00+05:30,indirapuram_ghaziabad_uppcb,openaq,90.0,157.0,,,,,,,,,,,False
2025-10-27 21:00:00+05:30,indirapuram_ghaziabad_uppcb,openaq,86.0,150.0,,,,,,,,,,,False
2025-10-27 22:00:00+05:30,indirapuram_ghaziabad_uppcb,openaq,77.0,135.0,,,,,,,,,,,False
2025-10-27 23:00:00+05:30,indirapuram_ghaziabad_uppcb,openaq,62.7,109.0,,,,,,,,,,,False
2025-10-28 01:00:00+05:30,indirapuram_ghaziabad_uppcb,openaq,54.0,94.5,,,,,,,,,,,False
2025-10-28 02:00:00+05:30,indirapuram_ghaziabad_uppcb,openaq,61.3,107.0,,,,,,,,,,,False
2025-10-28 03:00:00+05:30,indirapuram_ghaziabad_uppcb,openaq,62.5,109.0,,,,,,,,,,,False
2025-10-28 04:00:00+05:30,indirapuram_ghaziabad_uppcb,openaq,72.0,126.0,,,,,,,,,,,False
2025-10-28 05:00:00+05:30,indirapuram_ghaziabad_uppcb,openaq,98.0,172.0,,,,,,,,,,,False
2025-10-28 06:00:00+05:30,indirapuram_ghaziabad_uppcb,openaq,117.0,204.0,,,,,,,,,,,False
2025-10-28 07:00:00+05:30,indirapuram_ghaziabad_uppcb,openaq,124.0,218.0,,,,,,,,,,,False
2025-10-28 08:00:00+05:30,indirapuram_ghaziabad_uppcb,openaq,133.0,233.0,,,,,,,,,,,False
2025-10-28 09:00:00+05:30,indirapuram_ghaziabad_uppcb,openaq,136.0,238.0,,,,,,,,,,,False
2025-10-28 13:00:00+05:30,indirapuram_ghaziabad_uppcb,openaq,76.5,134.0,,,,,,,,,,,False
2025-10-28 14:00:00+05:30,indirapuram_ghaziabad_uppcb,openaq,77.0,135.0,,,,,,,,,,,False
2025-10-28 15:00:00+05:30,indirapuram_ghaziabad_uppcb,openaq,92.5,162.0,,,,,,,,,,,False
2025-10-28 16:00:00+05:30,indirapuram_ghaziabad_uppcb,openaq,107.0,188.0,,,,,,,,,,,False
2025-10-28 17:00:00+05:30,indirapuram_ghaziabad_uppcb,openaq,103.0,181.0,,,,,,,,,,,False
2025-10-28 19:00:00+05:30,indirapuram_ghaziabad_uppcb,openaq,92.0,160.0,,,,,,,,,,,False
2025-10-28 23:00:00+05:30,indirapuram_ghaziabad_uppcb,openaq,59.0,103.0,,,,,,,,,,,False
2025-10-29 01:00:00+05:30,indirapuram_ghaziabad_uppcb,openaq,81.5,143.0,,,,,,,,,,,False
2025-10-29 02:00:00+05:30,indirapuram_ghaziabad_uppcb,openaq,66.0,115.0,,,,,,,,,,,False
2025-10-29 03:00:00+05:30,indirapuram_ghaziabad_uppcb,openaq,72.0,126.0,,,,,,,,,,,False
2025-10-29 04:00:00+05:30,indirapuram_ghaziabad_uppcb,openaq,97.5,171.0,,,,,,,,,,,False
2025-10-29 05:00:00+05:30,indirapuram_ghaziabad_uppcb,openaq,116.0,202.0,,,,,,,,,,,False
2025-10-29 06:00:00+05:30,indirapuram_ghaziabad_uppcb,openaq,125.0,218.0,,,,,,,,,,,False
2025-10-29 07:00:00+05:30,indirapuram_ghaziabad_uppcb,openaq,136.0,238.0,,,,,,,,,,,False
2025-10-29 08:00:00+05:30,indirapuram_ghaziabad_uppcb,openaq,134.0,235.0,,,,,,,,,,,False
2025-10-29 09:00:00+05:30,indirapuram_ghaziabad_uppcb,openaq,127.0,223.0,,,,,,,,,,,False
2025-10-29 10:00:00+05:30,indirapuram_ghaziabad_uppcb,openaq,106.0,186.0,,,,,,,,,,,False
2025-10-29 11:00:00+05:30,indirapuram_ghaziabad_uppcb,openaq,84.5,148.0,,,,,,,,,,,False
2025-10-29 12:00:00+05:30,indirapuram_ghaziabad_uppcb,openaq,86.5,152.0,,,,,,,,,,,False
2025-10-29 13:00:00+05:30,indirapuram_ghaziabad_uppcb,openaq,101.0,177.0,,,,,,,,,,,False
2025-10-29 14:00:00+05:30,indirapuram_ghaziabad_uppcb,openaq,113.0,197.0,,,,,,,,,,,False
2025-10-29 15:00:00+05:30,indirapuram_ghaziabad_uppcb,openaq,120.0,210.0,,,,,,,,,,,False
2025-10-29 16:00:00+05:30,indirapuram_ghaziabad_uppcb,openaq,140.0,245.0,,,,,,,,,,,False
2025-10-29 17:00:00+05:30,indirapuram_ghaziabad_uppcb,openaq,155.0,271.0,,,,,,,,,,,False
2025-10-29 18:00:00+05:30,indirapuram_ghaziabad_uppcb,openaq,166.0,290.0,,,,,,,,,,,False
2025-10-29 19:00:00+05:30,indirapuram_ghaziabad_uppcb,openaq,190.0,332.0,,,,,,,,,,,False
2025-10-29 20:00:00+05:30,indirapuram_ghaziabad_uppcb,openaq,205.0,359.0,,,,,,,,,,,False
2025-10-29 21:00:00+05:30,indirapuram_ghaziabad_uppcb,openaq,229.0,400.0,,,,,,,,,,,False
2025-10-29 22:00:00+05:30,indirapuram_ghaziabad_uppcb,openaq,272.0,476.0,,,,,,,,,,,False
2025-10-29 23:00:00+05:30,indirapuram_ghaziabad_uppcb,openaq,281.0,492.0,,,,,,,,,,,False
2025-10-30 01:00:00+05:30,indirapuram_ghaziabad_uppcb,openaq,225.0,394.0,,,,,,,,,,,False
2025-10-30 02:00:00+05:30,indirapuram_ghaziabad_uppcb,openaq,205.0,359.0,,,,,,,,,,,False
2025-10-30 03:00:00+05:30,indirapuram_ghaziabad_uppcb,openaq,197.0,344.0,,,,,,,,,,,False
2025-10-30 04:00:00+05:30,indirapuram_ghaziabad_uppcb,openaq,173.0,303.0,,,,,,,,,,,False
2025-10-30 05:00:00+05:30,indirapuram_ghaziabad_uppcb,openaq,161.0,282.0,,,,,,,,,,,False
2025-10-30 06:00:00+05:30,indirapuram_ghaziabad_uppcb,openaq,169.0,296.0,,,,,,,,,,,False
2025-10-30 07:00:00+05:30,indirapuram_ghaziabad_uppcb,openaq,184.0,321.0,,,,,,,,,,,False
2025-10-30 08:00:00+05:30,indirapuram_ghaziabad_uppcb,openaq,185.0,325.0,,,,,,,,,,,False
2025-10-30 09:00:00+05:30,indirapuram_ghaziabad_uppcb,openaq,164.0,286.0,,,,,,,,,,,False
2025-10-30 10:00:00+05:30,indirapuram_ghaziabad_uppcb,openaq,147.0,256.0,,,,,,,,,,,False
2025-10-30 11:00:00+05:30,indirapuram_ghaziabad_uppcb,openaq,118.0,206.0,,,,,,,,,,,False
2025-10-30 12:00:00+05:30,indirapuram_ghaziabad_uppcb,openaq,104.0,182.0,,,,,,,,,,,False
2025-10-30 13:00:00+05:30,indirapuram_ghaziabad_uppcb,openaq,103.0,180.0,,,,,,,,,,,False
2025-10-30 14:00:00+05:30,indirapuram_ghaziabad_uppcb,openaq,99.5,174.0,,,,,,,,,,,False
2025-10-30 15:00:00+05:30,indirapuram_ghaziabad_uppcb,openaq,98.7,173.0,,,,,,,,,,,False
2025-10-30 16:00:00+05:30,indirapuram_ghaziabad_uppcb,openaq,103.0,181.0,,,,,,,,,,,False
2025-10-30 17:00:00+05:30,indirapuram_ghaziabad_uppcb,openaq,96.5,170.0,,,,,,,,,,,False
2025-10-30 19:00:00+05:30,indirapuram_ghaziabad_uppcb,openaq,69.5,122.0,,,,,,,,,,,False
2025-10-30 20:00:00+05:30,indirapuram_ghaziabad_uppcb,openaq,66.5,117.0,,,,,,,,,,,False
2025-10-30 21:00:00+05:30,indirapuram_ghaziabad_uppcb,openaq,68.0,119.0,,,,,,,,,,,False
2025-10-30 23:00:00+05:30,indirapuram_ghaziabad_uppcb,openaq,59.3,104.0,,,,,,,,,,,False
2025-10-31 01:00:00+05:30,indirapuram_ghaziabad_uppcb,openaq,44.0,76.5,,,,,,,,,,,False
2025-10-31 02:00:00+05:30,indirapuram_ghaziabad_uppcb,openaq,37.0,64.0,,,,,,,,,,,False
2025-10-31 03:00:00+05:30,indirapuram_ghaziabad_uppcb,openaq,37.0,64.0,,,,,,,,,,,False
2025-10-31 04:00:00+05:30,indirapuram_ghaziabad_uppcb,openaq,38.0,66.0,,,,,,,,,,,False
2025-10-31 05:00:00+05:30,indirapuram_ghaziabad_uppcb,openaq,40.3,70.0,,,,,,,,,,,False
2025-10-31 06:00:00+05:30,indirapuram_ghaziabad_uppcb,openaq,43.5,76.0,,,,,,,,,,,False
2025-10-31 07:00:00+05:30,indirapuram_ghaziabad_uppcb,openaq,43.0,75.5,,,,,,,,,,,False
2025-10-31 08:00:00+05:30,indirapuram_ghaziabad_uppcb,openaq,47.0,82.0,,,,,,,,,,,False
2025-10-31 09:00:00+05:30,indirapuram_ghaziabad_uppcb,openaq,53.0,92.5,,,,,,,,,,,False
2025-10-31 10:00:00+05:30,indirapuram_ghaziabad_uppcb,openaq,57.5,101.0,,,,,,,,,,,False
2025-10-31 11:00:00+05:30,indirapuram_ghaziabad_uppcb,openaq,66.5,116.0,,,,,,,,,,,False
2025-10-31 12:00:00+05:30,indirapuram_ghaziabad_uppcb,openaq,73.5,129.0,,,,,,,,,,,False
2025-10-31 13:00:00+05:30,indirapuram_ghaziabad_uppcb,openaq,73.7,129.0,,,,,,,,,,,False
2025-10-31 14:00:00+05:30,indirapuram_ghaziabad_uppcb,openaq,72.0,126.0,,,,,,,,,,,False
2025-10-31 15:00:00+05:30,indirapuram_ghaziabad_uppcb,openaq,71.0,124.0,,,,,,,,,,,False
2025-10-31 17:00:00+05:30,indirapuram_ghaziabad_uppcb,openaq,85.0,148.0,,,,,,,,,,,False
2025-10-31 18:00:00+05:30,indirapuram_ghaziabad_uppcb,openaq,131.0,229.0,,,,,,,,,,,False
2025-10-31 19:00:00+05:30,indirapuram_ghaziabad_uppcb,openaq,150.0,262.0,,,,,,,,,,,False
2025-10-31 20:00:00+05:30,indirapuram_ghaziabad_uppcb,openaq,161.0,281.0,,,,,,,,,,,False
2025-10-31 21:00:00+05:30,indirapuram_ghaziabad_uppcb,openaq,167.0,292.0,,,,,,,,,,,False
2025-10-31 22:00:00+05:30,indirapuram_ghaziabad_uppcb,openaq,156.0,272.0,,,,,,,,,,,False
2025-11-01 01:00:00+05:30,indirapuram_ghaziabad_uppcb,openaq,84.7,149.0,,,,,,,,,,,False
2025-11-01 03:00:00+05:30,indirapuram_ghaziabad_uppcb,openaq,71.0,124.0,,,,,,,,,,,False
2025-11-01 06:00:00+05:30,indirapuram_ghaziabad_uppcb,openaq,72.5,127.0,,,,,,,,,,,False
2025-11-01 07:00:00+05:30,indirapuram_ghaziabad_uppcb,openaq,83.5,147.0,,,,,,,,,,,False
2025-11-01 08:00:00+05:30,indirapuram_ghaziabad_uppcb,openaq,112.0,197.0,,,,,,,,,,,False
2025-11-01 09:00:00+05:30,indirapuram_ghaziabad_uppcb,openaq,159.0,278.0,,,,,,,,,,,False
2025-11-01 10:00:00+05:30,indirapuram_ghaziabad_uppcb,openaq,187.0,327.0,,,,,,,,,,,False
2025-11-01 11:00:00+05:30,indirapuram_ghaziabad_uppcb,openaq,172.0,301.0,,,,,,,,,,,False
2025-11-01 12:00:00+05:30,indirapuram_ghaziabad_uppcb,openaq,164.0,287.0,,,,,,,,,,,False
2025-11-01 13:00:00+05:30,indirapuram_ghaziabad_uppcb,openaq,159.0,278.0,,,,,,,,,,,False
2025-11-01 14:00:00+05:30,indirapuram_ghaziabad_uppcb,openaq,153.0,267.0,,,,,,,,,,,False
2025-11-01 15:00:00+05:30,indirapuram_ghaziabad_uppcb,openaq,,271.0,,,,,,,,,,,False
2025-11-01 16:00:00+05:30,indirapuram_ghaziabad_uppcb,openaq,,159.0,,,,,,,,,,,False
2025-11-01 17:00:00+05:30,indirapuram_ghaziabad_uppcb,openaq,100.0,175.0,,,,,,,,,,,False
2025-11-01 18:00:00+05:30,indirapuram_ghaziabad_uppcb,openaq,119.0,208.0,,,,,,,,,,,False
2025-11-01 19:00:00+05:30,indirapuram_ghaziabad_uppcb,openaq,147.0,258.0,,,,,,,,,,,False
2025-11-01 20:00:00+05:30,indirapuram_ghaziabad_uppcb,openaq,176.0,308.0,,,,,,,,,,,False
2025-11-01 21:00:00+05:30,indirapuram_ghaziabad_uppcb,openaq,211.0,369.0,,,,,,,,,,,False
2025-11-01 22:00:00+05:30,indirapuram_ghaziabad_uppcb,openaq,218.0,382.0,,,,,,,,,,,False
2025-11-01 23:00:00+05:30,indirapuram_ghaziabad_uppcb,openaq,200.0,350.0,,,,,,,,,,,False
2025-11-02 01:00:00+05:30,indirapuram_ghaziabad_uppcb,openaq,163.0,285.0,,,,,,,,,,,False
2025-11-02 02:00:00+05:30,indirapuram_ghaziabad_uppcb,openaq,137.0,239.0,,,,,,,,,,,False
2025-11-02 03:00:00+05:30,indirapuram_ghaziabad_uppcb,openaq,130.0,228.0,,,,,,,,,,,False
2025-11-02 04:00:00+05:30,indirapuram_ghaziabad_uppcb,openaq,145.0,254.0,,,,,,,,,,,False
2025-11-02 05:00:00+05:30,indirapuram_ghaziabad_uppcb,openaq,171.0,299.0,,,,,,,,,,,False
2025-11-02 06:00:00+05:30,indirapuram_ghaziabad_uppcb,openaq,195.0,342.0,,,,,,,,,,,False
2025-11-02 07:00:00+05:30,indirapuram_ghaziabad_uppcb,openaq,201.0,352.0,,,,,,,,,,,False
2025-11-02 08:00:00+05:30,indirapuram_ghaziabad_uppcb,openaq,201.0,353.0,,,,,,,,,,,False
2025-11-02 09:00:00+05:30,indirapuram_ghaziabad_uppcb,openaq,192.0,337.0,,,,,,,,,,,False
2025-11-02 10:00:00+05:30,indirapuram_ghaziabad_uppcb,openaq,181.0,316.0,,,,,,,,,,,False
2025-11-02 11:00:00+05:30,indirapuram_ghaziabad_uppcb,openaq,170.0,297.0,,,,,,,,,,,False
2025-11-02 12:00:00+05:30,indirapuram_ghaziabad_uppcb,openaq,138.0,241.0,,,,,,,,,,,False
2025-11-02 13:00:00+05:30,indirapuram_ghaziabad_uppcb,openaq,98.3,172.0,,,,,,,,,,,False
2025-11-02 14:00:00+05:30,indirapuram_ghaziabad_uppcb,openaq,84.0,147.0,,,,,,,,,,,False
2025-11-02 15:00:00+05:30,indirapuram_ghaziabad_uppcb,openaq,77.0,136.0,,,,,,,,,,,False
2025-11-02 16:00:00+05:30,indirapuram_ghaziabad_uppcb,openaq,77.3,136.0,,,,,,,,,,,False
2025-11-02 17:00:00+05:30,indirapuram_ghaziabad_uppcb,openaq,90.0,159.0,,,,,,,,,,,False
2025-11-02 18:00:00+05:30,indirapuram_ghaziabad_uppcb,openaq,104.0,182.0,,,,,,,,,,,False
2025-11-02 19:00:00+05:30,indirapuram_ghaziabad_uppcb,openaq,152.0,265.0,,,,,,,,,,,False
2025-11-02 20:00:00+05:30,indirapuram_ghaziabad_uppcb,openaq,203.0,354.0,,,,,,,,,,,False
2025-11-02 21:00:00+05:30,indirapuram_ghaziabad_uppcb,openaq,177.0,309.0,,,,,,,,,,,False
2025-11-02 22:00:00+05:30,indirapuram_ghaziabad_uppcb,openaq,143.0,250.0,,,,,,,,,,,False
2025-11-02 23:00:00+05:30,indirapuram_ghaziabad_uppcb,openaq,138.0,242.0,,,,,,,,,,,False
2025-11-03 02:00:00+05:30,indirapuram_ghaziabad_uppcb,openaq,185.0,324.0,,,,,,,,,,,False
2025-11-03 03:00:00+05:30,indirapuram_ghaziabad_uppcb,openaq,192.0,336.0,,,,,,,,,,,False
2025-11-03 04:00:00+05:30,indirapuram_ghaziabad_uppcb,openaq,146.0,256.0,,,,,,,,,,,False
2025-11-03 05:00:00+05:30,indirapuram_ghaziabad_uppcb,openaq,116.0,203.0,,,,,,,,,,,False
2025-11-03 07:00:00+05:30,indirapuram_ghaziabad_uppcb,openaq,134.0,235.0,,,,,,,,,,,False
2025-11-03 08:00:00+05:30,indirapuram_ghaziabad_uppcb,openaq,152.0,266.0,,,,,,,,,,,False
2025-11-03 09:00:00+05:30,indirapuram_ghaziabad_uppcb,openaq,161.0,282.0,,,,,,,,,,,False
2025-11-03 10:00:00+05:30,indirapuram_ghaziabad_uppcb,openaq,181.0,316.0,,,,,,,,,,,False
2025-11-03 14:00:00+05:30,indirapuram_ghaziabad_uppcb,openaq,,248.0,,,,,,,,,,,False
2025-11-03 15:00:00+05:30,indirapuram_ghaziabad_uppcb,openaq,137.0,240.0,,,,,,,,,,,False
2025-11-03 17:00:00+05:30,indirapuram_ghaziabad_uppcb,openaq,113.0,199.0,,,,,,,,,,,False
2025-11-03 18:00:00+05:30,indirapuram_ghaziabad_uppcb,openaq,132.0,231.0,,,,,,,,,,,False
2025-11-03 19:00:00+05:30,indirapuram_ghaziabad_uppcb,openaq,,290.0,,,,,,,,,,,False
2025-11-04 10:00:00+05:30,indirapuram_ghaziabad_uppcb,openaq,88.7,155.0,,,,,,,,,,,False
2025-11-04 11:00:00+05:30,indirapuram_ghaziabad_uppcb,openaq,69.7,122.0,,,,,,,,,,,False
2025-11-04 14:00:00+05:30,indirapuram_ghaziabad_uppcb,openaq,82.0,143.0,,,,,,,,,,,False
2025-11-04 15:00:00+05:30,indirapuram_ghaziabad_uppcb,openaq,57.7,101.0,,,,,,,,,,,False
2025-11-04 16:00:00+05:30,indirapuram_ghaziabad_uppcb,openaq,47.7,84.0,,,,,,,,,,,False
2025-11-04 17:00:00+05:30,indirapuram_ghaziabad_uppcb,openaq,48.7,85.3,,,,,,,,,,,False
2025-11-04 18:00:00+05:30,indirapuram_ghaziabad_uppcb,openaq,74.0,129.0,,,,,,,,,,,False
2025-11-04 19:00:00+05:30,indirapuram_ghaziabad_uppcb,openaq,92.5,161.0,,,,,,,,,,,False
2025-11-04 20:00:00+05:30,indirapuram_ghaziabad_uppcb,openaq,97.5,171.0,,,,,,,,,,,False
2025-11-04 21:00:00+05:30,indirapuram_ghaziabad_uppcb,openaq,80.0,141.0,,,,,,,,,,,False
2025-11-04 22:00:00+05:30,indirapuram_ghaziabad_uppcb,openaq,70.5,124.0,,,,,,,,,,,False
2025-11-04 23:00:00+05:30,indirapuram_ghaziabad_uppcb,openaq,80.7,141.0,,,,,,,,,,,False
2025-11-05 01:00:00+05:30,indirapuram_ghaziabad_uppcb,openaq,109.0,191.0,,,,,,,,,,,False
2025-11-05 02:00:00+05:30,indirapuram_ghaziabad_uppcb,openaq,111.0,194.0,,,,,,,,,,,False
2025-11-05 03:00:00+05:30,indirapuram_ghaziabad_uppcb,openaq,107.0,188.0,,,,,,,,,,,False
2025-11-05 04:00:00+05:30,indirapuram_ghaziabad_uppcb,openaq,100.0,175.0,,,,,,,,,,,False
2025-11-05 05:00:00+05:30,indirapuram_ghaziabad_uppcb,openaq,94.5,166.0,,,,,,,,,,,False
2025-11-05 06:00:00+05:30,indirapuram_ghaziabad_uppcb,openaq,92.5,162.0,,,,,,,,,,,False
2025-11-05 07:00:00+05:30,indirapuram_ghaziabad_uppcb,openaq,98.0,172.0,,,,,,,,,,,False
2025-11-05 08:00:00+05:30,indirapuram_ghaziabad_uppcb,openaq,91.0,160.0,,,,,,,,,,,False
2025-11-05 09:00:00+05:30,indirapuram_ghaziabad_uppcb,openaq,74.0,130.0,,,,,,,,,,,False
2025-11-05 10:00:00+05:30,indirapuram_ghaziabad_uppcb,openaq,62.5,109.0,,,,,,,,,,,False
2025-11-05 11:00:00+05:30,indirapuram_ghaziabad_uppcb,openaq,55.5,97.0,,,,,,,,,,,False
2025-11-05 12:00:00+05:30,indirapuram_ghaziabad_uppcb,openaq,60.0,106.0,,,,,,,,,,,False
2025-11-05 13:00:00+05:30,indirapuram_ghaziabad_uppcb,openaq,59.5,105.0,,,,,,,,,,,False
2025-11-05 14:00:00+05:30,indirapuram_ghaziabad_uppcb,openaq,53.5,93.5,,,,,,,,,,,False
2025-11-05 15:00:00+05:30,indirapuram_ghaziabad_uppcb,openaq,48.0,84.0,,,,,,,,,,,False
2025-11-05 16:00:00+05:30,indirapuram_ghaziabad_uppcb,openaq,47.5,83.0,,,,,,,,,,,False
2025-11-05 17:00:00+05:30,indirapuram_ghaziabad_uppcb,openaq,65.0,113.0,,,,,,,,,,,False
2025-11-05 18:00:00+05:30,indirapuram_ghaziabad_uppcb,openaq,92.0,161.0,,,,,,,,,,,False
2025-11-05 19:00:00+05:30,indirapuram_ghaziabad_uppcb,openaq,117.0,205.0,,,,,,,,,,,False
2025-11-05 20:00:00+05:30,indirapuram_ghaziabad_uppcb,openaq,122.0,213.0,,,,,,,,,,,False
2025-11-05 21:00:00+05:30,indirapuram_ghaziabad_uppcb,openaq,137.0,238.0,,,,,,,,,,,False
2025-11-05 22:00:00+05:30,indirapuram_ghaziabad_uppcb,openaq,,265.0,,,,,,,,,,,False
2025-11-05 23:00:00+05:30,indirapuram_ghaziabad_uppcb,openaq,,251.0,,,,,,,,,,,False
2025-11-06 01:00:00+05:30,indirapuram_ghaziabad_uppcb,openaq,137.0,239.0,,,,,,,,,,,False
2025-11-06 02:00:00+05:30,indirapuram_ghaziabad_uppcb,openaq,118.0,207.0,,,,,,,,,,,False
2025-11-06 03:00:00+05:30,indirapuram_ghaziabad_uppcb,openaq,107.0,188.0,,,,,,,,,,,False
2025-11-06 04:00:00+05:30,indirapuram_ghaziabad_uppcb,openaq,99.0,174.0,,,,,,,,,,,False
2025-11-06 05:00:00+05:30,indirapuram_ghaziabad_uppcb,openaq,106.0,185.0,,,,,,,,,,,False
2025-11-06 06:00:00+05:30,indirapuram_ghaziabad_uppcb,openaq,122.0,212.0,,,,,,,,,,,False
2025-11-06 07:00:00+05:30,indirapuram_ghaziabad_uppcb,openaq,156.0,273.0,,,,,,,,,,,False
2025-11-06 08:00:00+05:30,indirapuram_ghaziabad_uppcb,openaq,,319.0,,,,,,,,,,,False
2025-11-06 09:00:00+05:30,indirapuram_ghaziabad_uppcb,openaq,,241.0,,,,,,,,,,,False
2025-11-06 10:00:00+05:30,indirapuram_ghaziabad_uppcb,openaq,114.0,200.0,,,,,,,,,,,False
2025-11-06 11:00:00+05:30,indirapuram_ghaziabad_uppcb,openaq,83.0,146.0,,,,,,,,,,,False
2025-11-06 12:00:00+05:30,indirapuram_ghaziabad_uppcb,openaq,77.0,135.0,,,,,,,,,,,False
2025-11-06 13:00:00+05:30,indirapuram_ghaziabad_uppcb,openaq,76.0,133.0,,,,,,,,,,,False
2025-11-06 14:00:00+05:30,indirapuram_ghaziabad_uppcb,openaq,72.5,128.0,,,,,,,,,,,False
2025-11-06 15:00:00+05:30,indirapuram_ghaziabad_uppcb,openaq,67.7,119.0,,,,,,,,,,,False
2025-11-06 18:00:00+05:30,indirapuram_ghaziabad_uppcb,openaq,78.5,138.0,,,,,,,,,,,False
2025-11-06 19:00:00+05:30,indirapuram_ghaziabad_uppcb,openaq,88.5,155.0,,,,,,,,,,,False
2025-11-06 20:00:00+05:30,indirapuram_ghaziabad_uppcb,openaq,94.5,165.0,,,,,,,,,,,False
2025-11-06 21:00:00+05:30,indirapuram_ghaziabad_uppcb,openaq,98.5,172.0,,,,,,,,,,,False
2025-11-06 22:00:00+05:30,indirapuram_ghaziabad_uppcb,openaq,103.0,180.0,,,,,,,,,,,False
2025-11-07 01:00:00+05:30,indirapuram_ghaziabad_uppcb,openaq,,377.0,,,,,,,,,,,False
2025-11-07 02:00:00+05:30,indirapuram_ghaziabad_uppcb,openaq,,342.0,,,,,,,,,,,False
2025-11-07 03:00:00+05:30,indirapuram_ghaziabad_uppcb,openaq,210.0,367.0,,,,,,,,,,,False
2025-11-07 04:00:00+05:30,indirapuram_ghaziabad_uppcb,openaq,212.0,371.0,,,,,,,,,,,False
2025-11-07 05:00:00+05:30,indirapuram_ghaziabad_uppcb,openaq,,349.0,,,,,,,,,,,False
2025-11-07 07:00:00+05:30,indirapuram_ghaziabad_uppcb,openaq,,319.0,,,,,,,,,,,False
2025-11-07 08:00:00+05:30,indirapuram_ghaziabad_uppcb,openaq,,319.0,,,,,,,,,,,False
2025-11-07 09:00:00+05:30,indirapuram_ghaziabad_uppcb,openaq,,242.0,,,,,,,,,,,False
2025-11-07 10:00:00+05:30,indirapuram_ghaziabad_uppcb,openaq,126.0,221.0,,,,,,,,,,,False
2025-11-07 11:00:00+05:30,indirapuram_ghaziabad_uppcb,openaq,113.0,197.0,,,,,,,,,,,False
2025-11-07 12:00:00+05:30,indirapuram_ghaziabad_uppcb,openaq,112.0,196.0,,,,,,,,,,,False
2025-11-07 13:00:00+05:30,indirapuram_ghaziabad_uppcb,openaq,105.0,183.0,,,,,,,,,,,False
2025-11-07 14:00:00+05:30,indirapuram_ghaziabad_uppcb,openaq,92.5,162.0,,,,,,,,,,,False
2025-11-07 15:00:00+05:30,indirapuram_ghaziabad_uppcb,openaq,82.5,145.0,,,,,,,,,,,False
2025-11-07 16:00:00+05:30,indirapuram_ghaziabad_uppcb,openaq,76.5,135.0,,,,,,,,,,,False
2025-11-07 17:00:00+05:30,indirapuram_ghaziabad_uppcb,openaq,85.7,150.0,,,,,,,,,,,False
2025-11-07 18:00:00+05:30,indirapuram_ghaziabad_uppcb,openaq,100.0,175.0,,,,,,,,,,,False
2025-11-07 19:00:00+05:30,indirapuram_ghaziabad_uppcb,openaq,118.0,206.0,,,,,,,,,,,False
2025-11-07 20:00:00+05:30,indirapuram_ghaziabad_uppcb,openaq,131.0,228.0,,,,,,,,,,,False
2025-11-07 21:00:00+05:30,indirapuram_ghaziabad_uppcb,openaq,137.0,239.0,,,,,,,,,,,False
2025-11-07 22:00:00+05:30,indirapuram_ghaziabad_uppcb,openaq,137.0,240.0,,,,,,,,,,,False
2025-11-07 23:00:00+05:30,indirapuram_ghaziabad_uppcb,openaq,139.0,244.0,,,,,,,,,,,False
2025-11-08 01:00:00+05:30,indirapuram_ghaziabad_uppcb,openaq,151.0,263.0,,,,,,,,,,,False
2025-11-08 02:00:00+05:30,indirapuram_ghaziabad_uppcb,openaq,,288.0,,,,,,,,,,,False
2025-11-08 11:00:00+05:30,indirapuram_ghaziabad_uppcb,openaq,,239.0,,,,,,,,,,,False
2025-11-08 12:00:00+05:30,indirapuram_ghaziabad_uppcb,openaq,130.0,226.0,,,,,,,,,,,False
2025-11-08 13:00:00+05:30,indirapuram_ghaziabad_uppcb,openaq,122.0,214.0,,,,,,,,,,,False
2025-11-08 14:00:00+05:30,indirapuram_ghaziabad_uppcb,openaq,123.0,215.0,,,,,,,,,,,False
2025-11-08 15:00:00+05:30,indirapuram_ghaziabad_uppcb,openaq,126.0,220.0,,,,,,,,,,,False
2025-11-08 16:00:00+05:30,indirapuram_ghaziabad_uppcb,openaq,133.0,231.0,,,,,,,,,,,False
2025-11-08 17:00:00+05:30,indirapuram_ghaziabad_uppcb,openaq,130.0,228.0,,,,,,,,,,,False
2025-11-08 18:00:00+05:30,indirapuram_ghaziabad_uppcb,openaq,133.0,233.0,,,,,,,,,,,False
2025-11-08 19:00:00+05:30,indirapuram_ghaziabad_uppcb,openaq,145.0,253.0,,,,,,,,,,,False
2025-11-08 20:00:00+05:30,indirapuram_ghaziabad_uppcb,openaq,153.0,268.0,,,,,,,,,,,False
2025-11-08 21:00:00+05:30,indirapuram_ghaziabad_uppcb,openaq,161.0,281.0,,,,,,,,,,,False
2025-11-08 22:00:00+05:30,indirapuram_ghaziabad_uppcb,openaq,159.0,278.0,,,,,,,,,,,False
2025-11-08 23:00:00+05:30,indirapuram_ghaziabad_uppcb,openaq,153.0,269.0,,,,,,,,,,,False
2025-11-09 01:00:00+05:30,indirapuram_ghaziabad_uppcb,openaq,,255.0,,,,,,,,,,,False
2025-11-09 10:00:00+05:30,indirapuram_ghaziabad_uppcb,openaq,,272.0,,,,,,,,,,,False
2025-11-09 11:00:00+05:30,indirapuram_ghaziabad_uppcb,openaq,143.0,251.0,,,,,,,,,,,False
2025-11-09 12:00:00+05:30,indirapuram_ghaziabad_uppcb,openaq,121.0,211.0,,,,,,,,,,,False
2025-11-09 13:00:00+05:30,indirapuram_ghaziabad_uppcb,openaq,111.0,194.0,,,,,,,,,,,False
2025-11-09 14:00:00+05:30,indirapuram_ghaziabad_uppcb,openaq,90.0,158.0,,,,,,,,,,,False
2025-11-09 15:00:00+05:30,indirapuram_ghaziabad_uppcb,openaq,69.0,121.0,,,,,,,,,,,False
2025-11-09 16:00:00+05:30,indirapuram_ghaziabad_uppcb,openaq,67.5,118.0,,,,,,,,,,,False
2025-11-09 17:00:00+05:30,indirapuram_ghaziabad_uppcb,openaq,76.5,133.0,,,,,,,,,,,False
2025-11-09 18:00:00+05:30,indirapuram_ghaziabad_uppcb,openaq,96.0,168.0,,,,,,,,,,,False
2025-11-09 19:00:00+05:30,indirapuram_ghaziabad_uppcb,openaq,115.0,200.0,,,,,,,,,,,False
2025-11-09 20:00:00+05:30,indirapuram_ghaziabad_uppcb,openaq,148.0,258.0,,,,,,,,,,,False
2025-11-09 21:00:00+05:30,indirapuram_ghaziabad_uppcb,openaq,173.0,302.0,,,,,,,,,,,False
2025-11-09 22:00:00+05:30,indirapuram_ghaziabad_uppcb,openaq,177.0,309.0,,,,,,,,,,,False
2025-11-09 23:00:00+05:30,indirapuram_ghaziabad_uppcb,openaq,174.0,304.0,,,,,,,,,,,False
2025-11-10 01:00:00+05:30,indirapuram_ghaziabad_uppcb,openaq,153.0,267.0,,,,,,,,,,,False
2025-11-10 02:00:00+05:30,indirapuram_ghaziabad_uppcb,openaq,160.0,280.0,,,,,,,,,,,False
2025-11-10 03:00:00+05:30,indirapuram_ghaziabad_uppcb,openaq,185.0,324.0,,,,,,,,,,,False
2025-11-10 04:00:00+05:30,indirapuram_ghaziabad_uppcb,openaq,200.0,351.0,,,,,,,,,,,False
2025-11-10 05:00:00+05:30,indirapuram_ghaziabad_uppcb,openaq,,358.0,,,,,,,,,,,False
2025-11-10 20:00:00+05:30,indirapuram_ghaziabad_uppcb,openaq,194.0,453.0,,,,,,,,,,,False
2025-11-10 21:00:00+05:30,indirapuram_ghaziabad_uppcb,openaq,191.0,446.0,,,,,,,,,,,False
2025-11-10 22:00:00+05:30,indirapuram_ghaziabad_uppcb,openaq,207.0,483.0,,,,,,,,,,,False
2025-11-11 02:00:00+05:30,indirapuram_ghaziabad_uppcb,openaq,208.0,484.0,,,,,,,,,,,False
2025-11-11 03:00:00+05:30,indirapuram_ghaziabad_uppcb,openaq,196.0,457.0,,,,,,,,,,,False
2025-11-11 04:00:00+05:30,indirapuram_ghaziabad_uppcb,openaq,184.0,430.0,,,,,,,,,,,False
2025-11-11 05:00:00+05:30,indirapuram_ghaziabad_uppcb,openaq,190.0,443.0,,,,,,,,,,,False
2025-11-11 06:00:00+05:30,indirapuram_ghaziabad_uppcb,openaq,190.0,443.0,,,,,,,,,,,False
2025-11-11 07:00:00+05:30,indirapuram_ghaziabad_uppcb,openaq,213.0,497.0,,,,,,,,,,,False
2025-11-11 08:00:00+05:30,indirapuram_ghaziabad_uppcb,openaq,213.0,497.0,,,,,,,,,,,False
2025-11-11 09:00:00+05:30,indirapuram_ghaziabad_uppcb,openaq,182.0,424.0,,,,,,,,,,,False
2025-11-11 10:00:00+05:30,indirapuram_ghaziabad_uppcb,openaq,167.0,390.0,,,,,,,,,,,False
2025-11-11 11:00:00+05:30,indirapuram_ghaziabad_uppcb,openaq,136.0,318.0,,,,,,,,,,,False
2025-11-11 12:00:00+05:30,indirapuram_ghaziabad_uppcb,openaq,113.0,263.0,,,,,,,,,,,False
2025-11-11 13:00:00+05:30,indirapuram_ghaziabad_uppcb,openaq,103.0,239.0,,,,,,,,,,,False
2025-11-11 15:00:00+05:30,indirapuram_ghaziabad_uppcb,openaq,76.0,178.0,,,,,,,,,,,False
2025-11-11 16:00:00+05:30,indirapuram_ghaziabad_uppcb,openaq,77.0,180.0,,,,,,,,,,,False
2025-11-11 17:00:00+05:30,indirapuram_ghaziabad_uppcb,openaq,84.5,198.0,,,,,,,,,,,False
2025-11-11 18:00:00+05:30,indirapuram_ghaziabad_uppcb,openaq,103.0,241.0,,,,,,,,,,,False
2025-11-11 19:00:00+05:30,indirapuram_ghaziabad_uppcb,openaq,127.0,296.0,,,,,,,,,,,False
2025-11-11 20:00:00+05:30,indirapuram_ghaziabad_uppcb,openaq,145.0,338.0,,,,,,,,,,,False
2025-11-11 21:00:00+05:30,indirapuram_ghaziabad_uppcb,openaq,147.0,343.0,,,,,,,,,,,False
2025-11-11 22:00:00+05:30,indirapuram_ghaziabad_uppcb,openaq,149.0,348.0,,,,,,,,,,,False
2025-11-11 23:00:00+05:30,indirapuram_ghaziabad_uppcb,openaq,169.0,395.0,,,,,,,,,,,False
2025-11-12 01:00:00+05:30,indirapuram_ghaziabad_uppcb,openaq,213.0,496.0,,,,,,,,,,,False
2025-11-12 02:00:00+05:30,indirapuram_ghaziabad_uppcb,openaq,209.0,488.0,,,,,,,,,,,False
2025-11-12 03:00:00+05:30,indirapuram_ghaziabad_uppcb,openaq,192.0,448.0,,,,,,,,,,,False
2025-11-12 04:00:00+05:30,indirapuram_ghaziabad_uppcb,openaq,166.0,387.0,,,,,,,,,,,False
2025-11-12 05:00:00+05:30,indirapuram_ghaziabad_uppcb,openaq,153.0,357.0,,,,,,,,,,,False
2025-11-12 06:00:00+05:30,indirapuram_ghaziabad_uppcb,openaq,167.0,389.0,,,,,,,,,,,False
2025-11-12 07:00:00+05:30,indirapuram_ghaziabad_uppcb,openaq,188.0,437.0,,,,,,,,,,,False
2025-11-12 08:00:00+05:30,indirapuram_ghaziabad_uppcb,openaq,196.0,458.0,,,,,,,,,,,False
2025-11-12 09:00:00+05:30,indirapuram_ghaziabad_uppcb,openaq,196.0,457.0,,,,,,,,,,,False
2025-11-12 10:00:00+05:30,indirapuram_ghaziabad_uppcb,openaq,182.0,423.0,,,,,,,,,,,False
2025-11-12 11:00:00+05:30,indirapuram_ghaziabad_uppcb,openaq,149.0,348.0,,,,,,,,,,,False
2025-11-12 12:00:00+05:30,indirapuram_ghaziabad_uppcb,openaq,122.0,285.0,,,,,,,,,,,False
2025-11-12 13:00:00+05:30,indirapuram_ghaziabad_uppcb,openaq,108.0,251.0,,,,,,,,,,,False
2025-11-12 14:00:00+05:30,indirapuram_ghaziabad_uppcb,openaq,97.0,226.0,,,,,,,,,,,False
2025-11-12 15:00:00+05:30,indirapuram_ghaziabad_uppcb,openaq,91.0,212.0,,,,,,,,,,,False
2025-11-12 16:00:00+05:30,indirapuram_ghaziabad_uppcb,openaq,89.3,209.0,,,,,,,,,,,False
2025-11-12 17:00:00+05:30,indirapuram_ghaziabad_uppcb,openaq,94.5,222.0,,,,,,,,,,,False
2025-11-12 18:00:00+05:30,indirapuram_ghaziabad_uppcb,openaq,106.0,247.0,,,,,,,,,,,False
2025-11-12 19:00:00+05:30,indirapuram_ghaziabad_uppcb,openaq,115.0,268.0,,,,,,,,,,,False
2025-11-12 21:00:00+05:30,indirapuram_ghaziabad_uppcb,openaq,128.0,298.0,,,,,,,,,,,False
2025-11-12 22:00:00+05:30,indirapuram_ghaziabad_uppcb,openaq,151.0,352.0,,,,,,,,,,,False
2025-11-12 23:00:00+05:30,indirapuram_ghaziabad_uppcb,openaq,168.0,393.0,,,,,,,,,,,False
2025-11-13 01:00:00+05:30,indirapuram_ghaziabad_uppcb,openaq,143.0,333.0,,,,,,,,,,,False
2025-11-13 02:00:00+05:30,indirapuram_ghaziabad_uppcb,openaq,140.0,327.0,,,,,,,,,,,False
2025-11-13 03:00:00+05:30,indirapuram_ghaziabad_uppcb,openaq,148.0,344.0,,,,,,,,,,,False
2025-11-13 04:00:00+05:30,indirapuram_ghaziabad_uppcb,openaq,156.0,364.0,,,,,,,,,,,False
2025-11-13 05:00:00+05:30,indirapuram_ghaziabad_uppcb,openaq,163.0,380.0,,,,,,,,,,,False
2025-11-13 06:00:00+05:30,indirapuram_ghaziabad_uppcb,openaq,171.0,399.0,,,,,,,,,,,False
2025-11-13 07:00:00+05:30,indirapuram_ghaziabad_uppcb,openaq,176.0,412.0,,,,,,,,,,,False
2025-11-13 08:00:00+05:30,indirapuram_ghaziabad_uppcb,openaq,183.0,427.0,,,,,,,,,,,False
2025-11-13 09:00:00+05:30,indirapuram_ghaziabad_uppcb,openaq,183.0,426.0,,,,,,,,,,,False
2025-11-13 10:00:00+05:30,indirapuram_ghaziabad_uppcb,openaq,168.0,391.0,,,,,,,,,,,False
2025-11-13 11:00:00+05:30,indirapuram_ghaziabad_uppcb,openaq,150.0,373.0,,,,,,,,,,,False
2025-11-13 12:00:00+05:30,indirapuram_ghaziabad_uppcb,openaq,,411.0,,,,,,,,,,,False
2025-11-13 13:00:00+05:30,indirapuram_ghaziabad_uppcb,openaq,,372.0,,,,,,,,,,,False
2025-11-13 14:00:00+05:30,indirapuram_ghaziabad_uppcb,openaq,,348.0,,,,,,,,,,,False
2025-11-13 15:00:00+05:30,indirapuram_ghaziabad_uppcb,openaq,,326.0,,,,,,,,,,,False
2025-11-13 16:00:00+05:30,indirapuram_ghaziabad_uppcb,openaq,,314.0,,,,,,,,,,,False
2025-11-13 17:00:00+05:30,indirapuram_ghaziabad_uppcb,openaq,,351.0,,,,,,,,,,,False
2025-11-13 18:00:00+05:30,indirapuram_ghaziabad_uppcb,openaq,,438.0,,,,,,,,,,,False
2025-11-13 19:00:00+05:30,indirapuram_ghaziabad_uppcb,openaq,,485.0,,,,,,,,,,,False
2025-11-13 20:00:00+05:30,indirapuram_ghaziabad_uppcb,openaq,,469.0,,,,,,,,,,,False
2025-11-13 21:00:00+05:30,indirapuram_ghaziabad_uppcb,openaq,,525.0,,,,,,,,,,,False
2025-11-13 22:00:00+05:30,indirapuram_ghaziabad_uppcb,openaq,,539.0,,,,,,,,,,,False
2025-11-14 02:00:00+05:30,indirapuram_ghaziabad_uppcb,openaq,,294.0,,,,,,,,,,,False
2025-11-14 03:00:00+05:30,indirapuram_ghaziabad_uppcb,openaq,,316.0,,,,,,,,,,,False
2025-11-14 04:00:00+05:30,indirapuram_ghaziabad_uppcb,openaq,,310.0,,,,,,,,,,,False
2025-11-14 05:00:00+05:30,indirapuram_ghaziabad_uppcb,openaq,,298.0,,,,,,,,,,,False
2025-11-14 06:00:00+05:30,indirapuram_ghaziabad_uppcb,openaq,,296.0,,,,,,,,,,,False
2025-11-14 07:00:00+05:30,indirapuram_ghaziabad_uppcb,openaq,,319.0,,,,,,,,,,,False
2025-11-14 08:00:00+05:30,indirapuram_ghaziabad_uppcb,openaq,,333.0,,,,,,,,,,,False
2025-11-14 09:00:00+05:30,indirapuram_ghaziabad_uppcb,openaq,,318.0,,,,,,,,,,,False
2025-11-14 10:00:00+05:30,indirapuram_ghaziabad_uppcb,openaq,,308.0,,,,,,,,,,,False
2025-11-14 11:00:00+05:30,indirapuram_ghaziabad_uppcb,openaq,,293.0,,,,,,,,,,,False
2025-11-14 12:00:00+05:30,indirapuram_ghaziabad_uppcb,openaq,,268.0,,,,,,,,,,,False
2025-11-14 13:00:00+05:30,indirapuram_ghaziabad_uppcb,openaq,,262.0,,,,,,,,,,,False
2025-11-14 14:00:00+05:30,indirapuram_ghaziabad_uppcb,openaq,,252.0,,,,,,,,,,,False
2025-11-14 15:00:00+05:30,indirapuram_ghaziabad_uppcb,openaq,,222.0,,,,,,,,,,,False
2025-11-14 16:00:00+05:30,indirapuram_ghaziabad_uppcb,openaq,,201.0,,,,,,,,,,,False
2025-11-14 17:00:00+05:30,indirapuram_ghaziabad_uppcb,openaq,,215.0,,,,,,,,,,,False
2025-11-14 18:00:00+05:30,indirapuram_ghaziabad_uppcb,openaq,,251.0,,,,,,,,,,,False
2025-11-14 19:00:00+05:30,indirapuram_ghaziabad_uppcb,openaq,,345.0,,,,,,,,,,,False
2025-11-14 20:00:00+05:30,indirapuram_ghaziabad_uppcb,openaq,,448.0,,,,,,,,,,,False
2025-11-14 21:00:00+05:30,indirapuram_ghaziabad_uppcb,openaq,,423.0,,,,,,,,,,,False
2025-11-14 23:00:00+05:30,indirapuram_ghaziabad_uppcb,openaq,,355.0,,,,,,,,,,,False
2025-11-15 01:00:00+05:30,indirapuram_ghaziabad_uppcb,openaq,,363.0,,,,,,,,,,,False
2025-11-15 04:00:00+05:30,indirapuram_ghaziabad_uppcb,openaq,,352.0,,,,,,,,,,,False
2025-11-15 05:00:00+05:30,indirapuram_ghaziabad_uppcb,openaq,,340.0,,,,,,,,,,,False
2025-11-15 06:00:00+05:30,indirapuram_ghaziabad_uppcb,openaq,,374.0,,,,,,,,,,,False
2025-11-15 07:00:00+05:30,indirapuram_ghaziabad_uppcb,openaq,268.0,535.0,,,,,,,,,,,False
2025-11-15 08:00:00+05:30,indirapuram_ghaziabad_uppcb,openaq,282.0,564.0,,,,,,,,,,,False
2025-11-15 09:00:00+05:30,indirapuram_ghaziabad_uppcb,openaq,264.0,528.0,,,,,,,,,,,False
2025-11-15 10:00:00+05:30,indirapuram_ghaziabad_uppcb,openaq,251.0,502.0,,,,,,,,,,,False
2025-11-15 11:00:00+05:30,indirapuram_ghaziabad_uppcb,openaq,229.0,458.0,,,,,,,,,,,False
2025-11-15 12:00:00+05:30,indirapuram_ghaziabad_uppcb,openaq,187.0,373.0,,,,,,,,,,,False
2025-11-15 13:00:00+05:30,indirapuram_ghaziabad_uppcb,openaq,161.0,322.0,,,,,,,,,,,False
2025-11-15 14:00:00+05:30,indirapuram_ghaziabad_uppcb,openaq,158.0,316.0,,,,,,,,,,,False
2025-11-15 15:00:00+05:30,indirapuram_ghaziabad_uppcb,openaq,144.0,287.0,,,,,,,,,,,False
2025-11-15 17:00:00+05:30,indirapuram_ghaziabad_uppcb,openaq,131.0,262.0,,,,,,,,,,,False
2025-11-15 18:00:00+05:30,indirapuram_ghaziabad_uppcb,openaq,244.0,488.0,,,,,,,,,,,False
2025-11-15 19:00:00+05:30,indirapuram_ghaziabad_uppcb,openaq,345.0,690.0,,,,,,,,,,,False
2025-11-15 20:00:00+05:30,indirapuram_ghaziabad_uppcb,openaq,326.0,653.0,,,,,,,,,,,False
2025-11-15 21:00:00+05:30,indirapuram_ghaziabad_uppcb,openaq,351.0,703.0,,,,,,,,,,,False
2025-11-15 22:00:00+05:30,indirapuram_ghaziabad_uppcb,openaq,362.0,724.0,,,,,,,,,,,False
2025-11-15 23:00:00+05:30,indirapuram_ghaziabad_uppcb,openaq,355.0,711.0,,,,,,,,,,,False
2025-11-16 01:00:00+05:30,indirapuram_ghaziabad_uppcb,openaq,298.0,596.0,,,,,,,,,,,False
2025-11-16 02:00:00+05:30,indirapuram_ghaziabad_uppcb,openaq,289.0,577.0,,,,,,,,,,,False
2025-11-16 03:00:00+05:30,indirapuram_ghaziabad_uppcb,openaq,283.0,565.0,,,,,,,,,,,False
2025-11-16 04:00:00+05:30,indirapuram_ghaziabad_uppcb,openaq,278.0,556.0,,,,,,,,,,,False
2025-11-16 05:00:00+05:30,indirapuram_ghaziabad_uppcb,openaq,274.0,548.0,,,,,,,,,,,False
2025-11-16 06:00:00+05:30,indirapuram_ghaziabad_uppcb,openaq,258.0,516.0,,,,,,,,,,,False
2025-11-16 07:00:00+05:30,indirapuram_ghaziabad_uppcb,openaq,247.0,494.0,,,,,,,,,,,False
2025-11-16 08:00:00+05:30,indirapuram_ghaziabad_uppcb,openaq,254.0,507.0,,,,,,,,,,,False
2025-11-16 09:00:00+05:30,indirapuram_ghaziabad_uppcb,openaq,242.0,483.0,,,,,,,,,,,False
2025-11-16 10:00:00+05:30,indirapuram_ghaziabad_uppcb,openaq,220.0,439.0,,,,,,,,,,,False
2025-11-16 11:00:00+05:30,indirapuram_ghaziabad_uppcb,openaq,192.0,384.0,,,,,,,,,,,False
2025-11-16 12:00:00+05:30,indirapuram_ghaziabad_uppcb,openaq,160.0,320.0,,,,,,,,,,,False
2025-11-16 13:00:00+05:30,indirapuram_ghaziabad_uppcb,openaq,137.0,274.0,,,,,,,,,,,False
2025-11-16 14:00:00+05:30,indirapuram_ghaziabad_uppcb,openaq,106.0,212.0,,,,,,,,,,,False
2025-11-16 15:00:00+05:30,indirapuram_ghaziabad_uppcb,openaq,101.0,203.0,,,,,,,,,,,False
2025-11-16 17:00:00+05:30,indirapuram_ghaziabad_uppcb,openaq,141.0,282.0,,,,,,,,,,,False
2025-11-16 18:00:00+05:30,indirapuram_ghaziabad_uppcb,openaq,175.0,349.0,,,,,,,,,,,False
2025-11-16 19:00:00+05:30,indirapuram_ghaziabad_uppcb,openaq,202.0,404.0,,,,,,,,,,,False
2025-11-16 20:00:00+05:30,indirapuram_ghaziabad_uppcb,openaq,211.0,422.0,,,,,,,,,,,False
2025-11-16 21:00:00+05:30,indirapuram_ghaziabad_uppcb,openaq,201.0,402.0,,,,,,,,,,,False
2025-11-16 22:00:00+05:30,indirapuram_ghaziabad_uppcb,openaq,203.0,405.0,,,,,,,,,,,False
2025-11-16 23:00:00+05:30,indirapuram_ghaziabad_uppcb,openaq,220.0,439.0,,,,,,,,,,,False
2025-11-17 01:00:00+05:30,indirapuram_ghaziabad_uppcb,openaq,284.0,568.0,,,,,,,,,,,False
2025-11-17 03:00:00+05:30,indirapuram_ghaziabad_uppcb,openaq,246.0,492.0,,,,,,,,,,,False
2025-11-17 04:00:00+05:30,indirapuram_ghaziabad_uppcb,openaq,242.0,484.0,,,,,,,,,,,False
2025-11-17 05:00:00+05:30,indirapuram_ghaziabad_uppcb,openaq,240.0,480.0,,,,,,,,,,,False
2025-11-17 06:00:00+05:30,indirapuram_ghaziabad_uppcb,openaq,244.0,489.0,,,,,,,,,,,False
2025-11-17 07:00:00+05:30,indirapuram_ghaziabad_uppcb,openaq,254.0,509.0,,,,,,,,,,,False
2025-11-17 08:00:00+05:30,indirapuram_ghaziabad_uppcb,openaq,237.0,475.0,,,,,,,,,,,False
2025-11-17 09:00:00+05:30,indirapuram_ghaziabad_uppcb,openaq,211.0,423.0,,,,,,,,,,,False
2025-11-17 10:00:00+05:30,indirapuram_ghaziabad_uppcb,openaq,202.0,405.0,,,,,,,,,,,False
2025-11-17 11:00:00+05:30,indirapuram_ghaziabad_uppcb,openaq,193.0,388.0,,,,,,,,,,,False
2025-11-17 12:00:00+05:30,indirapuram_ghaziabad_uppcb,openaq,173.0,347.0,,,,,,,,,,,False
2025-11-17 13:00:00+05:30,indirapuram_ghaziabad_uppcb,openaq,142.0,285.0,,,,,,,,,,,False
2025-11-17 14:00:00+05:30,indirapuram_ghaziabad_uppcb,openaq,,260.0,,,,,,,,,,,False
2025-11-17 15:00:00+05:30,indirapuram_ghaziabad_uppcb,openaq,,260.0,,,,,,,,,,,False
2025-11-17 16:00:00+05:30,indirapuram_ghaziabad_uppcb,openaq,104.0,261.0,,,,,,,,,,,False
2025-11-17 17:00:00+05:30,indirapuram_ghaziabad_uppcb,openaq,139.0,349.0,,,,,,,,,,,False
2025-11-17 18:00:00+05:30,indirapuram_ghaziabad_uppcb,openaq,189.0,472.0,,,,,,,,,,,False
2025-11-17 19:00:00+05:30,indirapuram_ghaziabad_uppcb,openaq,230.0,576.0,,,,,,,,,,,False
2025-11-17 20:00:00+05:30,indirapuram_ghaziabad_uppcb,openaq,250.0,625.0,,,,,,,,,,,False
2025-11-17 21:00:00+05:30,indirapuram_ghaziabad_uppcb,openaq,297.0,741.0,,,,,,,,,,,False
2025-11-17 22:00:00+05:30,indirapuram_ghaziabad_uppcb,openaq,318.0,795.0,,,,,,,,,,,False
2025-11-17 23:00:00+05:30,indirapuram_ghaziabad_uppcb,openaq,319.0,797.0,,,,,,,,,,,False
2025-11-18 01:00:00+05:30,indirapuram_ghaziabad_uppcb,openaq,250.0,624.0,,,,,,,,,,,False
2025-11-18 02:00:00+05:30,indirapuram_ghaziabad_uppcb,openaq,234.0,585.0,,,,,,,,,,,False
2025-11-18 03:00:00+05:30,indirapuram_ghaziabad_uppcb,openaq,229.0,572.0,,,,,,,,,,,False
2025-11-18 04:00:00+05:30,indirapuram_ghaziabad_uppcb,openaq,251.0,626.0,,,,,,,,,,,False
2025-11-18 05:00:00+05:30,indirapuram_ghaziabad_uppcb,openaq,296.0,738.0,,,,,,,,,,,False
2025-11-18 06:00:00+05:30,indirapuram_ghaziabad_uppcb,openaq,314.0,785.0,,,,,,,,,,,False
2025-11-18 07:00:00+05:30,indirapuram_ghaziabad_uppcb,openaq,316.0,791.0,,,,,,,,,,,False
2025-11-18 08:00:00+05:30,indirapuram_ghaziabad_uppcb,openaq,287.0,718.0,,,,,,,,,,,False
2025-11-18 09:00:00+05:30,indirapuram_ghaziabad_uppcb,openaq,262.0,656.0,,,,,,,,,,,False
2025-11-18 17:00:00+05:30,indirapuram_ghaziabad_uppcb,openaq,137.0,343.0,,,,,,,,,,,False
2025-11-18 18:00:00+05:30,indirapuram_ghaziabad_uppcb,openaq,187.0,467.0,,,,,,,,,,,False
2025-11-18 19:00:00+05:30,indirapuram_ghaziabad_uppcb,openaq,254.0,634.0,,,,,,,,,,,False
2025-11-18 21:00:00+05:30,indirapuram_ghaziabad_uppcb,openaq,307.0,767.0,,,,,,,,,,,False
2025-11-18 22:00:00+05:30,indirapuram_ghaziabad_uppcb,openaq,250.0,625.0,,,,,,,,,,,False
2025-11-18 23:00:00+05:30,indirapuram_ghaziabad_uppcb,openaq,228.0,570.0,,,,,,,,,,,False
2025-11-19 01:00:00+05:30,indirapuram_ghaziabad_uppcb,openaq,201.0,502.0,,,,,,,,,,,False
2025-11-19 02:00:00+05:30,indirapuram_ghaziabad_uppcb,openaq,191.0,477.0,,,,,,,,,,,False
2025-11-19 03:00:00+05:30,indirapuram_ghaziabad_uppcb,openaq,189.0,472.0,,,,,,,,,,,False
2025-11-19 04:00:00+05:30,indirapuram_ghaziabad_uppcb,openaq,188.0,469.0,,,,,,,,,,,False
2025-11-19 05:00:00+05:30,indirapuram_ghaziabad_uppcb,openaq,192.0,480.0,,,,,,,,,,,False
2025-11-19 06:00:00+05:30,indirapuram_ghaziabad_uppcb,openaq,203.0,506.0,,,,,,,,,,,False
2025-11-19 07:00:00+05:30,indirapuram_ghaziabad_uppcb,openaq,219.0,547.0,,,,,,,,,,,False
2025-11-19 08:00:00+05:30,indirapuram_ghaziabad_uppcb,openaq,254.0,634.0,,,,,,,,,,,False
2025-11-19 09:00:00+05:30,indirapuram_ghaziabad_uppcb,openaq,289.0,723.0,,,,,,,,,,,False
2025-11-19 10:00:00+05:30,indirapuram_ghaziabad_uppcb,openaq,293.0,732.0,,,,,,,,,,,False
2025-11-19 12:00:00+05:30,indirapuram_ghaziabad_uppcb,openaq,207.0,517.0,,,,,,,,,,,False
2025-11-19 13:00:00+05:30,indirapuram_ghaziabad_uppcb,openaq,138.0,345.0,,,,,,,,,,,False
2025-11-19 14:00:00+05:30,indirapuram_ghaziabad_uppcb,openaq,115.0,287.0,,,,,,,,,,,False
2025-11-19 15:00:00+05:30,indirapuram_ghaziabad_uppcb,openaq,109.0,272.0,,,,,,,,,,,False
2025-11-19 18:00:00+05:30,indirapuram_ghaziabad_uppcb,openaq,232.0,579.0,,,,,,,,,,,False
2025-11-19 19:00:00+05:30,indirapuram_ghaziabad_uppcb,openaq,272.0,679.0,,,,,,,,,,,False
2025-11-19 20:00:00+05:30,indirapuram_ghaziabad_uppcb,openaq,298.0,746.0,,,,,,,,,,,False
2025-11-19 21:00:00+05:30,indirapuram_ghaziabad_uppcb,openaq,283.0,707.0,,,,,,,,,,,False
2025-11-19 22:00:00+05:30,indirapuram_ghaziabad_uppcb,openaq,288.0,720.0,,,,,,,,,,,False
2025-11-19 23:00:00+05:30,indirapuram_ghaziabad_uppcb,openaq,305.0,761.0,,,,,,,,,,,False
2025-11-20 01:00:00+05:30,indirapuram_ghaziabad_uppcb,openaq,248.0,620.0,,,,,,,,,,,False
2025-11-20 02:00:00+05:30,indirapuram_ghaziabad_uppcb,openaq,230.0,576.0,,,,,,,,,,,False
2025-11-20 03:00:00+05:30,indirapuram_ghaziabad_uppcb,openaq,222.0,554.0,,,,,,,,,,,False
2025-11-20 04:00:00+05:30,indirapuram_ghaziabad_uppcb,openaq,217.0,541.0,,,,,,,,,,,False
2025-11-20 05:00:00+05:30,indirapuram_ghaziabad_uppcb,openaq,208.0,519.0,,,,,,,,,,,False
2025-11-20 06:00:00+05:30,indirapuram_ghaziabad_uppcb,openaq,202.0,506.0,,,,,,,,,,,False
2025-11-20 07:00:00+05:30,indirapuram_ghaziabad_uppcb,openaq,206.0,516.0,,,,,,,,,,,False
2025-11-20 08:00:00+05:30,indirapuram_ghaziabad_uppcb,openaq,216.0,541.0,,,,,,,,,,,False
2025-11-20 09:00:00+05:30,indirapuram_ghaziabad_uppcb,openaq,209.0,522.0,,,,,,,,,,,False
2025-11-20 10:00:00+05:30,indirapuram_ghaziabad_uppcb,openaq,215.0,537.0,,,,,,,,,,,False
2025-11-20 11:00:00+05:30,indirapuram_ghaziabad_uppcb,openaq,216.0,539.0,,,,,,,,,,,False
2025-11-20 12:00:00+05:30,indirapuram_ghaziabad_uppcb,openaq,170.0,426.0,,,,,,,,,,,False
2025-11-20 13:00:00+05:30,indirapuram_ghaziabad_uppcb,openaq,113.0,282.0,,,,,,,,,,,False
2025-11-20 14:00:00+05:30,indirapuram_ghaziabad_uppcb,openaq,108.0,270.0,,,,,,,,,,,False
2025-11-20 15:00:00+05:30,indirapuram_ghaziabad_uppcb,openaq,105.0,261.0,,,,,,,,,,,False
2025-11-20 17:00:00+05:30,indirapuram_ghaziabad_uppcb,openaq,130.0,324.0,,,,,,,,,,,False
2025-11-20 18:00:00+05:30,indirapuram_ghaziabad_uppcb,openaq,246.0,616.0,,,,,,,,,,,False
2025-11-20 19:00:00+05:30,indirapuram_ghaziabad_uppcb,openaq,294.0,735.0,,,,,,,,,,,False
2025-11-20 20:00:00+05:30,indirapuram_ghaziabad_uppcb,openaq,293.0,733.0,,,,,,,,,,,False
2025-11-20 21:00:00+05:30,indirapuram_ghaziabad_uppcb,openaq,312.0,780.0,,,,,,,,,,,False
2025-11-20 22:00:00+05:30,indirapuram_ghaziabad_uppcb,openaq,324.0,809.0,,,,,,,,,,,False
2025-11-20 23:00:00+05:30,indirapuram_ghaziabad_uppcb,openaq,328.0,821.0,,,,,,,,,,,False
2025-11-21 01:00:00+05:30,indirapuram_ghaziabad_uppcb,openaq,278.0,693.0,,,,,,,,,,,False
2025-11-21 02:00:00+05:30,indirapuram_ghaziabad_uppcb,openaq,262.0,654.0,,,,,,,,,,,False
2025-11-21 03:00:00+05:30,indirapuram_ghaziabad_uppcb,openaq,242.0,606.0,,,,,,,,,,,False
2025-11-21 04:00:00+05:30,indirapuram_ghaziabad_uppcb,openaq,235.0,587.0,,,,,,,,,,,False
2025-11-21 05:00:00+05:30,indirapuram_ghaziabad_uppcb,openaq,231.0,578.0,,,,,,,,,,,False
2025-11-21 06:00:00+05:30,indirapuram_ghaziabad_uppcb,openaq,223.0,556.0,,,,,,,,,,,False
2025-11-21 07:00:00+05:30,indirapuram_ghaziabad_uppcb,openaq,238.0,595.0,,,,,,,,,,,False
2025-11-21 08:00:00+05:30,indirapuram_ghaziabad_uppcb,openaq,292.0,729.0,,,,,,,,,,,False
2025-11-21 09:00:00+05:30,indirapuram_ghaziabad_uppcb,openaq,308.0,770.0,,,,,,,,,,,False
2025-11-21 10:00:00+05:30,indirapuram_ghaziabad_uppcb,openaq,211.0,526.0,,,,,,,,,,,False
2025-11-21 11:00:00+05:30,indirapuram_ghaziabad_uppcb,openaq,117.0,292.0,,,,,,,,,,,False
2025-11-21 12:00:00+05:30,indirapuram_ghaziabad_uppcb,openaq,104.0,260.0,,,,,,,,,,,False
2025-11-21 13:00:00+05:30,indirapuram_ghaziabad_uppcb,openaq,106.0,265.0,,,,,,,,,,,False
2025-11-21 14:00:00+05:30,indirapuram_ghaziabad_uppcb,openaq,109.0,273.0,,,,,,,,,,,False
2025-11-21 15:00:00+05:30,indirapuram_ghaziabad_uppcb,openaq,106.0,264.0,,,,,,,,,,,False
2025-11-21 16:00:00+05:30,indirapuram_ghaziabad_uppcb,openaq,106.0,265.0,,,,,,,,,,,False
2025-11-21 17:00:00+05:30,indirapuram_ghaziabad_uppcb,openaq,150.0,375.0,,,,,,,,,,,False
2025-11-21 18:00:00+05:30,indirapuram_ghaziabad_uppcb,openaq,211.0,527.0,,,,,,,,,,,False
2025-11-21 19:00:00+05:30,indirapuram_ghaziabad_uppcb,openaq,245.0,612.0,,,,,,,,,,,False
2025-11-21 20:00:00+05:30,indirapuram_ghaziabad_uppcb,openaq,239.0,598.0,,,,,,,,,,,False
2025-11-21 21:00:00+05:30,indirapuram_ghaziabad_uppcb,openaq,263.0,657.0,,,,,,,,,,,False
2025-11-21 22:00:00+05:30,indirapuram_ghaziabad_uppcb,openaq,319.0,798.0,,,,,,,,,,,False
2025-11-21 23:00:00+05:30,indirapuram_ghaziabad_uppcb,openaq,322.0,805.0,,,,,,,,,,,False
2025-11-22 01:00:00+05:30,indirapuram_ghaziabad_uppcb,openaq,273.0,683.0,,,,,,,,,,,False
2025-11-22 02:00:00+05:30,indirapuram_ghaziabad_uppcb,openaq,235.0,588.0,,,,,,,,,,,False
2025-11-22 03:00:00+05:30,indirapuram_ghaziabad_uppcb,openaq,216.0,539.0,,,,,,,,,,,False
2025-11-22 04:00:00+05:30,indirapuram_ghaziabad_uppcb,openaq,221.0,551.0,,,,,,,,,,,False
2025-11-22 05:00:00+05:30,indirapuram_ghaziabad_uppcb,openaq,229.0,571.0,,,,,,,,,,,False
2025-11-22 06:00:00+05:30,indirapuram_ghaziabad_uppcb,openaq,218.0,543.0,,,,,,,,,,,False
2025-11-22 07:00:00+05:30,indirapuram_ghaziabad_uppcb,openaq,193.0,482.0,,,,,,,,,,,False
2025-11-22 08:00:00+05:30,indirapuram_ghaziabad_uppcb,openaq,192.0,480.0,,,,,,,,,,,False
2025-11-22 09:00:00+05:30,indirapuram_ghaziabad_uppcb,openaq,258.0,644.0,,,,,,,,,,,False
2025-11-22 10:00:00+05:30,indirapuram_ghaziabad_uppcb,openaq,315.0,788.0,,,,,,,,,,,False
2025-11-22 13:00:00+05:30,indirapuram_ghaziabad_uppcb,openaq,144.0,361.0,,,,,,,,,,,False
2025-11-22 14:00:00+05:30,indirapuram_ghaziabad_uppcb,openaq,102.0,255.0,,,,,,,,,,,False
2025-11-22 15:00:00+05:30,indirapuram_ghaziabad_uppcb,openaq,103.0,256.0,,,,,,,,,,,False
2025-11-22 17:00:00+05:30,indirapuram_ghaziabad_uppcb,openaq,140.0,351.0,,,,,,,,,,,False
2025-11-22 18:00:00+05:30,indirapuram_ghaziabad_uppcb,openaq,199.0,497.0,,,,,,,,,,,False
2025-11-22 19:00:00+05:30,indirapuram_ghaziabad_uppcb,openaq,283.0,707.0,,,,,,,,,,,False
2025-11-22 20:00:00+05:30,indirapuram_ghaziabad_uppcb,openaq,346.0,864.0,,,,,,,,,,,False
2025-11-22 21:00:00+05:30,indirapuram_ghaziabad_uppcb,openaq,341.0,851.0,,,,,,,,,,,False
2025-11-22 22:00:00+05:30,indirapuram_ghaziabad_uppcb,openaq,317.0,792.0,,,,,,,,,,,False
2025-11-22 23:00:00+05:30,indirapuram_ghaziabad_uppcb,openaq,317.0,794.0,,,,,,,,,,,False
2025-11-23 01:00:00+05:30,indirapuram_ghaziabad_uppcb,openaq,268.0,670.0,,,,,,,,,,,False
2025-11-23 02:00:00+05:30,indirapuram_ghaziabad_uppcb,openaq,224.0,560.0,,,,,,,,,,,False
2025-11-23 03:00:00+05:30,indirapuram_ghaziabad_uppcb,openaq,211.0,526.0,,,,,,,,,,,False
2025-11-23 04:00:00+05:30,indirapuram_ghaziabad_uppcb,openaq,215.0,537.0,,,,,,,,,,,False
2025-11-23 05:00:00+05:30,indirapuram_ghaziabad_uppcb,openaq,229.0,571.0,,,,,,,,,,,False
2025-11-23 06:00:00+05:30,indirapuram_ghaziabad_uppcb,openaq,231.0,577.0,,,,,,,,,,,False
2025-11-23 07:00:00+05:30,indirapuram_ghaziabad_uppcb,openaq,225.0,561.0,,,,,,,,,,,False
2025-11-23 08:00:00+05:30,indirapuram_ghaziabad_uppcb,openaq,267.0,666.0,,,,,,,,,,,False
2025-11-23 09:00:00+05:30,indirapuram_ghaziabad_uppcb,openaq,308.0,769.0,,,,,,,,,,,False
2025-11-23 10:00:00+05:30,indirapuram_ghaziabad_uppcb,openaq,325.0,813.0,,,,,,,,,,,False
2025-11-23 11:00:00+05:30,indirapuram_ghaziabad_uppcb,openaq,348.0,870.0,,,,,,,,,,,False
2025-11-23 12:00:00+05:30,indirapuram_ghaziabad_uppcb,openaq,357.0,892.0,,,,,,,,,,,False
2025-11-23 13:00:00+05:30,indirapuram_ghaziabad_uppcb,openaq,261.0,652.0,,,,,,,,,,,False
2025-11-23 14:00:00+05:30,indirapuram_ghaziabad_uppcb,openaq,177.0,441.0,,,,,,,,,,,False
2025-11-23 15:00:00+05:30,indirapuram_ghaziabad_uppcb,openaq,158.0,394.0,,,,,,,,,,,False
2025-11-23 19:00:00+05:30,indirapuram_ghaziabad_uppcb,openaq,216.0,541.0,,,,,,,,,,,False
2025-11-23 20:00:00+05:30,indirapuram_ghaziabad_uppcb,openaq,290.0,671.0,,,,,,,,,,,False
2025-11-23 21:00:00+05:30,indirapuram_ghaziabad_uppcb,openaq,335.0,670.0,,,,,,,,,,,False
2025-11-23 22:00:00+05:30,indirapuram_ghaziabad_uppcb,openaq,346.0,693.0,,,,,,,,,,,False
2025-11-23 23:00:00+05:30,indirapuram_ghaziabad_uppcb,openaq,345.0,690.0,,,,,,,,,,,False
2025-11-24 01:00:00+05:30,indirapuram_ghaziabad_uppcb,openaq,341.0,682.0,,,,,,,,,,,False
2025-11-24 02:00:00+05:30,indirapuram_ghaziabad_uppcb,openaq,,645.0,,,,,,,,,,,False
2025-11-24 03:00:00+05:30,indirapuram_ghaziabad_uppcb,openaq,,449.0,,,,,,,,,,,False
2025-11-24 04:00:00+05:30,indirapuram_ghaziabad_uppcb,openaq,,449.0,,,,,,,,,,,False
2025-11-24 13:00:00+05:30,indirapuram_ghaziabad_uppcb,openaq,327.0,327.0,,,,,,,,,,,False
2025-11-24 14:00:00+05:30,indirapuram_ghaziabad_uppcb,openaq,290.0,290.0,,,,,,,,,,,False
2025-11-24 15:00:00+05:30,indirapuram_ghaziabad_uppcb,openaq,229.0,270.0,,,,,,,,,,,False
2025-11-24 16:00:00+05:30,indirapuram_ghaziabad_uppcb,openaq,113.0,283.0,,,,,,,,,,,False
2025-11-24 17:00:00+05:30,indirapuram_ghaziabad_uppcb,openaq,118.0,294.0,,,,,,,,,,,False
2025-11-24 18:00:00+05:30,indirapuram_ghaziabad_uppcb,openaq,162.0,404.0,,,,,,,,,,,False
2025-11-24 19:00:00+05:30,indirapuram_ghaziabad_uppcb,openaq,223.0,557.0,,,,,,,,,,,False
2025-11-24 20:00:00+05:30,indirapuram_ghaziabad_uppcb,openaq,255.0,637.0,,,,,,,,,,,False
2025-11-24 21:00:00+05:30,indirapuram_ghaziabad_uppcb,openaq,285.0,711.0,,,,,,,,,,,False
2025-11-24 22:00:00+05:30,indirapuram_ghaziabad_uppcb,openaq,305.0,761.0,,,,,,,,,,,False
2025-11-24 23:00:00+05:30,indirapuram_ghaziabad_uppcb,openaq,314.0,785.0,,,,,,,,,,,False
2025-11-25 01:00:00+05:30,indirapuram_ghaziabad_uppcb,openaq,280.0,699.0,,,,,,,,,,,False
2025-11-25 02:00:00+05:30,indirapuram_ghaziabad_uppcb,openaq,242.0,604.0,,,,,,,,,,,False
2025-11-25 03:00:00+05:30,indirapuram_ghaziabad_uppcb,openaq,205.0,512.0,,,,,,,,,,,False
2025-11-25 04:00:00+05:30,indirapuram_ghaziabad_uppcb,openaq,180.0,449.0,,,,,,,,,,,False
2025-11-25 05:00:00+05:30,indirapuram_ghaziabad_uppcb,openaq,164.0,408.0,,,,,,,,,,,False
2025-11-25 06:00:00+05:30,indirapuram_ghaziabad_uppcb,openaq,146.0,364.0,,,,,,,,,,,False
2025-11-25 07:00:00+05:30,indirapuram_ghaziabad_uppcb,openaq,146.0,366.0,,,,,,,,,,,False
2025-11-25 08:00:00+05:30,indirapuram_ghaziabad_uppcb,openaq,192.0,480.0,,,,,,,,,,,False
2025-11-25 09:00:00+05:30,indirapuram_ghaziabad_uppcb,openaq,208.0,519.0,,,,,,,,,,,False
2025-11-25 10:00:00+05:30,indirapuram_ghaziabad_uppcb,openaq,176.0,440.0,,,,,,,,,,,False
2025-11-25 11:00:00+05:30,indirapuram_ghaziabad_uppcb,openaq,149.0,372.0,,,,,,,,,,,False
2025-11-25 12:00:00+05:30,indirapuram_ghaziabad_uppcb,openaq,131.0,329.0,,,,,,,,,,,False
2025-11-25 13:00:00+05:30,indirapuram_ghaziabad_uppcb,openaq,105.0,263.0,,,,,,,,,,,False
2025-11-25 14:00:00+05:30,indirapuram_ghaziabad_uppcb,openaq,94.5,236.0,,,,,,,,,,,False
2025-11-25 15:00:00+05:30,indirapuram_ghaziabad_uppcb,openaq,85.0,212.0,,,,,,,,,,,False
2025-11-25 16:00:00+05:30,indirapuram_ghaziabad_uppcb,openaq,83.5,209.0,,,,,,,,,,,False
2025-11-25 17:00:00+05:30,indirapuram_ghaziabad_uppcb,openaq,90.0,225.0,,,,,,,,,,,False
2025-11-25 18:00:00+05:30,indirapuram_ghaziabad_uppcb,openaq,109.0,272.0,,,,,,,,,,,False
2025-11-25 19:00:00+05:30,indirapuram_ghaziabad_uppcb,openaq,141.0,352.0,,,,,,,,,,,False
2025-11-25 20:00:00+05:30,indirapuram_ghaziabad_uppcb,openaq,166.0,414.0,,,,,,,,,,,False
2025-11-25 21:00:00+05:30,indirapuram_ghaziabad_uppcb,openaq,185.0,461.0,,,,,,,,,,,False
2025-11-25 22:00:00+05:30,indirapuram_ghaziabad_uppcb,openaq,183.0,458.0,,,,,,,,,,,False
2025-11-25 23:00:00+05:30,indirapuram_ghaziabad_uppcb,openaq,165.0,412.0,,,,,,,,,,,False
2025-11-26 01:00:00+05:30,indirapuram_ghaziabad_uppcb,openaq,167.0,418.0,,,,,,,,,,,False
2025-11-26 02:00:00+05:30,indirapuram_ghaziabad_uppcb,openaq,159.0,398.0,,,,,,,,,,,False
2025-11-26 03:00:00+05:30,indirapuram_ghaziabad_uppcb,openaq,140.0,350.0,,,,,,,,,,,False
2025-11-26 04:00:00+05:30,indirapuram_ghaziabad_uppcb,openaq,146.0,364.0,,,,,,,,,,,False
2025-11-26 05:00:00+05:30,indirapuram_ghaziabad_uppcb,openaq,148.0,369.0,,,,,,,,,,,False
2025-11-26 06:00:00+05:30,indirapuram_ghaziabad_uppcb,openaq,153.0,383.0,,,,,,,,,,,False
2025-11-26 07:00:00+05:30,indirapuram_ghaziabad_uppcb,openaq,173.0,434.0,,,,,,,,,,,False
2025-11-26 08:00:00+05:30,indirapuram_ghaziabad_uppcb,openaq,218.0,544.0,,,,,,,,,,,False
2025-11-26 09:00:00+05:30,indirapuram_ghaziabad_uppcb,openaq,223.0,556.0,,,,,,,,,,,False
2025-11-26 10:00:00+05:30,indirapuram_ghaziabad_uppcb,openaq,200.0,501.0,,,,,,,,,,,False
2025-11-26 11:00:00+05:30,indirapuram_ghaziabad_uppcb,openaq,180.0,449.0,,,,,,,,,,,False
2025-11-26 12:00:00+05:30,indirapuram_ghaziabad_uppcb,openaq,145.0,363.0,,,,,,,,,,,False
2025-11-26 15:00:00+05:30,indirapuram_ghaziabad_uppcb,openaq,88.0,220.0,,,,,,,,,,,False
2025-11-26 16:00:00+05:30,indirapuram_ghaziabad_uppcb,openaq,88.3,221.0,,,,,,,,,,,False
2025-11-26 17:00:00+05:30,indirapuram_ghaziabad_uppcb,openaq,125.0,313.0,,,,,,,,,,,False
2025-11-26 18:00:00+05:30,indirapuram_ghaziabad_uppcb,openaq,189.0,473.0,,,,,,,,,,,False
2025-11-26 19:00:00+05:30,indirapuram_ghaziabad_uppcb,openaq,262.0,654.0,,,,,,,,,,,False
2025-11-26 20:00:00+05:30,indirapuram_ghaziabad_uppcb,openaq,320.0,798.0,,,,,,,,,,,False
2025-11-26 21:00:00+05:30,indirapuram_ghaziabad_uppcb,openaq,283.0,706.0,,,,,,,,,,,False
2025-11-26 22:00:00+05:30,indirapuram_ghaziabad_uppcb,openaq,256.0,639.0,,,,,,,,,,,False
2025-11-26 23:00:00+05:30,indirapuram_ghaziabad_uppcb,openaq,273.0,681.0,,,,,,,,,,,False
2025-11-27 01:00:00+05:30,indirapuram_ghaziabad_uppcb,openaq,228.0,571.0,,,,,,,,,,,False
2025-11-27 02:00:00+05:30,indirapuram_ghaziabad_uppcb,openaq,231.0,577.0,,,,,,,,,,,False
2025-11-27 03:00:00+05:30,indirapuram_ghaziabad_uppcb,openaq,227.0,566.0,,,,,,,,,,,False
2025-11-27 04:00:00+05:30,indirapuram_ghaziabad_uppcb,openaq,204.0,510.0,,,,,,,,,,,False
2025-11-27 05:00:00+05:30,indirapuram_ghaziabad_uppcb,openaq,183.0,457.0,,,,,,,,,,,False
2025-11-27 06:00:00+05:30,indirapuram_ghaziabad_uppcb,openaq,181.0,453.0,,,,,,,,,,,False
2025-11-27 07:00:00+05:30,indirapuram_ghaziabad_uppcb,openaq,222.0,555.0,,,,,,,,,,,False
2025-11-27 08:00:00+05:30,indirapuram_ghaziabad_uppcb,openaq,258.0,645.0,,,,,,,,,,,False
2025-11-27 09:00:00+05:30,indirapuram_ghaziabad_uppcb,openaq,244.0,609.0,,,,,,,,,,,False
2025-11-27 10:00:00+05:30,indirapuram_ghaziabad_uppcb,openaq,211.0,528.0,,,,,,,,,,,False
2025-11-27 11:00:00+05:30,indirapuram_ghaziabad_uppcb,openaq,151.0,378.0,,,,,,,,,,,False
2025-11-27 12:00:00+05:30,indirapuram_ghaziabad_uppcb,openaq,108.0,270.0,,,,,,,,,,,False
2025-11-27 13:00:00+05:30,indirapuram_ghaziabad_uppcb,openaq,105.0,262.0,,,,,,,,,,,False
2025-11-27 14:00:00+05:30,indirapuram_ghaziabad_uppcb,openaq,101.0,253.0,,,,,,,,,,,False
2025-11-27 15:00:00+05:30,indirapuram_ghaziabad_uppcb,openaq,93.7,234.0,,,,,,,,,,,False
2025-11-27 17:00:00+05:30,indirapuram_ghaziabad_uppcb,openaq,110.0,275.0,,,,,,,,,,,False
2025-11-27 18:00:00+05:30,indirapuram_ghaziabad_uppcb,openaq,153.0,382.0,,,,,,,,,,,False
2025-11-27 19:00:00+05:30,indirapuram_ghaziabad_uppcb,openaq,214.0,535.0,,,,,,,,,,,False
2025-11-27 20:00:00+05:30,indirapuram_ghaziabad_uppcb,openaq,289.0,723.0,,,,,,,,,,,False
2025-11-27 21:00:00+05:30,indirapuram_ghaziabad_uppcb,openaq,332.0,831.0,,,,,,,,,,,False
2025-11-27 22:00:00+05:30,indirapuram_ghaziabad_uppcb,openaq,350.0,875.0,,,,,,,,,,,False
2025-11-27 23:00:00+05:30,indirapuram_ghaziabad_uppcb,openaq,314.0,785.0,,,,,,,,,,,False
2025-11-28 01:00:00+05:30,indirapuram_ghaziabad_uppcb,openaq,225.0,563.0,,,,,,,,,,,False
2025-11-28 02:00:00+05:30,indirapuram_ghaziabad_uppcb,openaq,216.0,539.0,,,,,,,,,,,False
2025-11-28 03:00:00+05:30,indirapuram_ghaziabad_uppcb,openaq,216.0,540.0,,,,,,,,,,,False
2025-11-28 04:00:00+05:30,indirapuram_ghaziabad_uppcb,openaq,225.0,563.0,,,,,,,,,,,False
2025-11-28 05:00:00+05:30,indirapuram_ghaziabad_uppcb,openaq,201.0,502.0,,,,,,,,,,,False
2025-11-28 06:00:00+05:30,indirapuram_ghaziabad_uppcb,openaq,170.0,426.0,,,,,,,,,,,False
2025-11-28 07:00:00+05:30,indirapuram_ghaziabad_uppcb,openaq,216.0,539.0,,,,,,,,,,,False
2025-11-28 08:00:00+05:30,indirapuram_ghaziabad_uppcb,openaq,250.0,625.0,,,,,,,,,,,False
2025-11-28 09:00:00+05:30,indirapuram_ghaziabad_uppcb,openaq,220.0,550.0,,,,,,,,,,,False
2025-11-28 10:00:00+05:30,indirapuram_ghaziabad_uppcb,openaq,187.0,467.0,,,,,,,,,,,False
2025-11-28 11:00:00+05:30,indirapuram_ghaziabad_uppcb,openaq,145.0,361.0,,,,,,,,,,,False
2025-11-28 12:00:00+05:30,indirapuram_ghaziabad_uppcb,openaq,110.0,275.0,,,,,,,,,,,False
2025-11-28 13:00:00+05:30,indirapuram_ghaziabad_uppcb,openaq,96.5,242.0,,,,,,,,,,,False
2025-11-28 14:00:00+05:30,indirapuram_ghaziabad_uppcb,openaq,98.0,245.0,,,,,,,,,,,False
2025-11-28 15:00:00+05:30,indirapuram_ghaziabad_uppcb,openaq,107.0,267.0,,,,,,,,,,,False
2025-11-28 16:00:00+05:30,indirapuram_ghaziabad_uppcb,openaq,117.0,292.0,,,,,,,,,,,False
2025-11-28 17:00:00+05:30,indirapuram_ghaziabad_uppcb,openaq,143.0,358.0,,,,,,,,,,,False
2025-11-28 18:00:00+05:30,indirapuram_ghaziabad_uppcb,openaq,183.0,458.0,,,,,,,,,,,False
2025-11-28 19:00:00+05:30,indirapuram_ghaziabad_uppcb,openaq,212.0,531.0,,,,,,,,,,,False
2025-11-28 20:00:00+05:30,indirapuram_ghaziabad_uppcb,openaq,230.0,575.0,,,,,,,,,,,False
2025-11-28 21:00:00+05:30,indirapuram_ghaziabad_uppcb,openaq,267.0,666.0,,,,,,,,,,,False
2025-11-28 22:00:00+05:30,indirapuram_ghaziabad_uppcb,openaq,292.0,730.0,,,,,,,,,,,False
2025-11-28 23:00:00+05:30,indirapuram_ghaziabad_uppcb,openaq,269.0,672.0,,,,,,,,,,,False
2025-11-29 01:00:00+05:30,indirapuram_ghaziabad_uppcb,openaq,154.0,384.0,,,,,,,,,,,False
2025-11-29 02:00:00+05:30,indirapuram_ghaziabad_uppcb,openaq,138.0,344.0,,,,,,,,,,,False
2025-11-29 03:00:00+05:30,indirapuram_ghaziabad_uppcb,openaq,121.0,303.0,,,,,,,,,,,False
2025-11-29 04:00:00+05:30,indirapuram_ghaziabad_uppcb,openaq,120.0,300.0,,,,,,,,,,,False
2025-11-29 05:00:00+05:30,indirapuram_ghaziabad_uppcb,openaq,129.0,322.0,,,,,,,,,,,False
2025-11-29 06:00:00+05:30,indirapuram_ghaziabad_uppcb,openaq,118.0,295.0,,,,,,,,,,,False
2025-11-29 07:00:00+05:30,indirapuram_ghaziabad_uppcb,openaq,108.0,269.0,,,,,,,,,,,False
2025-11-29 08:00:00+05:30,indirapuram_ghaziabad_uppcb,openaq,122.0,305.0,,,,,,,,,,,False
2025-11-29 09:00:00+05:30,indirapuram_ghaziabad_uppcb,openaq,134.0,334.0,,,,,,,,,,,False
2025-11-29 10:00:00+05:30,indirapuram_ghaziabad_uppcb,openaq,133.0,333.0,,,,,,,,,,,False
2025-11-29 11:00:00+05:30,indirapuram_ghaziabad_uppcb,openaq,134.0,334.0,,,,,,,,,,,False
2025-11-29 12:00:00+05:30,indirapuram_ghaziabad_uppcb,openaq,117.0,292.0,,,,,,,,,,,False
2025-11-29 13:00:00+05:30,indirapuram_ghaziabad_uppcb,openaq,96.5,242.0,,,,,,,,,,,False
2025-11-29 14:00:00+05:30,indirapuram_ghaziabad_uppcb,openaq,86.5,217.0,,,,,,,,,,,False
2025-11-29 15:00:00+05:30,indirapuram_ghaziabad_uppcb,openaq,78.0,195.0,,,,,,,,,,,False
2025-11-29 16:00:00+05:30,indirapuram_ghaziabad_uppcb,openaq,80.5,201.0,,,,,,,,,,,False
2025-11-29 17:00:00+05:30,indirapuram_ghaziabad_uppcb,openaq,102.0,254.0,,,,,,,,,,,False
2025-11-29 18:00:00+05:30,indirapuram_ghaziabad_uppcb,openaq,120.0,301.0,,,,,,,,,,,False
2025-11-29 19:00:00+05:30,indirapuram_ghaziabad_uppcb,openaq,128.0,321.0,,,,,,,,,,,False
2025-11-29 20:00:00+05:30,indirapuram_ghaziabad_uppcb,openaq,132.0,331.0,,,,,,,,,,,False
2025-11-29 21:00:00+05:30,indirapuram_ghaziabad_uppcb,openaq,131.0,328.0,,,,,,,,,,,False
2025-11-29 22:00:00+05:30,indirapuram_ghaziabad_uppcb,openaq,124.0,310.0,,,,,,,,,,,False
2025-11-29 23:00:00+05:30,indirapuram_ghaziabad_uppcb,openaq,125.0,312.0,,,,,,,,,,,False
2025-11-30 01:00:00+05:30,indirapuram_ghaziabad_uppcb,openaq,108.0,269.0,,,,,,,,,,,False
2025-11-30 02:00:00+05:30,indirapuram_ghaziabad_uppcb,openaq,96.5,241.0,,,,,,,,,,,False
2025-11-30 03:00:00+05:30,indirapuram_ghaziabad_uppcb,openaq,82.5,206.0,,,,,,,,,,,False
2025-11-30 04:00:00+05:30,indirapuram_ghaziabad_uppcb,openaq,70.5,176.0,,,,,,,,,,,False
2025-11-30 05:00:00+05:30,indirapuram_ghaziabad_uppcb,openaq,72.0,180.0,,,,,,,,,,,False
2025-11-30 06:00:00+05:30,indirapuram_ghaziabad_uppcb,openaq,80.5,202.0,,,,,,,,,,,False
2025-11-30 07:00:00+05:30,indirapuram_ghaziabad_uppcb,openaq,94.0,236.0,,,,,,,,,,,False
2025-11-30 08:00:00+05:30,indirapuram_ghaziabad_uppcb,openaq,116.0,289.0,,,,,,,,,,,False
2025-11-30 09:00:00+05:30,indirapuram_ghaziabad_uppcb,openaq,115.0,288.0,,,,,,,,,,,False
2025-11-30 10:00:00+05:30,indirapuram_ghaziabad_uppcb,openaq,106.0,264.0,,,,,,,,,,,False
2025-11-30 11:00:00+05:30,indirapuram_ghaziabad_uppcb,openaq,103.0,258.0,,,,,,,,,,,False
2025-11-30 12:00:00+05:30,indirapuram_ghaziabad_uppcb,openaq,100.0,250.0,,,,,,,,,,,False
2025-11-30 13:00:00+05:30,indirapuram_ghaziabad_uppcb,openaq,96.0,241.0,,,,,,,,,,,False
2025-11-30 14:00:00+05:30,indirapuram_ghaziabad_uppcb,openaq,81.0,203.0,,,,,,,,,,,False
2025-11-30 15:00:00+05:30,indirapuram_ghaziabad_uppcb,openaq,70.5,176.0,,,,,,,,,,,False
2025-11-30 16:00:00+05:30,indirapuram_ghaziabad_uppcb,openaq,74.5,186.0,,,,,,,,,,,False
2025-11-30 17:00:00+05:30,indirapuram_ghaziabad_uppcb,openaq,93.0,233.0,,,,,,,,,,,False
2025-11-30 18:00:00+05:30,indirapuram_ghaziabad_uppcb,openaq,136.0,341.0,,,,,,,,,,,False
2025-11-30 19:00:00+05:30,indirapuram_ghaziabad_uppcb,openaq,205.0,513.0,,,,,,,,,,,False
2025-11-30 20:00:00+05:30,indirapuram_ghaziabad_uppcb,openaq,242.0,603.0,,,,,,,,,,,False
2025-11-30 21:00:00+05:30,indirapuram_ghaziabad_uppcb,openaq,224.0,559.0,,,,,,,,,,,False
2025-11-30 22:00:00+05:30,indirapuram_ghaziabad_uppcb,openaq,196.0,491.0,,,,,,,,,,,False
2025-12-01 01:00:00+05:30,indirapuram_ghaziabad_uppcb,openaq,144.0,361.0,,,,,,,,,,,False
2025-12-01 02:00:00+05:30,indirapuram_ghaziabad_uppcb,openaq,133.0,333.0,,,,,,,,,,,False
2025-12-01 03:00:00+05:30,indirapuram_ghaziabad_uppcb,openaq,131.0,326.0,,,,,,,,,,,False
2025-12-01 04:00:00+05:30,indirapuram_ghaziabad_uppcb,openaq,128.0,318.0,,,,,,,,,,,False
2025-12-01 05:00:00+05:30,indirapuram_ghaziabad_uppcb,openaq,126.0,314.0,,,,,,,,,,,False
2025-12-01 06:00:00+05:30,indirapuram_ghaziabad_uppcb,openaq,130.0,325.0,,,,,,,,,,,False
2025-12-01 07:00:00+05:30,indirapuram_ghaziabad_uppcb,openaq,149.0,371.0,,,,,,,,,,,False
2025-12-01 08:00:00+05:30,indirapuram_ghaziabad_uppcb,openaq,171.0,428.0,,,,,,,,,,,False
2025-12-01 09:00:00+05:30,indirapuram_ghaziabad_uppcb,openaq,172.0,429.0,,,,,,,,,,,False
2025-12-01 12:00:00+05:30,indirapuram_ghaziabad_uppcb,openaq,106.0,266.0,,,,,,,,,,,False
2025-12-01 13:00:00+05:30,indirapuram_ghaziabad_uppcb,openaq,104.0,261.0,,,,,,,,,,,False
2025-12-01 14:00:00+05:30,indirapuram_ghaziabad_uppcb,openaq,106.0,264.0,,,,,,,,,,,False
2025-12-01 15:00:00+05:30,indirapuram_ghaziabad_uppcb,openaq,111.0,277.0,,,,,,,,,,,False
2025-12-01 16:00:00+05:30,indirapuram_ghaziabad_uppcb,openaq,122.0,306.0,,,,,,,,,,,False
2025-12-01 17:00:00+05:30,indirapuram_ghaziabad_uppcb,openaq,138.0,346.0,,,,,,,,,,,False
2025-12-01 18:00:00+05:30,indirapuram_ghaziabad_uppcb,openaq,155.0,388.0,,,,,,,,,,,False
2025-12-01 19:00:00+05:30,indirapuram_ghaziabad_uppcb,openaq,162.0,405.0,,,,,,,,,,,False
2025-12-01 20:00:00+05:30,indirapuram_ghaziabad_uppcb,openaq,178.0,445.0,,,,,,,,,,,False
2025-12-01 21:00:00+05:30,indirapuram_ghaziabad_uppcb,openaq,218.0,543.0,,,,,,,,,,,False
2025-12-01 22:00:00+05:30,indirapuram_ghaziabad_uppcb,openaq,291.0,726.0,,,,,,,,,,,False
2025-12-01 23:00:00+05:30,indirapuram_ghaziabad_uppcb,openaq,325.0,813.0,,,,,,,,,,,False
2025-12-02 01:00:00+05:30,indirapuram_ghaziabad_uppcb,openaq,236.0,589.0,,,,,,,,,,,False
2025-12-02 02:00:00+05:30,indirapuram_ghaziabad_uppcb,openaq,191.0,477.0,,,,,,,,,,,False
2025-12-02 03:00:00+05:30,indirapuram_ghaziabad_uppcb,openaq,159.0,397.0,,,,,,,,,,,False
2025-12-02 04:00:00+05:30,indirapuram_ghaziabad_uppcb,openaq,148.0,370.0,,,,,,,,,,,False
2025-12-02 05:00:00+05:30,indirapuram_ghaziabad_uppcb,openaq,140.0,349.0,,,,,,,,,,,False
2025-12-02 06:00:00+05:30,indirapuram_ghaziabad_uppcb,openaq,142.0,356.0,,,,,,,,,,,False
2025-12-02 07:00:00+05:30,indirapuram_ghaziabad_uppcb,openaq,184.0,459.0,,,,,,,,,,,False
2025-12-02 08:00:00+05:30,indirapuram_ghaziabad_uppcb,openaq,258.0,644.0,,,,,,,,,,,False
2025-12-02 09:00:00+05:30,indirapuram_ghaziabad_uppcb,openaq,290.0,725.0,,,,,,,,,,,False
2025-12-02 10:00:00+05:30,indirapuram_ghaziabad_uppcb,openaq,278.0,694.0,,,,,,,,,,,False
2025-12-02 11:00:00+05:30,indirapuram_ghaziabad_uppcb,openaq,215.0,538.0,,,,,,,,,,,False
2025-12-02 12:00:00+05:30,indirapuram_ghaziabad_uppcb,openaq,173.0,432.0,,,,,,,,,,,False
2025-12-02 13:00:00+05:30,indirapuram_ghaziabad_uppcb,openaq,149.0,371.0,,,,,,,,,,,False
2025-12-02 14:00:00+05:30,indirapuram_ghaziabad_uppcb,openaq,133.0,333.0,,,,,,,,,,,False
2025-12-02 15:00:00+05:30,indirapuram_ghaziabad_uppcb,openaq,145.0,363.0,,,,,,,,,,,False
2025-12-02 16:00:00+05:30,indirapuram_ghaziabad_uppcb,openaq,169.0,423.0,,,,,,,,,,,False
2025-12-02 17:00:00+05:30,indirapuram_ghaziabad_uppcb,openaq,170.0,425.0,,,,,,,,,,,False
2025-12-02 18:00:00+05:30,indirapuram_ghaziabad_uppcb,openaq,191.0,478.0,,,,,,,,,,,False
2025-12-02 19:00:00+05:30,indirapuram_ghaziabad_uppcb,openaq,225.0,563.0,,,,,,,,,,,False
2025-12-02 20:00:00+05:30,indirapuram_ghaziabad_uppcb,openaq,270.0,674.0,,,,,,,,,,,False
2025-12-02 21:00:00+05:30,indirapuram_ghaziabad_uppcb,openaq,254.0,635.0,,,,,,,,,,,False
2025-12-02 22:00:00+05:30,indirapuram_ghaziabad_uppcb,openaq,212.0,529.0,,,,,,,,,,,False
2025-12-03 01:00:00+05:30,indirapuram_ghaziabad_uppcb,openaq,205.0,513.0,,,,,,,,,,,False
2025-12-03 02:00:00+05:30,indirapuram_ghaziabad_uppcb,openaq,187.0,467.0,,,,,,,,,,,False
2025-12-03 03:00:00+05:30,indirapuram_ghaziabad_uppcb,openaq,162.0,405.0,,,,,,,,,,,False
2025-12-03 04:00:00+05:30,indirapuram_ghaziabad_uppcb,openaq,157.0,391.0,,,,,,,,,,,False
2025-12-03 05:00:00+05:30,indirapuram_ghaziabad_uppcb,openaq,159.0,397.0,,,,,,,,,,,False
2025-12-03 06:00:00+05:30,indirapuram_ghaziabad_uppcb,openaq,167.0,418.0,,,,,,,,,,,False
2025-12-03 07:00:00+05:30,indirapuram_ghaziabad_uppcb,openaq,192.0,479.0,,,,,,,,,,,False
2025-12-03 08:00:00+05:30,indirapuram_ghaziabad_uppcb,openaq,199.0,497.0,,,,,,,,,,,False
2025-12-03 09:00:00+05:30,indirapuram_ghaziabad_uppcb,openaq,171.0,427.0,,,,,,,,,,,False
2025-12-03 10:00:00+05:30,indirapuram_ghaziabad_uppcb,openaq,143.0,358.0,,,,,,,,,,,False
2025-12-03 11:00:00+05:30,indirapuram_ghaziabad_uppcb,openaq,120.0,299.0,,,,,,,,,,,False
2025-12-03 12:00:00+05:30,indirapuram_ghaziabad_uppcb,openaq,108.0,269.0,,,,,,,,,,,False
2025-12-03 13:00:00+05:30,indirapuram_ghaziabad_uppcb,openaq,103.0,259.0,,,,,,,,,,,False
2025-12-03 14:00:00+05:30,indirapuram_ghaziabad_uppcb,openaq,88.0,221.0,,,,,,,,,,,False
2025-12-03 15:00:00+05:30,indirapuram_ghaziabad_uppcb,openaq,78.5,197.0,,,,,,,,,,,False
2025-12-03 16:00:00+05:30,indirapuram_ghaziabad_uppcb,openaq,76.5,192.0,,,,,,,,,,,False
2025-12-03 17:00:00+05:30,indirapuram_ghaziabad_uppcb,openaq,88.0,220.0,,,,,,,,,,,False
2025-12-03 18:00:00+05:30,indirapuram_ghaziabad_uppcb,openaq,114.0,283.0,,,,,,,,,,,False
2025-12-03 19:00:00+05:30,indirapuram_ghaziabad_uppcb,openaq,145.0,361.0,,,,,,,,,,,False
2025-12-03 20:00:00+05:30,indirapuram_ghaziabad_uppcb,openaq,176.0,440.0,,,,,,,,,,,False
2025-12-03 21:00:00+05:30,indirapuram_ghaziabad_uppcb,openaq,187.0,467.0,,,,,,,,,,,False
2025-12-03 22:00:00+05:30,indirapuram_ghaziabad_uppcb,openaq,168.0,418.0,,,,,,,,,,,False
2025-12-03 23:00:00+05:30,indirapuram_ghaziabad_uppcb,openaq,155.0,386.0,,,,,,,,,,,False
2025-12-04 01:00:00+05:30,indirapuram_ghaziabad_uppcb,openaq,140.0,351.0,,,,,,,,,,,False
2025-12-04 02:00:00+05:30,indirapuram_ghaziabad_uppcb,openaq,117.0,292.0,,,,,,,,,,,False
2025-12-04 03:00:00+05:30,indirapuram_ghaziabad_uppcb,openaq,106.0,264.0,,,,,,,,,,,False
2025-12-04 04:00:00+05:30,indirapuram_ghaziabad_uppcb,openaq,98.0,245.0,,,,,,,,,,,False
2025-12-04 05:00:00+05:30,indirapuram_ghaziabad_uppcb,openaq,98.0,245.0,,,,,,,,,,,False
2025-12-04 06:00:00+05:30,indirapuram_ghaziabad_uppcb,openaq,111.0,277.0,,,,,,,,,,,False
2025-12-04 07:00:00+05:30,indirapuram_ghaziabad_uppcb,openaq,134.0,333.0,,,,,,,,,,,False
2025-12-04 08:00:00+05:30,indirapuram_ghaziabad_uppcb,openaq,143.0,356.0,,,,,,,,,,,False
2025-12-04 09:00:00+05:30,indirapuram_ghaziabad_uppcb,openaq,142.0,355.0,,,,,,,,,,,False
2025-12-04 15:00:00+05:30,indirapuram_ghaziabad_uppcb,openaq,88.5,221.0,,,,,,,,,,,False
2025-12-04 16:00:00+05:30,indirapuram_ghaziabad_uppcb,openaq,82.0,204.0,,,,,,,,,,,False
2025-12-04 17:00:00+05:30,indirapuram_ghaziabad_uppcb,openaq,85.5,214.0,,,,,,,,,,,False
2025-12-04 18:00:00+05:30,indirapuram_ghaziabad_uppcb,openaq,103.0,258.0,,,,,,,,,,,False
2025-12-04 19:00:00+05:30,indirapuram_ghaziabad_uppcb,openaq,205.0,513.0,,,,,,,,,,,False
2025-12-04 20:00:00+05:30,indirapuram_ghaziabad_uppcb,openaq,296.0,740.0,,,,,,,,,,,False
2025-12-04 21:00:00+05:30,indirapuram_ghaziabad_uppcb,openaq,271.0,676.0,,,,,,,,,,,False
2025-12-04 22:00:00+05:30,indirapuram_ghaziabad_uppcb,openaq,218.0,544.0,,,,,,,,,,,False
2025-12-04 23:00:00+05:30,indirapuram_ghaziabad_uppcb,openaq,185.0,462.0,,,,,,,,,,,False
2025-12-05 01:00:00+05:30,indirapuram_ghaziabad_uppcb,openaq,158.0,394.0,,,,,,,,,,,False
2025-12-05 02:00:00+05:30,indirapuram_ghaziabad_uppcb,openaq,138.0,344.0,,,,,,,,,,,False
2025-12-05 03:00:00+05:30,indirapuram_ghaziabad_uppcb,openaq,124.0,310.0,,,,,,,,,,,False
2025-12-05 04:00:00+05:30,indirapuram_ghaziabad_uppcb,openaq,122.0,305.0,,,,,,,,,,,False
2025-12-05 05:00:00+05:30,indirapuram_ghaziabad_uppcb,openaq,121.0,303.0,,,,,,,,,,,False
2025-12-05 06:00:00+05:30,indirapuram_ghaziabad_uppcb,openaq,125.0,312.0,,,,,,,,,,,False
2025-12-05 07:00:00+05:30,indirapuram_ghaziabad_uppcb,openaq,143.0,357.0,,,,,,,,,,,False
2025-12-05 08:00:00+05:30,indirapuram_ghaziabad_uppcb,openaq,175.0,437.0,,,,,,,,,,,False
2025-12-05 09:00:00+05:30,indirapuram_ghaziabad_uppcb,openaq,174.0,435.0,,,,,,,,,,,False
2025-12-05 10:00:00+05:30,indirapuram_ghaziabad_uppcb,openaq,144.0,359.0,,,,,,,,,,,False
2025-12-05 11:00:00+05:30,indirapuram_ghaziabad_uppcb,openaq,128.0,320.0,,,,,,,,,,,False
2025-12-05 12:00:00+05:30,indirapuram_ghaziabad_uppcb,openaq,109.0,274.0,,,,,,,,,,,False
2025-12-05 13:00:00+05:30,indirapuram_ghaziabad_uppcb,openaq,103.0,258.0,,,,,,,,,,,False
2025-12-05 14:00:00+05:30,indirapuram_ghaziabad_uppcb,openaq,110.0,275.0,,,,,,,,,,,False
2025-12-05 15:00:00+05:30,indirapuram_ghaziabad_uppcb,openaq,113.0,281.0,,,,,,,,,,,False
2025-12-05 16:00:00+05:30,indirapuram_ghaziabad_uppcb,openaq,101.0,252.0,,,,,,,,,,,False
2025-12-05 17:00:00+05:30,indirapuram_ghaziabad_uppcb,openaq,102.0,255.0,,,,,,,,,,,False
2025-12-05 18:00:00+05:30,indirapuram_ghaziabad_uppcb,openaq,144.0,360.0,,,,,,,,,,,False
2025-12-05 19:00:00+05:30,indirapuram_ghaziabad_uppcb,openaq,245.0,611.0,,,,,,,,,,,False
2025-12-05 20:00:00+05:30,indirapuram_ghaziabad_uppcb,openaq,242.0,604.0,,,,,,,,,,,False
2025-12-05 21:00:00+05:30,indirapuram_ghaziabad_uppcb,openaq,217.0,542.0,,,,,,,,,,,False
2025-12-05 22:00:00+05:30,indirapuram_ghaziabad_uppcb,openaq,211.0,527.0,,,,,,,,,,,False
2025-12-05 23:00:00+05:30,indirapuram_ghaziabad_uppcb,openaq,189.0,472.0,,,,,,,,,,,False
2025-12-06 01:00:00+05:30,indirapuram_ghaziabad_uppcb,openaq,135.0,336.0,,,,,,,,,,,False
2025-12-06 02:00:00+05:30,indirapuram_ghaziabad_uppcb,openaq,129.0,321.0,,,,,,,,,,,False
2025-12-06 03:00:00+05:30,indirapuram_ghaziabad_uppcb,openaq,129.0,322.0,,,,,,,,,,,False
2025-12-06 04:00:00+05:30,indirapuram_ghaziabad_uppcb,openaq,119.0,298.0,,,,,,,,,,,False
2025-12-06 05:00:00+05:30,indirapuram_ghaziabad_uppcb,openaq,112.0,280.0,,,,,,,,,,,False
2025-12-06 06:00:00+05:30,indirapuram_ghaziabad_uppcb,openaq,118.0,293.0,,,,,,,,,,,False
2025-12-06 07:00:00+05:30,indirapuram_ghaziabad_uppcb,openaq,126.0,315.0,,,,,,,,,,,False
2025-12-06 08:00:00+05:30,indirapuram_ghaziabad_uppcb,openaq,128.0,321.0,,,,,,,,,,,False
2025-12-06 09:00:00+05:30,indirapuram_ghaziabad_uppcb,openaq,122.0,304.0,,,,,,,,,,,False
2025-12-06 10:00:00+05:30,indirapuram_ghaziabad_uppcb,openaq,121.0,302.0,,,,,,,,,,,False
2025-12-06 11:00:00+05:30,indirapuram_ghaziabad_uppcb,openaq,118.0,295.0,,,,,,,,,,,False
2025-12-06 12:00:00+05:30,indirapuram_ghaziabad_uppcb,openaq,115.0,287.0,,,,,,,,,,,False
2025-12-06 13:00:00+05:30,indirapuram_ghaziabad_uppcb,openaq,111.0,278.0,,,,,,,,,,,False
2025-12-06 14:00:00+05:30,indirapuram_ghaziabad_uppcb,openaq,104.0,261.0,,,,,,,,,,,False
2025-12-06 15:00:00+05:30,indirapuram_ghaziabad_uppcb,openaq,92.0,230.0,,,,,,,,,,,False
2025-12-06 16:00:00+05:30,indirapuram_ghaziabad_uppcb,openaq,82.0,205.0,,,,,,,,,,,False
2025-12-06 17:00:00+05:30,indirapuram_ghaziabad_uppcb,openaq,97.0,242.0,,,,,,,,,,,False
2025-12-06 18:00:00+05:30,indirapuram_ghaziabad_uppcb,openaq,122.0,303.0,,,,,,,,,,,False
2025-12-06 19:00:00+05:30,indirapuram_ghaziabad_uppcb,openaq,133.0,333.0,,,,,,,,,,,False
2025-12-06 20:00:00+05:30,indirapuram_ghaziabad_uppcb,openaq,137.0,342.0,,,,,,,,,,,False
2025-12-06 21:00:00+05:30,indirapuram_ghaziabad_uppcb,openaq,145.0,363.0,,,,,,,,,,,False
2025-12-06 22:00:00+05:30,indirapuram_ghaziabad_uppcb,openaq,150.0,376.0,,,,,,,,,,,False
2025-12-06 23:00:00+05:30,indirapuram_ghaziabad_uppcb,openaq,144.0,361.0,,,,,,,,,,,False
2025-12-07 01:00:00+05:30,indirapuram_ghaziabad_uppcb,openaq,105.0,263.0,,,,,,,,,,,False
2025-12-07 02:00:00+05:30,indirapuram_ghaziabad_uppcb,openaq,96.0,241.0,,,,,,,,,,,False
2025-12-07 03:00:00+05:30,indirapuram_ghaziabad_uppcb,openaq,93.0,233.0,,,,,,,,,,,False
2025-12-07 04:00:00+05:30,indirapuram_ghaziabad_uppcb,openaq,91.0,228.0,,,,,,,,,,,False
2025-12-07 05:00:00+05:30,indirapuram_ghaziabad_uppcb,openaq,94.5,237.0,,,,,,,,,,,False
2025-12-07 06:00:00+05:30,indirapuram_ghaziabad_uppcb,openaq,102.0,254.0,,,,,,,,,,,False
2025-12-07 07:00:00+05:30,indirapuram_ghaziabad_uppcb,openaq,106.0,265.0,,,,,,,,,,,False
2025-12-07 08:00:00+05:30,indirapuram_ghaziabad_uppcb,openaq,119.0,298.0,,,,,,,,,,,False
2025-12-07 09:00:00+05:30,indirapuram_ghaziabad_uppcb,openaq,135.0,336.0,,,,,,,,,,,False
2025-12-07 10:00:00+05:30,indirapuram_ghaziabad_uppcb,openaq,141.0,353.0,,,,,,,,,,,False
2025-12-07 11:00:00+05:30,indirapuram_ghaziabad_uppcb,openaq,139.0,347.0,,,,,,,,,,,False
2025-12-07 12:00:00+05:30,indirapuram_ghaziabad_uppcb,openaq,127.0,317.0,,,,,,,,,,,False
2025-12-07 13:00:00+05:30,indirapuram_ghaziabad_uppcb,openaq,111.0,278.0,,,,,,,,,,,False
2025-12-07 14:00:00+05:30,indirapuram_ghaziabad_uppcb,openaq,101.0,251.0,,,,,,,,,,,False
2025-12-07 15:00:00+05:30,indirapuram_ghaziabad_uppcb,openaq,101.0,252.0,,,,,,,,,,,False
2025-12-07 16:00:00+05:30,indirapuram_ghaziabad_uppcb,openaq,118.0,295.0,,,,,,,,,,,False
2025-12-07 17:00:00+05:30,indirapuram_ghaziabad_uppcb,openaq,138.0,346.0,,,,,,,,,,,False
2025-12-07 18:00:00+05:30,indirapuram_ghaziabad_uppcb,openaq,138.0,344.0,,,,,,,,,,,False
2025-12-07 19:00:00+05:30,indirapuram_ghaziabad_uppcb,openaq,138.0,343.0,,,,,,,,,,,False
2025-12-07 20:00:00+05:30,indirapuram_ghaziabad_uppcb,openaq,154.0,385.0,,,,,,,,,,,False
2025-12-07 21:00:00+05:30,indirapuram_ghaziabad_uppcb,openaq,165.0,413.0,,,,,,,,,,,False
2025-12-07 22:00:00+05:30,indirapuram_ghaziabad_uppcb,openaq,176.0,440.0,,,,,,,,,,,False
2025-12-07 23:00:00+05:30,indirapuram_ghaziabad_uppcb,openaq,175.0,437.0,,,,,,,,,,,False
2025-12-08 01:00:00+05:30,indirapuram_ghaziabad_uppcb,openaq,117.0,293.0,,,,,,,,,,,False
2025-12-08 02:00:00+05:30,indirapuram_ghaziabad_uppcb,openaq,110.0,274.0,,,,,,,,,,,False
2025-12-08 03:00:00+05:30,indirapuram_ghaziabad_uppcb,openaq,102.0,254.0,,,,,,,,,,,False
2025-12-08 04:00:00+05:30,indirapuram_ghaziabad_uppcb,openaq,93.0,232.0,,,,,,,,,,,False
2025-12-08 05:00:00+05:30,indirapuram_ghaziabad_uppcb,openaq,90.0,225.0,,,,,,,,,,,False
2025-12-08 06:00:00+05:30,indirapuram_ghaziabad_uppcb,openaq,91.0,228.0,,,,,,,,,,,False
2025-12-08 07:00:00+05:30,indirapuram_ghaziabad_uppcb,openaq,102.0,255.0,,,,,,,,,,,False
2025-12-08 08:00:00+05:30,indirapuram_ghaziabad_uppcb,openaq,124.0,309.0,,,,,,,,,,,False
2025-12-08 09:00:00+05:30,indirapuram_ghaziabad_uppcb,openaq,136.0,340.0,,,,,,,,,,,False
2025-12-08 10:00:00+05:30,indirapuram_ghaziabad_uppcb,openaq,137.0,342.0,,,,,,,,,,,False
2025-12-08 11:00:00+05:30,indirapuram_ghaziabad_uppcb,openaq,129.0,322.0,,,,,,,,,,,False
2025-12-08 12:00:00+05:30,indirapuram_ghaziabad_uppcb,openaq,110.0,276.0,,,,,,,,,,,False
2025-12-08 13:00:00+05:30,indirapuram_ghaziabad_uppcb,openaq,92.7,233.0,,,,,,,,,,,False
2025-12-08 14:00:00+05:30,indirapuram_ghaziabad_uppcb,openaq,82.5,207.0,,,,,,,,,,,False
2025-12-08 15:00:00+05:30,indirapuram_ghaziabad_uppcb,openaq,77.7,194.0,,,,,,,,,,,False
2025-12-08 17:00:00+05:30,indirapuram_ghaziabad_uppcb,openaq,87.0,217.0,,,,,,,,,,,False
2025-12-08 18:00:00+05:30,indirapuram_ghaziabad_uppcb,openaq,95.5,239.0,,,,,,,,,,,False
2025-12-08 19:00:00+05:30,indirapuram_ghaziabad_uppcb,openaq,102.0,255.0,,,,,,,,,,,False
2025-12-08 20:00:00+05:30,indirapuram_ghaziabad_uppcb,openaq,128.0,320.0,,,,,,,,,,,False
2025-12-08 22:00:00+05:30,indirapuram_ghaziabad_uppcb,openaq,136.0,340.0,,,,,,,,,,,False
2025-12-09 01:00:00+05:30,indirapuram_ghaziabad_uppcb,openaq,104.0,259.0,,,,,,,,,,,False
2025-12-09 02:00:00+05:30,indirapuram_ghaziabad_uppcb,openaq,94.3,235.0,,,,,,,,,,,False
2025-12-09 03:00:00+05:30,indirapuram_ghaziabad_uppcb,openaq,93.5,233.0,,,,,,,,,,,False
2025-12-09 04:00:00+05:30,indirapuram_ghaziabad_uppcb,openaq,93.5,234.0,,,,,,,,,,,False
2025-12-09 05:00:00+05:30,indirapuram_ghaziabad_uppcb,openaq,97.0,243.0,,,,,,,,,,,False
2025-12-09 06:00:00+05:30,indirapuram_ghaziabad_uppcb,openaq,109.0,273.0,,,,,,,,,,,False
2025-12-09 07:00:00+05:30,indirapuram_ghaziabad_uppcb,openaq,128.0,320.0,,,,,,,,,,,False
2025-12-09 08:00:00+05:30,indirapuram_ghaziabad_uppcb,openaq,139.0,346.0,,,,,,,,,,,False
2025-12-09 09:00:00+05:30,indirapuram_ghaziabad_uppcb,openaq,133.0,331.0,,,,,,,,,,,False
2025-12-09 10:00:00+05:30,indirapuram_ghaziabad_uppcb,openaq,120.0,299.0,,,,,,,,,,,False
2025-12-09 11:00:00+05:30,indirapuram_ghaziabad_uppcb,openaq,110.0,276.0,,,,,,,,,,,False
2025-12-09 12:00:00+05:30,indirapuram_ghaziabad_uppcb,openaq,114.0,285.0,,,,,,,,,,,False
2025-12-09 13:00:00+05:30,indirapuram_ghaziabad_uppcb,openaq,110.0,274.0,,,,,,,,,,,False
2025-12-09 14:00:00+05:30,indirapuram_ghaziabad_uppcb,openaq,141.0,352.0,,,,,,,,,,,False
2025-12-09 15:00:00+05:30,indirapuram_ghaziabad_uppcb,openaq,149.0,372.0,,,,,,,,,,,False
2025-12-09 18:00:00+05:30,indirapuram_ghaziabad_uppcb,openaq,101.0,252.0,,,,,,,,,,,False
2025-12-09 19:00:00+05:30,indirapuram_ghaziabad_uppcb,openaq,122.0,305.0,,,,,,,,,,,False
2025-12-09 20:00:00+05:30,indirapuram_ghaziabad_uppcb,openaq,151.0,376.0,,,,,,,,,,,False
2025-12-09 21:00:00+05:30,indirapuram_ghaziabad_uppcb,openaq,166.0,415.0,,,,,,,,,,,False
2025-12-09 22:00:00+05:30,indirapuram_ghaziabad_uppcb,openaq,147.0,367.0,,,,,,,,,,,False
2025-12-09 23:00:00+05:30,indirapuram_ghaziabad_uppcb,openaq,124.0,310.0,,,,,,,,,,,False
2025-12-10 01:00:00+05:30,indirapuram_ghaziabad_uppcb,openaq,89.0,222.0,,,,,,,,,,,False
2025-12-10 02:00:00+05:30,indirapuram_ghaziabad_uppcb,openaq,83.5,208.0,,,,,,,,,,,False
2025-12-10 03:00:00+05:30,indirapuram_ghaziabad_uppcb,openaq,77.3,193.0,,,,,,,,,,,False
2025-12-10 04:00:00+05:30,indirapuram_ghaziabad_uppcb,openaq,76.0,191.0,,,,,,,,,,,False
2025-12-10 05:00:00+05:30,indirapuram_ghaziabad_uppcb,openaq,75.5,190.0,,,,,,,,,,,False
2025-12-10 06:00:00+05:30,indirapuram_ghaziabad_uppcb,openaq,78.0,195.0,,,,,,,,,,,False
2025-12-10 07:00:00+05:30,indirapuram_ghaziabad_uppcb,openaq,105.0,262.0,,,,,,,,,,,False
2025-12-10 08:00:00+05:30,indirapuram_ghaziabad_uppcb,openaq,127.0,318.0,,,,,,,,,,,False
2025-12-10 09:00:00+05:30,indirapuram_ghaziabad_uppcb,openaq,118.0,296.0,,,,,,,,,,,False
2025-12-10 10:00:00+05:30,indirapuram_ghaziabad_uppcb,openaq,113.0,281.0,,,,,,,,,,,False
2025-12-10 11:00:00+05:30,indirapuram_ghaziabad_uppcb,openaq,104.0,259.0,,,,,,,,,,,False
2025-12-10 12:00:00+05:30,indirapuram_ghaziabad_uppcb,openaq,80.0,200.0,,,,,,,,,,,False
2025-12-10 13:00:00+05:30,indirapuram_ghaziabad_uppcb,openaq,68.5,172.0,,,,,,,,,,,False
2025-12-10 14:00:00+05:30,indirapuram_ghaziabad_uppcb,openaq,71.0,178.0,,,,,,,,,,,False
2025-12-10 15:00:00+05:30,indirapuram_ghaziabad_uppcb,openaq,76.0,190.0,,,,,,,,,,,False
2025-12-10 17:00:00+05:30,indirapuram_ghaziabad_uppcb,openaq,73.5,184.0,,,,,,,,,,,False
2025-12-10 18:00:00+05:30,indirapuram_ghaziabad_uppcb,openaq,94.5,236.0,,,,,,,,,,,False
2025-12-10 19:00:00+05:30,indirapuram_ghaziabad_uppcb,openaq,114.0,284.0,,,,,,,,,,,False
2025-12-10 20:00:00+05:30,indirapuram_ghaziabad_uppcb,openaq,160.0,400.0,,,,,,,,,,,False
2025-12-10 21:00:00+05:30,indirapuram_ghaziabad_uppcb,openaq,226.0,563.0,,,,,,,,,,,False
2025-12-10 22:00:00+05:30,indirapuram_ghaziabad_uppcb,openaq,265.0,663.0,,,,,,,,,,,False
2025-12-10 23:00:00+05:30,indirapuram_ghaziabad_uppcb,openaq,281.0,703.0,,,,,,,,,,,False
2025-12-11 01:00:00+05:30,indirapuram_ghaziabad_uppcb,openaq,241.0,603.0,,,,,,,,,,,False
2025-12-11 02:00:00+05:30,indirapuram_ghaziabad_uppcb,openaq,210.0,524.0,,,,,,,,,,,False
2025-12-11 03:00:00+05:30,indirapuram_ghaziabad_uppcb,openaq,179.0,448.0,,,,,,,,,,,False
2025-12-11 04:00:00+05:30,indirapuram_ghaziabad_uppcb,openaq,151.0,378.0,,,,,,,,,,,False
2025-12-11 05:00:00+05:30,indirapuram_ghaziabad_uppcb,openaq,121.0,303.0,,,,,,,,,,,False
2025-12-11 06:00:00+05:30,indirapuram_ghaziabad_uppcb,openaq,108.0,269.0,,,,,,,,,,,False
2025-12-11 07:00:00+05:30,indirapuram_ghaziabad_uppcb,openaq,114.0,286.0,,,,,,,,,,,False
2025-12-11 10:00:00+05:30,indirapuram_ghaziabad_uppcb,openaq,144.0,360.0,,,,,,,,,,,False
2025-12-11 11:00:00+05:30,indirapuram_ghaziabad_uppcb,openaq,123.0,307.0,,,,,,,,,,,False
2025-12-11 12:00:00+05:30,indirapuram_ghaziabad_uppcb,openaq,107.0,267.0,,,,,,,,,,,False
2025-12-11 13:00:00+05:30,indirapuram_ghaziabad_uppcb,openaq,106.0,264.0,,,,,,,,,,,False
2025-12-11 14:00:00+05:30,indirapuram_ghaziabad_uppcb,openaq,103.0,257.0,,,,,,,,,,,False
2025-12-11 15:00:00+05:30,indirapuram_ghaziabad_uppcb,openaq,97.5,244.0,,,,,,,,,,,False
2025-12-11 16:00:00+05:30,indirapuram_ghaziabad_uppcb,openaq,87.5,219.0,,,,,,,,,,,False
2025-12-11 17:00:00+05:30,indirapuram_ghaziabad_uppcb,openaq,90.0,225.0,,,,,,,,,,,False
2025-12-11 18:00:00+05:30,indirapuram_ghaziabad_uppcb,openaq,114.0,284.0,,,,,,,,,,,False
2025-12-11 19:00:00+05:30,indirapuram_ghaziabad_uppcb,openaq,201.0,502.0,,,,,,,,,,,False
2025-12-11 20:00:00+05:30,indirapuram_ghaziabad_uppcb,openaq,277.0,691.0,,,,,,,,,,,False
2025-12-11 21:00:00+05:30,indirapuram_ghaziabad_uppcb,openaq,383.0,956.0,,,,,,,,,,,False
2025-12-11 22:00:00+05:30,indirapuram_ghaziabad_uppcb,openaq,376.0,939.0,,,,,,,,,,,False
2025-12-12 01:00:00+05:30,indirapuram_ghaziabad_uppcb,openaq,207.0,516.0,,,,,,,,,,,False
2025-12-12 02:00:00+05:30,indirapuram_ghaziabad_uppcb,openaq,176.0,439.0,,,,,,,,,,,False
2025-12-12 03:00:00+05:30,indirapuram_ghaziabad_uppcb,openaq,182.0,456.0,,,,,,,,,,,False
2025-12-12 04:00:00+05:30,indirapuram_ghaziabad_uppcb,openaq,179.0,448.0,,,,,,,,,,,False
2025-12-12 05:00:00+05:30,indirapuram_ghaziabad_uppcb,openaq,174.0,434.0,,,,,,,,,,,False
2025-12-12 06:00:00+05:30,indirapuram_ghaziabad_uppcb,openaq,186.0,465.0,,,,,,,,,,,False
2025-12-12 07:00:00+05:30,indirapuram_ghaziabad_uppcb,openaq,204.0,509.0,,,,,,,,,,,False
2025-12-12 08:00:00+05:30,indirapuram_ghaziabad_uppcb,openaq,214.0,535.0,,,,,,,,,,,False
2025-12-12 09:00:00+05:30,indirapuram_ghaziabad_uppcb,openaq,198.0,493.0,,,,,,,,,,,False
2025-12-12 10:00:00+05:30,indirapuram_ghaziabad_uppcb,openaq,182.0,454.0,,,,,,,,,,,False
2025-12-12 11:00:00+05:30,indirapuram_ghaziabad_uppcb,openaq,169.0,421.0,,,,,,,,,,,False
2025-12-12 12:00:00+05:30,indirapuram_ghaziabad_uppcb,openaq,141.0,353.0,,,,,,,,,,,False
2025-12-12 13:00:00+05:30,indirapuram_ghaziabad_uppcb,openaq,131.0,328.0,,,,,,,,,,,False
2025-12-12 14:00:00+05:30,indirapuram_ghaziabad_uppcb,openaq,138.0,345.0,,,,,,,,,,,False
2025-12-12 15:00:00+05:30,indirapuram_ghaziabad_uppcb,openaq,142.0,354.0,,,,,,,,,,,False
2025-12-12 18:00:00+05:30,indirapuram_ghaziabad_uppcb,openaq,292.0,730.0,,,,,,,,,,,False
2025-12-12 19:00:00+05:30,indirapuram_ghaziabad_uppcb,openaq,368.0,919.0,,,,,,,,,,,False
2025-12-12 20:00:00+05:30,indirapuram_ghaziabad_uppcb,openaq,421.0,1050.0,,,,,,,,,,,False
2025-12-12 21:00:00+05:30,indirapuram_ghaziabad_uppcb,openaq,501.0,1250.0,,,,,,,,,,,False
2025-12-12 22:00:00+05:30,indirapuram_ghaziabad_uppcb,openaq,390.0,974.0,,,,,,,,,,,False
2025-12-12 23:00:00+05:30,indirapuram_ghaziabad_uppcb,openaq,321.0,802.0,,,,,,,,,,,False
2025-12-13 01:00:00+05:30,indirapuram_ghaziabad_uppcb,openaq,252.0,629.0,,,,,,,,,,,False
2025-12-13 02:00:00+05:30,indirapuram_ghaziabad_uppcb,openaq,245.0,612.0,,,,,,,,,,,False
2025-12-13 03:00:00+05:30,indirapuram_ghaziabad_uppcb,openaq,232.0,579.0,,,,,,,,,,,False
2025-12-13 04:00:00+05:30,indirapuram_ghaziabad_uppcb,openaq,223.0,556.0,,,,,,,,,,,False
2025-12-13 05:00:00+05:30,indirapuram_ghaziabad_uppcb,openaq,222.0,555.0,,,,,,,,,,,False
2025-12-13 06:00:00+05:30,indirapuram_ghaziabad_uppcb,openaq,227.0,567.0,,,,,,,,,,,False
2025-12-13 07:00:00+05:30,indirapuram_ghaziabad_uppcb,openaq,261.0,652.0,,,,,,,,,,,False
2025-12-13 08:00:00+05:30,indirapuram_ghaziabad_uppcb,openaq,287.0,718.0,,,,,,,,,,,False
2025-12-13 09:00:00+05:30,indirapuram_ghaziabad_uppcb,openaq,358.0,894.0,,,,,,,,,,,False
2025-12-13 10:00:00+05:30,indirapuram_ghaziabad_uppcb,openaq,325.0,811.0,,,,,,,,,,,False
2025-12-13 11:00:00+05:30,indirapuram_ghaziabad_uppcb,openaq,239.0,597.0,,,,,,,,,,,False
2025-12-13 12:00:00+05:30,indirapuram_ghaziabad_uppcb,openaq,213.0,532.0,,,,,,,,,,,False
2025-12-13 13:00:00+05:30,indirapuram_ghaziabad_uppcb,openaq,215.0,537.0,,,,,,,,,,,False
2025-12-13 14:00:00+05:30,indirapuram_ghaziabad_uppcb,openaq,222.0,555.0,,,,,,,,,,,False
2025-12-13 15:00:00+05:30,indirapuram_ghaziabad_uppcb,openaq,233.0,584.0,,,,,,,,,,,False
2025-12-13 16:00:00+05:30,indirapuram_ghaziabad_uppcb,openaq,223.0,556.0,,,,,,,,,,,False
2025-12-13 18:00:00+05:30,indirapuram_ghaziabad_uppcb,openaq,313.0,783.0,,,,,,,,,,,False
2025-12-13 19:00:00+05:30,indirapuram_ghaziabad_uppcb,openaq,353.0,883.0,,,,,,,,,,,False
2025-12-13 20:00:00+05:30,indirapuram_ghaziabad_uppcb,openaq,399.0,997.0,,,,,,,,,,,False
2025-12-13 21:00:00+05:30,indirapuram_ghaziabad_uppcb,openaq,413.0,1030.0,,,,,,,,,,,False
2025-12-13 22:00:00+05:30,indirapuram_ghaziabad_uppcb,openaq,437.0,1090.0,,,,,,,,,,,False
2025-12-13 23:00:00+05:30,indirapuram_ghaziabad_uppcb,openaq,440.0,1100.0,,,,,,,,,,,False
2025-12-14 01:00:00+05:30,indirapuram_ghaziabad_uppcb,openaq,331.0,828.0,,,,,,,,,,,False
2025-12-14 02:00:00+05:30,indirapuram_ghaziabad_uppcb,openaq,297.0,742.0,,,,,,,,,,,False
2025-12-14 03:00:00+05:30,indirapuram_ghaziabad_uppcb,openaq,273.0,681.0,,,,,,,,,,,False
2025-12-14 04:00:00+05:30,indirapuram_ghaziabad_uppcb,openaq,250.0,624.0,,,,,,,,,,,False
2025-12-14 05:00:00+05:30,indirapuram_ghaziabad_uppcb,openaq,233.0,582.0,,,,,,,,,,,False
2025-12-14 06:00:00+05:30,indirapuram_ghaziabad_uppcb,openaq,228.0,570.0,,,,,,,,,,,False
2025-12-14 07:00:00+05:30,indirapuram_ghaziabad_uppcb,openaq,253.0,633.0,,,,,,,,,,,False
2025-12-14 08:00:00+05:30,indirapuram_ghaziabad_uppcb,openaq,305.0,761.0,,,,,,,,,,,False
2025-12-14 09:00:00+05:30,indirapuram_ghaziabad_uppcb,openaq,318.0,795.0,,,,,,,,,,,False
2025-12-14 10:00:00+05:30,indirapuram_ghaziabad_uppcb,openaq,322.0,804.0,,,,,,,,,,,False
2025-12-14 11:00:00+05:30,indirapuram_ghaziabad_uppcb,openaq,279.0,698.0,,,,,,,,,,,False
2025-12-14 12:00:00+05:30,indirapuram_ghaziabad_uppcb,openaq,222.0,554.0,,,,,,,,,,,False
2025-12-14 13:00:00+05:30,indirapuram_ghaziabad_uppcb,openaq,219.0,546.0,,,,,,,,,,,False
2025-12-14 14:00:00+05:30,indirapuram_ghaziabad_uppcb,openaq,225.0,561.0,,,,,,,,,,,False
2025-12-14 15:00:00+05:30,indirapuram_ghaziabad_uppcb,openaq,208.0,520.0,,,,,,,,,,,False
2025-12-14 16:00:00+05:30,indirapuram_ghaziabad_uppcb,openaq,196.0,489.0,,,,,,,,,,,False
2025-12-14 19:00:00+05:30,indirapuram_ghaziabad_uppcb,openaq,315.0,788.0,,,,,,,,,,,False
2025-12-14 20:00:00+05:30,indirapuram_ghaziabad_uppcb,openaq,344.0,860.0,,,,,,,,,,,False
2025-12-14 21:00:00+05:30,indirapuram_ghaziabad_uppcb,openaq,366.0,914.0,,,,,,,,,,,False
2025-12-14 22:00:00+05:30,indirapuram_ghaziabad_uppcb,openaq,378.0,946.0,,,,,,,,,,,False
2025-12-14 23:00:00+05:30,indirapuram_ghaziabad_uppcb,openaq,385.0,962.0,,,,,,,,,,,False
2025-12-15 01:00:00+05:30,indirapuram_ghaziabad_uppcb,openaq,252.0,630.0,,,,,,,,,,,False
2025-12-15 02:00:00+05:30,indirapuram_ghaziabad_uppcb,openaq,274.0,684.0,,,,,,,,,,,False
2025-12-15 03:00:00+05:30,indirapuram_ghaziabad_uppcb,openaq,336.0,840.0,,,,,,,,,,,False
2025-12-15 04:00:00+05:30,indirapuram_ghaziabad_uppcb,openaq,327.0,816.0,,,,,,,,,,,False
2025-12-15 05:00:00+05:30,indirapuram_ghaziabad_uppcb,openaq,277.0,691.0,,,,,,,,,,,False
2025-12-15 06:00:00+05:30,indirapuram_ghaziabad_uppcb,openaq,255.0,637.0,,,,,,,,,,,False
2025-12-15 07:00:00+05:30,indirapuram_ghaziabad_uppcb,openaq,253.0,631.0,,,,,,,,,,,False
2025-12-15 08:00:00+05:30,indirapuram_ghaziabad_uppcb,openaq,238.0,595.0,,,,,,,,,,,False
2025-12-15 09:00:00+05:30,indirapuram_ghaziabad_uppcb,openaq,215.0,539.0,,,,,,,,,,,False
2025-12-15 12:00:00+05:30,indirapuram_ghaziabad_uppcb,openaq,177.0,443.0,,,,,,,,,,,False
2025-12-15 13:00:00+05:30,indirapuram_ghaziabad_uppcb,openaq,140.0,351.0,,,,,,,,,,,False
2025-12-15 14:00:00+05:30,indirapuram_ghaziabad_uppcb,openaq,110.0,275.0,,,,,,,,,,,False
2025-12-15 15:00:00+05:30,indirapuram_ghaziabad_uppcb,openaq,101.0,251.0,,,,,,,,,,,False
2025-12-15 16:00:00+05:30,indirapuram_ghaziabad_uppcb,openaq,111.0,276.0,,,,,,,,,,,False
2025-12-15 17:00:00+05:30,indirapuram_ghaziabad_uppcb,openaq,132.0,329.0,,,,,,,,,,,False
2025-12-15 18:00:00+05:30,indirapuram_ghaziabad_uppcb,openaq,174.0,434.0,,,,,,,,,,,False
2025-12-15 19:00:00+05:30,indirapuram_ghaziabad_uppcb,openaq,250.0,624.0,,,,,,,,,,,False
2025-12-15 20:00:00+05:30,indirapuram_ghaziabad_uppcb,openaq,295.0,739.0,,,,,,,,,,,False
2025-12-15 21:00:00+05:30,indirapuram_ghaziabad_uppcb,openaq,266.0,665.0,,,,,,,,,,,False
2025-12-15 22:00:00+05:30,indirapuram_ghaziabad_uppcb,openaq,196.0,490.0,,,,,,,,,,,False
2025-12-15 23:00:00+05:30,indirapuram_ghaziabad_uppcb,openaq,161.0,403.0,,,,,,,,,,,False
2025-12-16 01:00:00+05:30,indirapuram_ghaziabad_uppcb,openaq,129.0,321.0,,,,,,,,,,,False
2025-12-16 02:00:00+05:30,indirapuram_ghaziabad_uppcb,openaq,120.0,300.0,,,,,,,,,,,False
2025-12-16 03:00:00+05:30,indirapuram_ghaziabad_uppcb,openaq,114.0,284.0,,,,,,,,,,,False
2025-12-16 04:00:00+05:30,indirapuram_ghaziabad_uppcb,openaq,107.0,267.0,,,,,,,,,,,False
2025-12-16 05:00:00+05:30,indirapuram_ghaziabad_uppcb,openaq,105.0,263.0,,,,,,,,,,,False
2025-12-16 06:00:00+05:30,indirapuram_ghaziabad_uppcb,openaq,114.0,286.0,,,,,,,,,,,False
2025-12-16 07:00:00+05:30,indirapuram_ghaziabad_uppcb,openaq,129.0,323.0,,,,,,,,,,,False
2025-12-16 08:00:00+05:30,indirapuram_ghaziabad_uppcb,openaq,132.0,329.0,,,,,,,,,,,False
2025-12-16 09:00:00+05:30,indirapuram_ghaziabad_uppcb,openaq,127.0,318.0,,,,,,,,,,,False
2025-12-16 10:00:00+05:30,indirapuram_ghaziabad_uppcb,openaq,121.0,303.0,,,,,,,,,,,False
2025-12-16 11:00:00+05:30,indirapuram_ghaziabad_uppcb,openaq,108.0,269.0,,,,,,,,,,,False
2025-12-16 12:00:00+05:30,indirapuram_ghaziabad_uppcb,openaq,91.0,228.0,,,,,,,,,,,False
2025-12-16 13:00:00+05:30,indirapuram_ghaziabad_uppcb,openaq,85.0,214.0,,,,,,,,,,,False
2025-12-16 14:00:00+05:30,indirapuram_ghaziabad_uppcb,openaq,79.3,199.0,,,,,,,,,,,False
2025-12-16 15:00:00+05:30,indirapuram_ghaziabad_uppcb,openaq,78.0,195.0,,,,,,,,,,,False
2025-12-16 16:00:00+05:30,indirapuram_ghaziabad_uppcb,openaq,79.0,198.0,,,,,,,,,,,False
2025-12-16 17:00:00+05:30,indirapuram_ghaziabad_uppcb,openaq,86.0,215.0,,,,,,,,,,,False
2025-12-16 18:00:00+05:30,indirapuram_ghaziabad_uppcb,openaq,98.5,246.0,,,,,,,,,,,False
2025-12-16 19:00:00+05:30,indirapuram_ghaziabad_uppcb,openaq,111.0,279.0,,,,,,,,,,,False
2025-12-16 20:00:00+05:30,indirapuram_ghaziabad_uppcb,openaq,125.0,312.0,,,,,,,,,,,False
2025-12-16 21:00:00+05:30,indirapuram_ghaziabad_uppcb,openaq,134.0,336.0,,,,,,,,,,,False
2025-12-17 01:00:00+05:30,indirapuram_ghaziabad_uppcb,openaq,113.0,281.0,,,,,,,,,,,False
2025-12-17 02:00:00+05:30,indirapuram_ghaziabad_uppcb,openaq,104.0,260.0,,,,,,,,,,,False
2025-12-17 03:00:00+05:30,indirapuram_ghaziabad_uppcb,openaq,103.0,257.0,,,,,,,,,,,False
2025-12-17 04:00:00+05:30,indirapuram_ghaziabad_uppcb,openaq,107.0,268.0,,,,,,,,,,,False
2025-12-17 05:00:00+05:30,indirapuram_ghaziabad_uppcb,openaq,115.0,287.0,,,,,,,,,,,False
2025-12-17 06:00:00+05:30,indirapuram_ghaziabad_uppcb,openaq,117.0,291.0,,,,,,,,,,,False
2025-12-17 07:00:00+05:30,indirapuram_ghaziabad_uppcb,openaq,123.0,308.0,,,,,,,,,,,False
2025-12-17 08:00:00+05:30,indirapuram_ghaziabad_uppcb,openaq,137.0,343.0,,,,,,,,,,,False
2025-12-17 09:00:00+05:30,indirapuram_ghaziabad_uppcb,openaq,139.0,348.0,,,,,,,,,,,False
2025-12-17 10:00:00+05:30,indirapuram_ghaziabad_uppcb,openaq,138.0,345.0,,,,,,,,,,,False
2025-12-17 11:00:00+05:30,indirapuram_ghaziabad_uppcb,openaq,135.0,336.0,,,,,,,,,,,False
2025-12-17 12:00:00+05:30,indirapuram_ghaziabad_uppcb,openaq,119.0,298.0,,,,,,,,,,,False
2025-12-17 13:00:00+05:30,indirapuram_ghaziabad_uppcb,openaq,108.0,269.0,,,,,,,,,,,False
2025-12-17 14:00:00+05:30,indirapuram_ghaziabad_uppcb,openaq,106.0,264.0,,,,,,,,,,,False
2025-12-17 15:00:00+05:30,indirapuram_ghaziabad_uppcb,openaq,95.5,238.0,,,,,,,,,,,False
2025-12-17 16:00:00+05:30,indirapuram_ghaziabad_uppcb,openaq,91.7,228.0,,,,,,,,,,,False
2025-12-17 17:00:00+05:30,indirapuram_ghaziabad_uppcb,openaq,100.0,249.0,,,,,,,,,,,False
2025-12-17 18:00:00+05:30,indirapuram_ghaziabad_uppcb,openaq,125.0,312.0,,,,,,,,,,,False
2025-12-17 19:00:00+05:30,indirapuram_ghaziabad_uppcb,openaq,196.0,488.0,,,,,,,,,,,False
2025-12-17 20:00:00+05:30,indirapuram_ghaziabad_uppcb,openaq,267.0,666.0,,,,,,,,,,,False
2025-12-17 21:00:00+05:30,indirapuram_ghaziabad_uppcb,openaq,254.0,635.0,,,,,,,,,,,False
2025-12-17 22:00:00+05:30,indirapuram_ghaziabad_uppcb,openaq,216.0,539.0,,,,,,,,,,,False
2025-12-17 23:00:00+05:30,indirapuram_ghaziabad_uppcb,openaq,206.0,514.0,,,,,,,,,,,False
2025-12-18 02:00:00+05:30,indirapuram_ghaziabad_uppcb,openaq,210.0,524.0,,,,,,,,,,,False
2025-12-18 03:00:00+05:30,indirapuram_ghaziabad_uppcb,openaq,197.0,491.0,,,,,,,,,,,False
2025-12-18 04:00:00+05:30,indirapuram_ghaziabad_uppcb,openaq,160.0,402.0,,,,,,,,,,,False
2025-12-18 05:00:00+05:30,indirapuram_ghaziabad_uppcb,openaq,130.0,325.0,,,,,,,,,,,False
2025-12-18 06:00:00+05:30,indirapuram_ghaziabad_uppcb,openaq,108.0,270.0,,,,,,,,,,,False
2025-12-18 07:00:00+05:30,indirapuram_ghaziabad_uppcb,openaq,114.0,286.0,,,,,,,,,,,False
2025-12-18 08:00:00+05:30,indirapuram_ghaziabad_uppcb,openaq,128.0,320.0,,,,,,,,,,,False
2025-12-18 09:00:00+05:30,indirapuram_ghaziabad_uppcb,openaq,127.0,317.0,,,,,,,,,,,False
2025-12-18 10:00:00+05:30,indirapuram_ghaziabad_uppcb,openaq,127.0,318.0,,,,,,,,,,,False
2025-12-18 11:00:00+05:30,indirapuram_ghaziabad_uppcb,openaq,125.0,312.0,,,,,,,,,,,False
2025-12-18 12:00:00+05:30,indirapuram_ghaziabad_uppcb,openaq,117.0,292.0,,,,,,,,,,,False
2025-12-18 13:00:00+05:30,indirapuram_ghaziabad_uppcb,openaq,119.0,296.0,,,,,,,,,,,False
2025-12-18 14:00:00+05:30,indirapuram_ghaziabad_uppcb,openaq,126.0,315.0,,,,,,,,,,,False
2025-12-18 15:00:00+05:30,indirapuram_ghaziabad_uppcb,openaq,134.0,334.0,,,,,,,,,,,False
2025-12-18 16:00:00+05:30,indirapuram_ghaziabad_uppcb,openaq,139.0,348.0,,,,,,,,,,,False
2025-12-18 17:00:00+05:30,indirapuram_ghaziabad_uppcb,openaq,142.0,355.0,,,,,,,,,,,False
2025-12-18 18:00:00+05:30,indirapuram_ghaziabad_uppcb,openaq,145.0,363.0,,,,,,,,,,,False
2025-12-18 19:00:00+05:30,indirapuram_ghaziabad_uppcb,openaq,152.0,380.0,,,,,,,,,,,False
2025-12-18 20:00:00+05:30,indirapuram_ghaziabad_uppcb,openaq,165.0,413.0,,,,,,,,,,,False
2025-12-18 21:00:00+05:30,indirapuram_ghaziabad_uppcb,openaq,211.0,527.0,,,,,,,,,,,False
2025-12-18 22:00:00+05:30,indirapuram_ghaziabad_uppcb,openaq,264.0,658.0,,,,,,,,,,,False
2025-12-19 02:00:00+05:30,indirapuram_ghaziabad_uppcb,openaq,199.0,498.0,,,,,,,,,,,False
2025-12-19 03:00:00+05:30,indirapuram_ghaziabad_uppcb,openaq,175.0,436.0,,,,,,,,,,,False
2025-12-19 04:00:00+05:30,indirapuram_ghaziabad_uppcb,openaq,148.0,369.0,,,,,,,,,,,False
2025-12-19 05:00:00+05:30,indirapuram_ghaziabad_uppcb,openaq,136.0,339.0,,,,,,,,,,,False
2025-12-19 06:00:00+05:30,indirapuram_ghaziabad_uppcb,openaq,128.0,320.0,,,,,,,,,,,False
2025-12-19 07:00:00+05:30,indirapuram_ghaziabad_uppcb,openaq,113.0,281.0,,,,,,,,,,,False
2025-12-19 08:00:00+05:30,indirapuram_ghaziabad_uppcb,openaq,114.0,284.0,,,,,,,,,,,False
2025-12-19 09:00:00+05:30,indirapuram_ghaziabad_uppcb,openaq,137.0,343.0,,,,,,,,,,,False
2025-12-19 10:00:00+05:30,indirapuram_ghaziabad_uppcb,openaq,152.0,380.0,,,,,,,,,,,False
2025-12-19 11:00:00+05:30,indirapuram_ghaziabad_uppcb,openaq,155.0,387.0,,,,,,,,,,,False
2025-12-19 12:00:00+05:30,indirapuram_ghaziabad_uppcb,openaq,161.0,402.0,,,,,,,,,,,False
2025-12-19 17:00:00+05:30,indirapuram_ghaziabad_uppcb,openaq,106.0,264.0,,,,,,,,,,,False
2025-12-19 18:00:00+05:30,indirapuram_ghaziabad_uppcb,openaq,127.0,318.0,,,,,,,,,,,False
2025-12-19 19:00:00+05:30,indirapuram_ghaziabad_uppcb,openaq,166.0,414.0,,,,,,,,,,,False
2025-12-19 20:00:00+05:30,indirapuram_ghaziabad_uppcb,openaq,212.0,529.0,,,,,,,,,,,False
2025-12-19 21:00:00+05:30,indirapuram_ghaziabad_uppcb,openaq,284.0,709.0,,,,,,,,,,,False
2025-12-19 22:00:00+05:30,indirapuram_ghaziabad_uppcb,openaq,358.0,894.0,,,,,,,,,,,False
2025-12-19 23:00:00+05:30,indirapuram_ghaziabad_uppcb,openaq,354.0,885.0,,,,,,,,,,,False
2025-12-20 01:00:00+05:30,indirapuram_ghaziabad_uppcb,openaq,253.0,631.0,,,,,,,,,,,False
2025-12-20 02:00:00+05:30,indirapuram_ghaziabad_uppcb,openaq,228.0,570.0,,,,,,,,,,,False
2025-12-20 03:00:00+05:30,indirapuram_ghaziabad_uppcb,openaq,222.0,553.0,,,,,,,,,,,False
2025-12-20 04:00:00+05:30,indirapuram_ghaziabad_uppcb,openaq,224.0,560.0,,,,,,,,,,,False
2025-12-20 05:00:00+05:30,indirapuram_ghaziabad_uppcb,openaq,229.0,574.0,,,,,,,,,,,False
2025-12-20 06:00:00+05:30,indirapuram_ghaziabad_uppcb,openaq,197.0,493.0,,,,,,,,,,,False
2025-12-20 07:00:00+05:30,indirapuram_ghaziabad_uppcb,openaq,158.0,394.0,,,,,,,,,,,False
2025-12-20 08:00:00+05:30,indirapuram_ghaziabad_uppcb,openaq,138.0,343.0,,,,,,,,,,,False
2025-12-20 09:00:00+05:30,indirapuram_ghaziabad_uppcb,openaq,132.0,329.0,,,,,,,,,,,False
2025-12-20 10:00:00+05:30,indirapuram_ghaziabad_uppcb,openaq,128.0,319.0,,,,,,,,,,,False
2025-12-20 11:00:00+05:30,indirapuram_ghaziabad_uppcb,openaq,111.0,276.0,,,,,,,,,,,False
2025-12-20 12:00:00+05:30,indirapuram_ghaziabad_uppcb,openaq,110.0,274.0,,,,,,,,,,,False
2025-12-20 13:00:00+05:30,indirapuram_ghaziabad_uppcb,openaq,130.0,326.0,,,,,,,,,,,False
2025-12-20 14:00:00+05:30,indirapuram_ghaziabad_uppcb,openaq,147.0,368.0,,,,,,,,,,,False
2025-12-20 15:00:00+05:30,indirapuram_ghaziabad_uppcb,openaq,172.0,429.0,,,,,,,,,,,False
2025-12-20 16:00:00+05:30,indirapuram_ghaziabad_uppcb,openaq,185.0,463.0,,,,,,,,,,,False
2025-12-20 17:00:00+05:30,indirapuram_ghaziabad_uppcb,openaq,204.0,509.0,,,,,,,,,,,False
2025-12-20 18:00:00+05:30,indirapuram_ghaziabad_uppcb,openaq,222.0,554.0,,,,,,,,,,,False
2025-12-20 19:00:00+05:30,indirapuram_ghaziabad_uppcb,openaq,233.0,582.0,,,,,,,,,,,False
2025-12-20 20:00:00+05:30,indirapuram_ghaziabad_uppcb,openaq,246.0,615.0,,,,,,,,,,,False
2025-12-20 21:00:00+05:30,indirapuram_ghaziabad_uppcb,openaq,236.0,591.0,,,,,,,,,,,False
2025-12-20 22:00:00+05:30,indirapuram_ghaziabad_uppcb,openaq,223.0,558.0,,,,,,,,,,,False
2025-12-20 23:00:00+05:30,indirapuram_ghaziabad_uppcb,openaq,200.0,499.0,,,,,,,,,,,False
2025-12-21 01:00:00+05:30,indirapuram_ghaziabad_uppcb,openaq,141.0,352.0,,,,,,,,,,,False
2025-12-21 02:00:00+05:30,indirapuram_ghaziabad_uppcb,openaq,130.0,325.0,,,,,,,,,,,False
2025-12-21 03:00:00+05:30,indirapuram_ghaziabad_uppcb,openaq,118.0,296.0,,,,,,,,,,,False
2025-12-21 04:00:00+05:30,indirapuram_ghaziabad_uppcb,openaq,112.0,279.0,,,,,,,,,,,False
2025-12-21 05:00:00+05:30,indirapuram_ghaziabad_uppcb,openaq,106.0,265.0,,,,,,,,,,,False
2025-12-21 06:00:00+05:30,indirapuram_ghaziabad_uppcb,openaq,103.0,257.0,,,,,,,,,,,False
2025-12-21 07:00:00+05:30,indirapuram_ghaziabad_uppcb,openaq,106.0,264.0,,,,,,,,,,,False
2025-12-21 08:00:00+05:30,indirapuram_ghaziabad_uppcb,openaq,115.0,287.0,,,,,,,,,,,False
2025-12-21 09:00:00+05:30,indirapuram_ghaziabad_uppcb,openaq,116.0,289.0,,,,,,,,,,,False
2025-12-21 10:00:00+05:30,indirapuram_ghaziabad_uppcb,openaq,107.0,267.0,,,,,,,,,,,False
2025-12-21 11:00:00+05:30,indirapuram_ghaziabad_uppcb,openaq,109.0,271.0,,,,,,,,,,,False
2025-12-21 12:00:00+05:30,indirapuram_ghaziabad_uppcb,openaq,123.0,308.0,,,,,,,,,,,False
2025-12-21 13:00:00+05:30,indirapuram_ghaziabad_uppcb,openaq,145.0,363.0,,,,,,,,,,,False
2025-12-21 14:00:00+05:30,indirapuram_ghaziabad_uppcb,openaq,164.0,410.0,,,,,,,,,,,False
2025-12-21 15:00:00+05:30,indirapuram_ghaziabad_uppcb,openaq,174.0,435.0,,,,,,,,,,,False
2025-12-21 16:00:00+05:30,indirapuram_ghaziabad_uppcb,openaq,171.0,427.0,,,,,,,,,,,False
2025-12-21 17:00:00+05:30,indirapuram_ghaziabad_uppcb,openaq,154.0,386.0,,,,,,,,,,,False
2025-12-21 18:00:00+05:30,indirapuram_ghaziabad_uppcb,openaq,149.0,372.0,,,,,,,,,,,False
2025-12-21 19:00:00+05:30,indirapuram_ghaziabad_uppcb,openaq,161.0,401.0,,,,,,,,,,,False
2025-12-21 20:00:00+05:30,indirapuram_ghaziabad_uppcb,openaq,174.0,436.0,,,,,,,,,,,False
2025-12-21 21:00:00+05:30,indirapuram_ghaziabad_uppcb,openaq,182.0,455.0,,,,,,,,,,,False
2025-12-21 22:00:00+05:30,indirapuram_ghaziabad_uppcb,openaq,180.0,451.0,,,,,,,,,,,False
2025-12-21 23:00:00+05:30,indirapuram_ghaziabad_uppcb,openaq,169.0,423.0,,,,,,,,,,,False
2025-12-22 01:00:00+05:30,indirapuram_ghaziabad_uppcb,openaq,127.0,318.0,,,,,,,,,,,False
2025-12-22 02:00:00+05:30,indirapuram_ghaziabad_uppcb,openaq,129.0,321.0,,,,,,,,,,,False
2025-12-22 03:00:00+05:30,indirapuram_ghaziabad_uppcb,openaq,131.0,326.0,,,,,,,,,,,False
2025-12-22 04:00:00+05:30,indirapuram_ghaziabad_uppcb,openaq,130.0,324.0,,,,,,,,,,,False
2025-12-22 05:00:00+05:30,indirapuram_ghaziabad_uppcb,openaq,129.0,323.0,,,,,,,,,,,False
2025-12-22 07:00:00+05:30,indirapuram_ghaziabad_uppcb,openaq,123.0,306.0,,,,,,,,,,,False
2025-12-22 08:00:00+05:30,indirapuram_ghaziabad_uppcb,openaq,126.0,313.0,,,,,,,,,,,False
2025-12-22 09:00:00+05:30,indirapuram_ghaziabad_uppcb,openaq,134.0,335.0,,,,,,,,,,,False
2025-12-22 10:00:00+05:30,indirapuram_ghaziabad_uppcb,openaq,148.0,369.0,,,,,,,,,,,False
2025-12-22 11:00:00+05:30,indirapuram_ghaziabad_uppcb,openaq,150.0,377.0,,,,,,,,,,,False
2025-12-22 12:00:00+05:30,indirapuram_ghaziabad_uppcb,openaq,169.0,422.0,,,,,,,,,,,False
2025-12-22 13:00:00+05:30,indirapuram_ghaziabad_uppcb,openaq,195.0,488.0,,,,,,,,,,,False
2025-12-22 14:00:00+05:30,indirapuram_ghaziabad_uppcb,openaq,223.0,558.0,,,,,,,,,,,False
2025-12-22 15:00:00+05:30,indirapuram_ghaziabad_uppcb,openaq,221.0,552.0,,,,,,,,,,,False
2025-12-22 16:00:00+05:30,indirapuram_ghaziabad_uppcb,openaq,216.0,539.0,,,,,,,,,,,False
2025-12-22 17:00:00+05:30,indirapuram_ghaziabad_uppcb,openaq,235.0,588.0,,,,,,,,,,,False
2025-12-22 18:00:00+05:30,indirapuram_ghaziabad_uppcb,openaq,275.0,686.0,,,,,,,,,,,False
2025-12-22 19:00:00+05:30,indirapuram_ghaziabad_uppcb,openaq,387.0,966.0,,,,,,,,,,,False
2025-12-22 20:00:00+05:30,indirapuram_ghaziabad_uppcb,openaq,479.0,1200.0,,,,,,,,,,,False
2025-12-22 21:00:00+05:30,indirapuram_ghaziabad_uppcb,openaq,467.0,1170.0,,,,,,,,,,,False
2025-12-22 22:00:00+05:30,indirapuram_ghaziabad_uppcb,openaq,420.0,1050.0,,,,,,,,,,,False
2025-12-22 23:00:00+05:30,indirapuram_ghaziabad_uppcb,openaq,395.0,988.0,,,,,,,,,,,False
2025-12-23 01:00:00+05:30,indirapuram_ghaziabad_uppcb,openaq,260.0,650.0,,,,,,,,,,,False
2025-12-23 02:00:00+05:30,indirapuram_ghaziabad_uppcb,openaq,216.0,539.0,,,,,,,,,,,False
2025-12-23 03:00:00+05:30,indirapuram_ghaziabad_uppcb,openaq,195.0,486.0,,,,,,,,,,,False
2025-12-23 04:00:00+05:30,indirapuram_ghaziabad_uppcb,openaq,184.0,459.0,,,,,,,,,,,False
2025-12-23 05:00:00+05:30,indirapuram_ghaziabad_uppcb,openaq,179.0,447.0,,,,,,,,,,,False
2025-12-23 06:00:00+05:30,indirapuram_ghaziabad_uppcb,openaq,165.0,413.0,,,,,,,,,,,False
2025-12-23 07:00:00+05:30,indirapuram_ghaziabad_uppcb,openaq,168.0,419.0,,,,,,,,,,,False
2025-12-23 08:00:00+05:30,indirapuram_ghaziabad_uppcb,openaq,141.0,352.0,,,,,,,,,,,False
2025-12-23 09:00:00+05:30,indirapuram_ghaziabad_uppcb,openaq,119.0,297.0,,,,,,,,,,,False
2025-12-23 10:00:00+05:30,indirapuram_ghaziabad_uppcb,openaq,124.0,309.0,,,,,,,,,,,False
2025-12-23 11:00:00+05:30,indirapuram_ghaziabad_uppcb,openaq,137.0,342.0,,,,,,,,,,,False
2025-12-23 12:00:00+05:30,indirapuram_ghaziabad_uppcb,openaq,131.0,328.0,,,,,,,,,,,False
2025-12-23 13:00:00+05:30,indirapuram_ghaziabad_uppcb,openaq,117.0,292.0,,,,,,,,,,,False
2025-12-23 14:00:00+05:30,indirapuram_ghaziabad_uppcb,openaq,107.0,266.0,,,,,,,,,,,False
2025-12-23 16:00:00+05:30,indirapuram_ghaziabad_uppcb,openaq,86.3,216.0,,,,,,,,,,,False
2025-12-23 17:00:00+05:30,indirapuram_ghaziabad_uppcb,openaq,91.5,229.0,,,,,,,,,,,False
2025-12-23 18:00:00+05:30,indirapuram_ghaziabad_uppcb,openaq,112.0,279.0,,,,,,,,,,,False
2025-12-23 19:00:00+05:30,indirapuram_ghaziabad_uppcb,openaq,133.0,333.0,,,,,,,,,,,False
2025-12-23 20:00:00+05:30,indirapuram_ghaziabad_uppcb,openaq,155.0,388.0,,,,,,,,,,,False
2025-12-23 21:00:00+05:30,indirapuram_ghaziabad_uppcb,openaq,154.0,384.0,,,,,,,,,,,False
2025-12-23 22:00:00+05:30,indirapuram_ghaziabad_uppcb,openaq,132.0,328.0,,,,,,,,,,,False
2025-12-23 23:00:00+05:30,indirapuram_ghaziabad_uppcb,openaq,118.0,295.0,,,,,,,,,,,False
2025-12-24 01:00:00+05:30,indirapuram_ghaziabad_uppcb,openaq,83.5,209.0,,,,,,,,,,,False
2025-12-24 02:00:00+05:30,indirapuram_ghaziabad_uppcb,openaq,76.5,191.0,,,,,,,,,,,False
2025-12-24 03:00:00+05:30,indirapuram_ghaziabad_uppcb,openaq,71.0,178.0,,,,,,,,,,,False
2025-12-24 04:00:00+05:30,indirapuram_ghaziabad_uppcb,openaq,65.0,163.0,,,,,,,,,,,False
2025-12-24 05:00:00+05:30,indirapuram_ghaziabad_uppcb,openaq,66.0,166.0,,,,,,,,,,,False
2025-12-24 06:00:00+05:30,indirapuram_ghaziabad_uppcb,openaq,67.0,168.0,,,,,,,,,,,False
2025-12-24 07:00:00+05:30,indirapuram_ghaziabad_uppcb,openaq,66.0,165.0,,,,,,,,,,,False
2025-12-24 08:00:00+05:30,indirapuram_ghaziabad_uppcb,openaq,72.0,181.0,,,,,,,,,,,False
2025-12-24 09:00:00+05:30,indirapuram_ghaziabad_uppcb,openaq,79.0,198.0,,,,,,,,,,,False
2025-12-24 12:00:00+05:30,indirapuram_ghaziabad_uppcb,openaq,65.0,162.0,,,,,,,,,,,False
2025-12-24 15:00:00+05:30,indirapuram_ghaziabad_uppcb,openaq,41.5,104.0,,,,,,,,,,,False
2025-12-24 16:00:00+05:30,indirapuram_ghaziabad_uppcb,openaq,41.0,103.0,,,,,,,,,,,False
2025-12-24 17:00:00+05:30,indirapuram_ghaziabad_uppcb,openaq,51.0,128.0,,,,,,,,,,,False
2025-12-24 18:00:00+05:30,indirapuram_ghaziabad_uppcb,openaq,71.0,177.0,,,,,,,,,,,False
2025-12-24 19:00:00+05:30,indirapuram_ghaziabad_uppcb,openaq,108.0,270.0,,,,,,,,,,,False
2025-12-24 20:00:00+05:30,indirapuram_ghaziabad_uppcb,openaq,172.0,431.0,,,,,,,,,,,False
2025-12-24 21:00:00+05:30,indirapuram_ghaziabad_uppcb,openaq,250.0,625.0,,,,,,,,,,,False
2025-12-24 22:00:00+05:30,indirapuram_ghaziabad_uppcb,openaq,220.0,549.0,,,,,,,,,,,False
2025-12-24 23:00:00+05:30,indirapuram_ghaziabad_uppcb,openaq,179.0,448.0,,,,,,,,,,,False
2025-12-25 01:00:00+05:30,indirapuram_ghaziabad_uppcb,openaq,122.0,306.0,,,,,,,,,,,False
2025-12-25 02:00:00+05:30,indirapuram_ghaziabad_uppcb,openaq,105.0,264.0,,,,,,,,,,,False
2025-12-25 03:00:00+05:30,indirapuram_ghaziabad_uppcb,openaq,92.0,231.0,,,,,,,,,,,False
2025-12-25 04:00:00+05:30,indirapuram_ghaziabad_uppcb,openaq,94.0,235.0,,,,,,,,,,,False
2025-12-25 05:00:00+05:30,indirapuram_ghaziabad_uppcb,openaq,93.0,232.0,,,,,,,,,,,False
2025-12-25 06:00:00+05:30,indirapuram_ghaziabad_uppcb,openaq,79.0,197.0,,,,,,,,,,,False
2025-12-25 07:00:00+05:30,indirapuram_ghaziabad_uppcb,openaq,79.0,197.0,,,,,,,,,,,False
2025-12-25 08:00:00+05:30,indirapuram_ghaziabad_uppcb,openaq,97.0,242.0,,,,,,,,,,,False
2025-12-25 09:00:00+05:30,indirapuram_ghaziabad_uppcb,openaq,102.0,254.0,,,,,,,,,,,False
2025-12-25 10:00:00+05:30,indirapuram_ghaziabad_uppcb,openaq,106.0,266.0,,,,,,,,,,,False
2025-12-25 11:00:00+05:30,indirapuram_ghaziabad_uppcb,openaq,130.0,326.0,,,,,,,,,,,False
2025-12-25 12:00:00+05:30,indirapuram_ghaziabad_uppcb,openaq,139.0,348.0,,,,,,,,,,,False
2025-12-25 13:00:00+05:30,indirapuram_ghaziabad_uppcb,openaq,120.0,300.0,,,,,,,,,,,False
2025-12-25 14:00:00+05:30,indirapuram_ghaziabad_uppcb,openaq,112.0,281.0,,,,,,,,,,,False
2025-12-25 15:00:00+05:30,indirapuram_ghaziabad_uppcb,openaq,103.0,257.0,,,,,,,,,,,False
2025-12-25 16:00:00+05:30,indirapuram_ghaziabad_uppcb,openaq,88.0,220.0,,,,,,,,,,,False
2025-12-25 17:00:00+05:30,indirapuram_ghaziabad_uppcb,openaq,98.5,247.0,,,,,,,,,,,False
2025-12-25 18:00:00+05:30,indirapuram_ghaziabad_uppcb,openaq,142.0,356.0,,,,,,,,,,,False
2025-12-25 19:00:00+05:30,indirapuram_ghaziabad_uppcb,openaq,214.0,535.0,,,,,,,,,,,False
2025-12-25 20:00:00+05:30,indirapuram_ghaziabad_uppcb,openaq,263.0,658.0,,,,,,,,,,,False
2025-12-25 21:00:00+05:30,indirapuram_ghaziabad_uppcb,openaq,286.0,714.0,,,,,,,,,,,False
2025-12-25 22:00:00+05:30,indirapuram_ghaziabad_uppcb,openaq,299.0,748.0,,,,,,,,,,,False
2025-12-25 23:00:00+05:30,indirapuram_ghaziabad_uppcb,openaq,305.0,762.0,,,,,,,,,,,False
2025-12-26 01:00:00+05:30,indirapuram_ghaziabad_uppcb,openaq,226.0,563.0,,,,,,,,,,,False
2025-12-26 02:00:00+05:30,indirapuram_ghaziabad_uppcb,openaq,212.0,530.0,,,,,,,,,,,False
2025-12-26 03:00:00+05:30,indirapuram_ghaziabad_uppcb,openaq,209.0,523.0,,,,,,,,,,,False
2025-12-26 04:00:00+05:30,indirapuram_ghaziabad_uppcb,openaq,212.0,530.0,,,,,,,,,,,False
2025-12-26 05:00:00+05:30,indirapuram_ghaziabad_uppcb,openaq,210.0,525.0,,,,,,,,,,,False
2025-12-26 06:00:00+05:30,indirapuram_ghaziabad_uppcb,openaq,205.0,513.0,,,,,,,,,,,False
2025-12-26 07:00:00+05:30,indirapuram_ghaziabad_uppcb,openaq,205.0,512.0,,,,,,,,,,,False
2025-12-26 08:00:00+05:30,indirapuram_ghaziabad_uppcb,openaq,193.0,482.0,,,,,,,,,,,False
2025-12-26 09:00:00+05:30,indirapuram_ghaziabad_uppcb,openaq,144.0,359.0,,,,,,,,,,,False
2025-12-26 10:00:00+05:30,indirapuram_ghaziabad_uppcb,openaq,100.0,250.0,,,,,,,,,,,False
2025-12-26 11:00:00+05:30,indirapuram_ghaziabad_uppcb,openaq,97.3,243.0,,,,,,,,,,,False
2025-12-26 12:00:00+05:30,indirapuram_ghaziabad_uppcb,openaq,101.0,254.0,,,,,,,,,,,False
2025-12-26 13:00:00+05:30,indirapuram_ghaziabad_uppcb,openaq,90.0,225.0,,,,,,,,,,,False
2025-12-26 14:00:00+05:30,indirapuram_ghaziabad_uppcb,openaq,82.5,206.0,,,,,,,,,,,False
2025-12-26 15:00:00+05:30,indirapuram_ghaziabad_uppcb,openaq,84.5,211.0,,,,,,,,,,,False
2025-12-26 16:00:00+05:30,indirapuram_ghaziabad_uppcb,openaq,96.5,241.0,,,,,,,,,,,False
2025-12-26 17:00:00+05:30,indirapuram_ghaziabad_uppcb,openaq,120.0,300.0,,,,,,,,,,,False
2025-12-26 18:00:00+05:30,indirapuram_ghaziabad_uppcb,openaq,152.0,381.0,,,,,,,,,,,False
2025-12-26 19:00:00+05:30,indirapuram_ghaziabad_uppcb,openaq,187.0,468.0,,,,,,,,,,,False
2025-12-26 20:00:00+05:30,indirapuram_ghaziabad_uppcb,openaq,204.0,510.0,,,,,,,,,,,False
2025-12-26 21:00:00+05:30,indirapuram_ghaziabad_uppcb,openaq,217.0,542.0,,,,,,,,,,,False
2025-12-26 22:00:00+05:30,indirapuram_ghaziabad_uppcb,openaq,230.0,575.0,,,,,,,,,,,False
2025-12-26 23:00:00+05:30,indirapuram_ghaziabad_uppcb,openaq,233.0,584.0,,,,,,,,,,,False
2025-12-27 01:00:00+05:30,indirapuram_ghaziabad_uppcb,openaq,268.0,671.0,,,,,,,,,,,False
2025-12-27 04:00:00+05:30,indirapuram_ghaziabad_uppcb,openaq,197.0,491.0,,,,,,,,,,,False
2025-12-27 05:00:00+05:30,indirapuram_ghaziabad_uppcb,openaq,193.0,481.0,,,,,,,,,,,False
2025-12-27 06:00:00+05:30,indirapuram_ghaziabad_uppcb,openaq,189.0,474.0,,,,,,,,,,,False
2025-12-27 07:00:00+05:30,indirapuram_ghaziabad_uppcb,openaq,214.0,536.0,,,,,,,,,,,False
2025-12-27 08:00:00+05:30,indirapuram_ghaziabad_uppcb,openaq,218.0,546.0,,,,,,,,,,,False
2025-12-27 09:00:00+05:30,indirapuram_ghaziabad_uppcb,openaq,187.0,467.0,,,,,,,,,,,False
2025-12-27 10:00:00+05:30,indirapuram_ghaziabad_uppcb,openaq,175.0,436.0,,,,,,,,,,,False
2025-12-27 11:00:00+05:30,indirapuram_ghaziabad_uppcb,openaq,158.0,395.0,,,,,,,,,,,False
2025-12-27 12:00:00+05:30,indirapuram_ghaziabad_uppcb,openaq,160.0,401.0,,,,,,,,,,,False
2025-12-27 13:00:00+05:30,indirapuram_ghaziabad_uppcb,openaq,147.0,368.0,,,,,,,,,,,False
2025-12-27 14:00:00+05:30,indirapuram_ghaziabad_uppcb,openaq,109.0,273.0,,,,,,,,,,,False
2025-12-27 15:00:00+05:30,indirapuram_ghaziabad_uppcb,openaq,104.0,261.0,,,,,,,,,,,False
2025-12-27 16:00:00+05:30,indirapuram_ghaziabad_uppcb,openaq,110.0,276.0,,,,,,,,,,,False
2025-12-27 17:00:00+05:30,indirapuram_ghaziabad_uppcb,openaq,127.0,317.0,,,,,,,,,,,False
2025-12-27 18:00:00+05:30,indirapuram_ghaziabad_uppcb,openaq,150.0,375.0,,,,,,,,,,,False
2025-12-27 19:00:00+05:30,indirapuram_ghaziabad_uppcb,openaq,188.0,469.0,,,,,,,,,,,False
2025-12-27 20:00:00+05:30,indirapuram_ghaziabad_uppcb,openaq,242.0,606.0,,,,,,,,,,,False
2025-12-27 21:00:00+05:30,indirapuram_ghaziabad_uppcb,openaq,282.0,705.0,,,,,,,,,,,False
2025-12-27 23:00:00+05:30,indirapuram_ghaziabad_uppcb,openaq,292.0,730.0,,,,,,,,,,,False
2025-12-28 01:00:00+05:30,indirapuram_ghaziabad_uppcb,openaq,247.0,617.0,,,,,,,,,,,False
2025-12-28 02:00:00+05:30,indirapuram_ghaziabad_uppcb,openaq,214.0,535.0,,,,,,,,,,,False
2025-12-28 03:00:00+05:30,indirapuram_ghaziabad_uppcb,openaq,203.0,506.0,,,,,,,,,,,False
2025-12-28 04:00:00+05:30,indirapuram_ghaziabad_uppcb,openaq,204.0,511.0,,,,,,,,,,,False
2025-12-28 05:00:00+05:30,indirapuram_ghaziabad_uppcb,openaq,203.0,508.0,,,,,,,,,,,False
2025-12-28 06:00:00+05:30,indirapuram_ghaziabad_uppcb,openaq,199.0,496.0,,,,,,,,,,,False
2025-12-28 07:00:00+05:30,indirapuram_ghaziabad_uppcb,openaq,201.0,502.0,,,,,,,,,,,False
2025-12-28 08:00:00+05:30,indirapuram_ghaziabad_uppcb,openaq,205.0,512.0,,,,,,,,,,,False
2025-12-28 09:00:00+05:30,indirapuram_ghaziabad_uppcb,openaq,190.0,473.0,,,,,,,,,,,False
2025-12-28 10:00:00+05:30,indirapuram_ghaziabad_uppcb,openaq,161.0,403.0,,,,,,,,,,,False
2025-12-28 11:00:00+05:30,indirapuram_ghaziabad_uppcb,openaq,153.0,381.0,,,,,,,,,,,False
2025-12-28 12:00:00+05:30,indirapuram_ghaziabad_uppcb,openaq,193.0,481.0,,,,,,,,,,,False
2025-12-28 13:00:00+05:30,indirapuram_ghaziabad_uppcb,openaq,204.0,509.0,,,,,,,,,,,False
2025-12-28 14:00:00+05:30,indirapuram_ghaziabad_uppcb,openaq,179.0,446.0,,,,,,,,,,,False
2025-12-28 15:00:00+05:30,indirapuram_ghaziabad_uppcb,openaq,172.0,431.0,,,,,,,,,,,False
2025-12-28 18:00:00+05:30,indirapuram_ghaziabad_uppcb,openaq,139.0,347.0,,,,,,,,,,,False
2025-12-28 19:00:00+05:30,indirapuram_ghaziabad_uppcb,openaq,156.0,390.0,,,,,,,,,,,False
2025-12-28 20:00:00+05:30,indirapuram_ghaziabad_uppcb,openaq,166.0,415.0,,,,,,,,,,,False
2025-12-28 21:00:00+05:30,indirapuram_ghaziabad_uppcb,openaq,187.0,466.0,,,,,,,,,,,False
2025-12-28 22:00:00+05:30,indirapuram_ghaziabad_uppcb,openaq,235.0,587.0,,,,,,,,,,,False
2025-12-28 23:00:00+05:30,indirapuram_ghaziabad_uppcb,openaq,267.0,668.0,,,,,,,,,,,False
2025-12-29 01:00:00+05:30,indirapuram_ghaziabad_uppcb,openaq,214.0,536.0,,,,,,,,,,,False
2025-12-29 02:00:00+05:30,indirapuram_ghaziabad_uppcb,openaq,164.0,410.0,,,,,,,,,,,False
2025-12-29 03:00:00+05:30,indirapuram_ghaziabad_uppcb,openaq,150.0,375.0,,,,,,,,,,,False
2025-12-29 04:00:00+05:30,indirapuram_ghaziabad_uppcb,openaq,141.0,351.0,,,,,,,,,,,False
2025-12-29 05:00:00+05:30,indirapuram_ghaziabad_uppcb,openaq,135.0,337.0,,,,,,,,,,,False
2025-12-29 06:00:00+05:30,indirapuram_ghaziabad_uppcb,openaq,127.0,318.0,,,,,,,,,,,False
2025-12-29 07:00:00+05:30,indirapuram_ghaziabad_uppcb,openaq,121.0,301.0,,,,,,,,,,,False
2025-12-29 08:00:00+05:30,indirapuram_ghaziabad_uppcb,openaq,136.0,339.0,,,,,,,,,,,False
2025-12-29 09:00:00+05:30,indirapuram_ghaziabad_uppcb,openaq,154.0,384.0,,,,,,,,,,,False
2025-12-29 10:00:00+05:30,indirapuram_ghaziabad_uppcb,openaq,159.0,397.0,,,,,,,,,,,False
2025-12-29 11:00:00+05:30,indirapuram_ghaziabad_uppcb,openaq,165.0,413.0,,,,,,,,,,,False
2025-12-29 12:00:00+05:30,indirapuram_ghaziabad_uppcb,openaq,158.0,394.0,,,,,,,,,,,False
2025-12-29 13:00:00+05:30,indirapuram_ghaziabad_uppcb,openaq,149.0,371.0,,,,,,,,,,,False
2025-12-29 16:00:00+05:30,indirapuram_ghaziabad_uppcb,openaq,160.0,399.0,,,,,,,,,,,False
2025-12-29 17:00:00+05:30,indirapuram_ghaziabad_uppcb,openaq,168.0,420.0,,,,,,,,,,,False
2025-12-29 18:00:00+05:30,indirapuram_ghaziabad_uppcb,openaq,177.0,444.0,,,,,,,,,,,False
2025-12-29 19:00:00+05:30,indirapuram_ghaziabad_uppcb,openaq,172.0,431.0,,,,,,,,,,,False
2025-12-29 20:00:00+05:30,indirapuram_ghaziabad_uppcb,openaq,178.0,445.0,,,,,,,,,,,False
2025-12-29 21:00:00+05:30,indirapuram_ghaziabad_uppcb,openaq,180.0,449.0,,,,,,,,,,,False
2025-12-29 22:00:00+05:30,indirapuram_ghaziabad_uppcb,openaq,180.0,449.0,,,,,,,,,,,False
2025-12-29 23:00:00+05:30,indirapuram_ghaziabad_uppcb,openaq,178.0,446.0,,,,,,,,,,,False
2025-12-30 02:00:00+05:30,indirapuram_ghaziabad_uppcb,openaq,206.0,515.0,,,,,,,,,,,False
2025-12-30 03:00:00+05:30,indirapuram_ghaziabad_uppcb,openaq,214.0,534.0,,,,,,,,,,,False
2025-12-30 04:00:00+05:30,indirapuram_ghaziabad_uppcb,openaq,172.0,430.0,,,,,,,,,,,False
2025-12-30 05:00:00+05:30,indirapuram_ghaziabad_uppcb,openaq,160.0,399.0,,,,,,,,,,,False
2025-12-30 06:00:00+05:30,indirapuram_ghaziabad_uppcb,openaq,183.0,458.0,,,,,,,,,,,False
2025-12-30 07:00:00+05:30,indirapuram_ghaziabad_uppcb,openaq,192.0,480.0,,,,,,,,,,,False
2025-12-30 09:00:00+05:30,indirapuram_ghaziabad_uppcb,openaq,184.0,459.0,,,,,,,,,,,False
2025-12-30 10:00:00+05:30,indirapuram_ghaziabad_uppcb,openaq,190.0,476.0,,,,,,,,,,,False
2025-12-30 11:00:00+05:30,indirapuram_ghaziabad_uppcb,openaq,188.0,470.0,,,,,,,,,,,False
2025-12-30 12:00:00+05:30,indirapuram_ghaziabad_uppcb,openaq,179.0,446.0,,,,,,,,,,,False
2025-12-30 15:00:00+05:30,indirapuram_ghaziabad_uppcb,openaq,191.0,477.0,,,,,,,,,,,False
2025-12-30 16:00:00+05:30,indirapuram_ghaziabad_uppcb,openaq,109.0,273.0,,,,,,,,,,,False
2025-12-30 17:00:00+05:30,indirapuram_ghaziabad_uppcb,openaq,122.0,306.0,,,,,,,,,,,False
2025-12-30 18:00:00+05:30,indirapuram_ghaziabad_uppcb,openaq,178.0,444.0,,,,,,,,,,,False
2025-12-30 19:00:00+05:30,indirapuram_ghaziabad_uppcb,openaq,203.0,508.0,,,,,,,,,,,False
2025-12-30 20:00:00+05:30,indirapuram_ghaziabad_uppcb,openaq,173.0,431.0,,,,,,,,,,,False
2025-12-30 21:00:00+05:30,indirapuram_ghaziabad_uppcb,openaq,166.0,415.0,,,,,,,,,,,False
2025-12-30 22:00:00+05:30,indirapuram_ghaziabad_uppcb,openaq,174.0,436.0,,,,,,,,,,,False
2025-12-31 01:00:00+05:30,indirapuram_ghaziabad_uppcb,openaq,173.0,431.0,,,,,,,,,,,False
2025-12-31 02:00:00+05:30,indirapuram_ghaziabad_uppcb,openaq,172.0,428.0,,,,,,,,,,,False
2025-12-31 03:00:00+05:30,indirapuram_ghaziabad_uppcb,openaq,161.0,402.0,,,,,,,,,,,False
2025-12-31 04:00:00+05:30,indirapuram_ghaziabad_uppcb,openaq,125.0,312.0,,,,,,,,,,,False
2025-12-31 05:00:00+05:30,indirapuram_ghaziabad_uppcb,openaq,136.0,341.0,,,,,,,,,,,False
2025-12-31 06:00:00+05:30,indirapuram_ghaziabad_uppcb,openaq,145.0,364.0,,,,,,,,,,,False
2025-12-31 07:00:00+05:30,indirapuram_ghaziabad_uppcb,openaq,107.0,268.0,,,,,,,,,,,False
2025-12-31 08:00:00+05:30,indirapuram_ghaziabad_uppcb,openaq,84.0,210.0,,,,,,,,,,,False
2025-12-31 09:00:00+05:30,indirapuram_ghaziabad_uppcb,openaq,81.5,204.0,,,,,,,,,,,False
2025-12-31 10:00:00+05:30,indirapuram_ghaziabad_uppcb,openaq,87.5,219.0,,,,,,,,,,,False
2025-12-31 11:00:00+05:30,indirapuram_ghaziabad_uppcb,openaq,86.3,216.0,,,,,,,,,,,False
2025-12-31 12:00:00+05:30,indirapuram_ghaziabad_uppcb,openaq,88.5,221.0,,,,,,,,,,,False
2025-12-31 13:00:00+05:30,indirapuram_ghaziabad_uppcb,openaq,98.0,245.0,,,,,,,,,,,False
2025-12-31 14:00:00+05:30,indirapuram_ghaziabad_uppcb,openaq,109.0,272.0,,,,,,,,,,,False
2025-12-31 15:00:00+05:30,indirapuram_ghaziabad_uppcb,openaq,117.0,291.0,,,,,,,,,,,False
2025-12-31 16:00:00+05:30,indirapuram_ghaziabad_uppcb,openaq,124.0,309.0,,,,,,,,,,,False
2025-12-31 17:00:00+05:30,indirapuram_ghaziabad_uppcb,openaq,137.0,343.0,,,,,,,,,,,False
2025-12-31 18:00:00+05:30,indirapuram_ghaziabad_uppcb,openaq,157.0,392.0,,,,,,,,,,,False
2025-12-31 19:00:00+05:30,indirapuram_ghaziabad_uppcb,openaq,172.0,430.0,,,,,,,,,,,False
2025-12-31 20:00:00+05:30,indirapuram_ghaziabad_uppcb,openaq,176.0,440.0,,,,,,,,,,,False
2025-12-31 21:00:00+05:30,indirapuram_ghaziabad_uppcb,openaq,163.0,407.0,,,,,,,,,,,False
2025-12-31 22:00:00+05:30,indirapuram_ghaziabad_uppcb,openaq,155.0,386.0,,,,,,,,,,,False
2026-01-01 01:00:00+05:30,indirapuram_ghaziabad_uppcb,openaq,133.0,333.0,,,,,,,,,,,False
2026-01-01 02:00:00+05:30,indirapuram_ghaziabad_uppcb,openaq,128.0,320.0,,,,,,,,,,,False
2026-01-01 03:00:00+05:30,indirapuram_ghaziabad_uppcb,openaq,128.0,319.0,,,,,,,,,,,False
2026-01-01 04:00:00+05:30,indirapuram_ghaziabad_uppcb,openaq,121.0,303.0,,,,,,,,,,,False
2026-01-01 05:00:00+05:30,indirapuram_ghaziabad_uppcb,openaq,107.0,268.0,,,,,,,,,,,False
2026-01-01 06:00:00+05:30,indirapuram_ghaziabad_uppcb,openaq,101.0,252.0,,,,,,,,,,,False
2026-01-01 07:00:00+05:30,indirapuram_ghaziabad_uppcb,openaq,102.0,254.0,,,,,,,,,,,False
2026-01-01 08:00:00+05:30,indirapuram_ghaziabad_uppcb,openaq,99.0,248.0,,,,,,,,,,,False
2026-01-01 09:00:00+05:30,indirapuram_ghaziabad_uppcb,openaq,94.5,237.0,,,,,,,,,,,False
2026-01-01 10:00:00+05:30,indirapuram_ghaziabad_uppcb,openaq,94.5,236.0,,,,,,,,,,,False
2026-01-01 11:00:00+05:30,indirapuram_ghaziabad_uppcb,openaq,98.0,245.0,,,,,,,,,,,False
2026-01-01 12:00:00+05:30,indirapuram_ghaziabad_uppcb,openaq,102.0,256.0,,,,,,,,,,,False
2026-01-01 13:00:00+05:30,indirapuram_ghaziabad_uppcb,openaq,110.0,275.0,,,,,,,,,,,False
2026-01-01 14:00:00+05:30,indirapuram_ghaziabad_uppcb,openaq,115.0,287.0,,,,,,,,,,,False
2026-01-01 15:00:00+05:30,indirapuram_ghaziabad_uppcb,openaq,118.0,295.0,,,,,,,,,,,False
2026-01-01 16:00:00+05:30,indirapuram_ghaziabad_uppcb,openaq,128.0,319.0,,,,,,,,,,,False
2026-01-01 17:00:00+05:30,indirapuram_ghaziabad_uppcb,openaq,144.0,361.0,,,,,,,,,,,False
2026-01-01 18:00:00+05:30,indirapuram_ghaziabad_uppcb,openaq,154.0,384.0,,,,,,,,,,,False
2026-01-01 19:00:00+05:30,indirapuram_ghaziabad_uppcb,openaq,175.0,436.0,,,,,,,,,,,False
2026-01-01 20:00:00+05:30,indirapuram_ghaziabad_uppcb,openaq,184.0,459.0,,,,,,,,,,,False
2026-01-01 21:00:00+05:30,indirapuram_ghaziabad_uppcb,openaq,159.0,398.0,,,,,,,,,,,False
2026-01-01 22:00:00+05:30,indirapuram_ghaziabad_uppcb,openaq,136.0,340.0,,,,,,,,,,,False
2026-01-01 23:00:00+05:30,indirapuram_ghaziabad_uppcb,openaq,124.0,309.0,,,,,,,,,,,False
2026-01-02 01:00:00+05:30,indirapuram_ghaziabad_uppcb,openaq,72.0,180.0,,,,,,,,,,,False
2026-01-02 02:00:00+05:30,indirapuram_ghaziabad_uppcb,openaq,43.0,108.0,,,,,,,,,,,False
2026-01-02 03:00:00+05:30,indirapuram_ghaziabad_uppcb,openaq,43.5,110.0,,,,,,,,,,,False
2026-01-02 04:00:00+05:30,indirapuram_ghaziabad_uppcb,openaq,46.0,116.0,,,,,,,,,,,False
2026-01-02 05:00:00+05:30,indirapuram_ghaziabad_uppcb,openaq,46.0,115.0,,,,,,,,,,,False
2026-01-02 06:00:00+05:30,indirapuram_ghaziabad_uppcb,openaq,49.5,124.0,,,,,,,,,,,False
2026-01-02 07:00:00+05:30,indirapuram_ghaziabad_uppcb,openaq,54.0,135.0,,,,,,,,,,,False
2026-01-02 08:00:00+05:30,indirapuram_ghaziabad_uppcb,openaq,55.5,139.0,,,,,,,,,,,False
2026-01-02 09:00:00+05:30,indirapuram_ghaziabad_uppcb,openaq,56.0,141.0,,,,,,,,,,,False
2026-01-02 10:00:00+05:30,indirapuram_ghaziabad_uppcb,openaq,51.0,128.0,,,,,,,,,,,False
2026-01-02 11:00:00+05:30,indirapuram_ghaziabad_uppcb,openaq,49.0,122.0,,,,,,,,,,,False
2026-01-02 12:00:00+05:30,indirapuram_ghaziabad_uppcb,openaq,53.0,133.0,,,,,,,,,,,False
2026-01-02 13:00:00+05:30,indirapuram_ghaziabad_uppcb,openaq,57.3,143.0,,,,,,,,,,,False
2026-01-02 16:00:00+05:30,indirapuram_ghaziabad_uppcb,openaq,60.5,151.0,,,,,,,,,,,False
2026-01-02 17:00:00+05:30,indirapuram_ghaziabad_uppcb,openaq,60.5,151.0,,,,,,,,,,,False
2026-01-02 18:00:00+05:30,indirapuram_ghaziabad_uppcb,openaq,63.5,158.0,,,,,,,,,,,False
2026-01-02 19:00:00+05:30,indirapuram_ghaziabad_uppcb,openaq,73.0,182.0,,,,,,,,,,,False
2026-01-02 20:00:00+05:30,indirapuram_ghaziabad_uppcb,openaq,79.0,197.0,,,,,,,,,,,False
2026-01-02 21:00:00+05:30,indirapuram_ghaziabad_uppcb,openaq,82.0,205.0,,,,,,,,,,,False
2026-01-02 22:00:00+05:30,indirapuram_ghaziabad_uppcb,openaq,80.5,201.0,,,,,,,,,,,False
2026-01-02 23:00:00+05:30,indirapuram_ghaziabad_uppcb,openaq,75.0,187.0,,,,,,,,,,,False
2026-01-03 02:00:00+05:30,indirapuram_ghaziabad_uppcb,openaq,88.5,221.0,,,,,,,,,,,False
2026-01-03 03:00:00+05:30,indirapuram_ghaziabad_uppcb,openaq,94.0,235.0,,,,,,,,,,,False
2026-01-03 04:00:00+05:30,indirapuram_ghaziabad_uppcb,openaq,99.3,248.0,,,,,,,,,,,False
2026-01-03 05:00:00+05:30,indirapuram_ghaziabad_uppcb,openaq,101.0,251.0,,,,,,,,,,,False
2026-01-03 06:00:00+05:30,indirapuram_ghaziabad_uppcb,openaq,98.5,247.0,,,,,,,,,,,False
2026-01-03 07:00:00+05:30,indirapuram_ghaziabad_uppcb,openaq,78.0,195.0,,,,,,,,,,,False
2026-01-03 08:00:00+05:30,indirapuram_ghaziabad_uppcb,openaq,65.5,164.0,,,,,,,,,,,False
2026-01-03 09:00:00+05:30,indirapuram_ghaziabad_uppcb,openaq,64.5,161.0,,,,,,,,,,,False
2026-01-03 10:00:00+05:30,indirapuram_ghaziabad_uppcb,openaq,59.5,149.0,,,,,,,,,,,False
2026-01-03 11:00:00+05:30,indirapuram_ghaziabad_uppcb,openaq,56.5,142.0,,,,,,,,,,,False
2026-01-03 12:00:00+05:30,indirapuram_ghaziabad_uppcb,openaq,63.5,159.0,,,,,,,,,,,False
2026-01-03 13:00:00+05:30,indirapuram_ghaziabad_uppcb,openaq,73.5,184.0,,,,,,,,,,,False
2026-01-03 14:00:00+05:30,indirapuram_ghaziabad_uppcb,openaq,81.5,204.0,,,,,,,,,,,False
2026-01-03 15:00:00+05:30,indirapuram_ghaziabad_uppcb,openaq,91.5,229.0,,,,,,,,,,,False
2026-01-03 16:00:00+05:30,indirapuram_ghaziabad_uppcb,openaq,91.5,228.0,,,,,,,,,,,False
2026-01-03 17:00:00+05:30,indirapuram_ghaziabad_uppcb,openaq,90.5,226.0,,,,,,,,,,,False
2026-01-03 18:00:00+05:30,indirapuram_ghaziabad_uppcb,openaq,113.0,281.0,,,,,,,,,,,False
2026-01-03 19:00:00+05:30,indirapuram_ghaziabad_uppcb,openaq,125.0,311.0,,,,,,,,,,,False
2026-01-03 20:00:00+05:30,indirapuram_ghaziabad_uppcb,openaq,129.0,323.0,,,,,,,,,,,False
2026-01-03 21:00:00+05:30,indirapuram_ghaziabad_uppcb,openaq,128.0,320.0,,,,,,,,,,,False
2026-01-03 22:00:00+05:30,indirapuram_ghaziabad_uppcb,openaq,122.0,306.0,,,,,,,,,,,False
2026-01-03 23:00:00+05:30,indirapuram_ghaziabad_uppcb,openaq,118.0,296.0,,,,,,,,,,,False
2026-01-04 01:00:00+05:30,indirapuram_ghaziabad_uppcb,openaq,110.0,274.0,,,,,,,,,,,False
2026-01-04 02:00:00+05:30,indirapuram_ghaziabad_uppcb,openaq,110.0,276.0,,,,,,,,,,,False
2026-01-04 03:00:00+05:30,indirapuram_ghaziabad_uppcb,openaq,111.0,278.0,,,,,,,,,,,False
2026-01-04 04:00:00+05:30,indirapuram_ghaziabad_uppcb,openaq,111.0,278.0,,,,,,,,,,,False
2026-01-04 05:00:00+05:30,indirapuram_ghaziabad_uppcb,openaq,111.0,276.0,,,,,,,,,,,False
2026-01-04 06:00:00+05:30,indirapuram_ghaziabad_uppcb,openaq,111.0,277.0,,,,,,,,,,,False
2026-01-04 07:00:00+05:30,indirapuram_ghaziabad_uppcb,openaq,112.0,278.0,,,,,,,,,,,False
2026-01-04 08:00:00+05:30,indirapuram_ghaziabad_uppcb,openaq,111.0,278.0,,,,,,,,,,,False
2026-01-04 09:00:00+05:30,indirapuram_ghaziabad_uppcb,openaq,109.0,272.0,,,,,,,,,,,False
2026-01-04 10:00:00+05:30,indirapuram_ghaziabad_uppcb,openaq,109.0,272.0,,,,,,,,,,,False
2026-01-04 11:00:00+05:30,indirapuram_ghaziabad_uppcb,openaq,107.0,266.0,,,,,,,,,,,False
2026-01-04 12:00:00+05:30,indirapuram_ghaziabad_uppcb,openaq,93.3,233.0,,,,,,,,,,,False
2026-01-04 13:00:00+05:30,indirapuram_ghaziabad_uppcb,openaq,80.5,201.0,,,,,,,,,,,False
2026-01-04 14:00:00+05:30,indirapuram_ghaziabad_uppcb,openaq,87.5,218.0,,,,,,,,,,,False
2026-01-04 15:00:00+05:30,indirapuram_ghaziabad_uppcb,openaq,90.0,225.0,,,,,,,,,,,False
2026-01-04 16:00:00+05:30,indirapuram_ghaziabad_uppcb,openaq,93.0,234.0,,,,,,,,,,,False
2026-01-04 17:00:00+05:30,indirapuram_ghaziabad_uppcb,openaq,90.0,226.0,,,,,,,,,,,False
2026-01-04 18:00:00+05:30,indirapuram_ghaziabad_uppcb,openaq,81.3,204.0,,,,,,,,,,,False
2026-01-04 19:00:00+05:30,indirapuram_ghaziabad_uppcb,openaq,78.5,197.0,,,,,,,,,,,False
2026-01-04 20:00:00+05:30,indirapuram_ghaziabad_uppcb,openaq,78.5,197.0,,,,,,,,,,,False
2026-01-04 21:00:00+05:30,indirapuram_ghaziabad_uppcb,openaq,73.0,183.0,,,,,,,,,,,False
2026-01-04 23:00:00+05:30,indirapuram_ghaziabad_uppcb,openaq,66.7,166.0,,,,,,,,,,,False
2026-01-05 01:00:00+05:30,indirapuram_ghaziabad_uppcb,openaq,61.0,154.0,,,,,,,,,,,False
2026-01-05 02:00:00+05:30,indirapuram_ghaziabad_uppcb,openaq,64.0,161.0,,,,,,,,,,,False
2026-01-05 03:00:00+05:30,indirapuram_ghaziabad_uppcb,openaq,63.0,159.0,,,,,,,,,,,False
2026-01-05 04:00:00+05:30,indirapuram_ghaziabad_uppcb,openaq,65.5,164.0,,,,,,,,,,,False
2026-01-05 05:00:00+05:30,indirapuram_ghaziabad_uppcb,openaq,73.0,182.0,,,,,,,,,,,False
2026-01-05 06:00:00+05:30,indirapuram_ghaziabad_uppcb,openaq,81.5,204.0,,,,,,,,,,,False
2026-01-05 07:00:00+05:30,indirapuram_ghaziabad_uppcb,openaq,85.5,214.0,,,,,,,,,,,False
2026-01-05 08:00:00+05:30,indirapuram_ghaziabad_uppcb,openaq,91.5,229.0,,,,,,,,,,,False
2026-01-05 09:00:00+05:30,indirapuram_ghaziabad_uppcb,openaq,93.0,233.0,,,,,,,,,,,False
2026-01-05 10:00:00+05:30,indirapuram_ghaziabad_uppcb,openaq,97.5,244.0,,,,,,,,,,,False
2026-01-05 11:00:00+05:30,indirapuram_ghaziabad_uppcb,openaq,104.0,259.0,,,,,,,,,,,False
2026-01-05 12:00:00+05:30,indirapuram_ghaziabad_uppcb,openaq,98.0,245.0,,,,,,,,,,,False
2026-01-05 13:00:00+05:30,indirapuram_ghaziabad_uppcb,openaq,97.3,243.0,,,,,,,,,,,False
2026-01-05 14:00:00+05:30,indirapuram_ghaziabad_uppcb,openaq,98.5,246.0,,,,,,,,,,,False
2026-01-05 15:00:00+05:30,indirapuram_ghaziabad_uppcb,openaq,95.0,238.0,,,,,,,,,,,False
2026-01-05 16:00:00+05:30,indirapuram_ghaziabad_uppcb,openaq,92.0,230.0,,,,,,,,,,,False
2026-01-05 17:00:00+05:30,indirapuram_ghaziabad_uppcb,openaq,96.5,242.0,,,,,,,,,,,False
2026-01-05 18:00:00+05:30,indirapuram_ghaziabad_uppcb,openaq,116.0,289.0,,,,,,,,,,,False
2026-01-05 19:00:00+05:30,indirapuram_ghaziabad_uppcb,openaq,132.0,330.0,,,,,,,,,,,False
2026-01-05 20:00:00+05:30,indirapuram_ghaziabad_uppcb,openaq,134.0,333.0,,,,,,,,,,,False
2026-01-05 21:00:00+05:30,indirapuram_ghaziabad_uppcb,openaq,134.0,334.0,,,,,,,,,,,False
2026-01-05 22:00:00+05:30,indirapuram_ghaziabad_uppcb,openaq,146.0,363.0,,,,,,,,,,,False
2026-01-05 23:00:00+05:30,indirapuram_ghaziabad_uppcb,openaq,143.0,357.0,,,,,,,,,,,False
2026-01-06 01:00:00+05:30,indirapuram_ghaziabad_uppcb,openaq,114.0,285.0,,,,,,,,,,,False
2026-01-06 02:00:00+05:30,indirapuram_ghaziabad_uppcb,openaq,98.5,246.0,,,,,,,,,,,False
2026-01-06 03:00:00+05:30,indirapuram_ghaziabad_uppcb,openaq,82.5,206.0,,,,,,,,,,,False
2026-01-06 04:00:00+05:30,indirapuram_ghaziabad_uppcb,openaq,81.0,202.0,,,,,,,,,,,False
2026-01-06 05:00:00+05:30,indirapuram_ghaziabad_uppcb,openaq,82.0,205.0,,,,,,,,,,,False
2026-01-06 06:00:00+05:30,indirapuram_ghaziabad_uppcb,openaq,83.5,209.0,,,,,,,,,,,False
2026-01-06 07:00:00+05:30,indirapuram_ghaziabad_uppcb,openaq,88.5,221.0,,,,,,,,,,,False
2026-01-06 08:00:00+05:30,indirapuram_ghaziabad_uppcb,openaq,96.0,240.0,,,,,,,,,,,False
2026-01-06 09:00:00+05:30,indirapuram_ghaziabad_uppcb,openaq,108.0,270.0,,,,,,,,,,,False
2026-01-06 10:00:00+05:30,indirapuram_ghaziabad_uppcb,openaq,121.0,304.0,,,,,,,,,,,False
2026-01-06 11:00:00+05:30,indirapuram_ghaziabad_uppcb,openaq,127.0,318.0,,,,,,,,,,,False
2026-01-06 12:00:00+05:30,indirapuram_ghaziabad_uppcb,openaq,117.0,291.0,,,,,,,,,,,False
2026-01-06 13:00:00+05:30,indirapuram_ghaziabad_uppcb,openaq,114.0,284.0,,,,,,,,,,,False
2026-01-06 14:00:00+05:30,indirapuram_ghaziabad_uppcb,openaq,116.0,290.0,,,,,,,,,,,False
2026-01-06 15:00:00+05:30,indirapuram_ghaziabad_uppcb,openaq,116.0,291.0,,,,,,,,,,,False
2026-01-06 16:00:00+05:30,indirapuram_ghaziabad_uppcb,openaq,115.0,288.0,,,,,,,,,,,False
2026-01-06 17:00:00+05:30,indirapuram_ghaziabad_uppcb,openaq,114.0,285.0,,,,,,,,,,,False
2026-01-06 18:00:00+05:30,indirapuram_ghaziabad_uppcb,openaq,120.0,299.0,,,,,,,,,,,False
2026-01-06 19:00:00+05:30,indirapuram_ghaziabad_uppcb,openaq,129.0,321.0,,,,,,,,,,,False
2026-01-06 20:00:00+05:30,indirapuram_ghaziabad_uppcb,openaq,128.0,319.0,,,,,,,,,,,False
2026-01-06 21:00:00+05:30,indirapuram_ghaziabad_uppcb,openaq,118.0,294.0,,,,,,,,,,,False
2026-01-06 22:00:00+05:30,indirapuram_ghaziabad_uppcb,openaq,115.0,288.0,,,,,,,,,,,False
2026-01-06 23:00:00+05:30,indirapuram_ghaziabad_uppcb,openaq,118.0,296.0,,,,,,,,,,,False
2026-01-07 01:00:00+05:30,indirapuram_ghaziabad_uppcb,openaq,90.3,225.0,,,,,,,,,,,False
2026-01-07 02:00:00+05:30,indirapuram_ghaziabad_uppcb,openaq,77.0,193.0,,,,,,,,,,,False
2026-01-07 03:00:00+05:30,indirapuram_ghaziabad_uppcb,openaq,73.0,183.0,,,,,,,,,,,False
2026-01-07 04:00:00+05:30,indirapuram_ghaziabad_uppcb,openaq,72.0,180.0,,,,,,,,,,,False
2026-01-07 05:00:00+05:30,indirapuram_ghaziabad_uppcb,openaq,68.0,170.0,,,,,,,,,,,False
2026-01-07 06:00:00+05:30,indirapuram_ghaziabad_uppcb,openaq,63.5,159.0,,,,,,,,,,,False
2026-01-07 07:00:00+05:30,indirapuram_ghaziabad_uppcb,openaq,68.5,172.0,,,,,,,,,,,False
2026-01-07 08:00:00+05:30,indirapuram_ghaziabad_uppcb,openaq,77.5,194.0,,,,,,,,,,,False
2026-01-07 09:00:00+05:30,indirapuram_ghaziabad_uppcb,openaq,83.5,209.0,,,,,,,,,,,False
2026-01-07 10:00:00+05:30,indirapuram_ghaziabad_uppcb,openaq,87.7,220.0,,,,,,,,,,,False
2026-01-07 11:00:00+05:30,indirapuram_ghaziabad_uppcb,openaq,103.0,258.0,,,,,,,,,,,False
2026-01-07 12:00:00+05:30,indirapuram_ghaziabad_uppcb,openaq,119.0,297.0,,,,,,,,,,,False
2026-01-07 13:00:00+05:30,indirapuram_ghaziabad_uppcb,openaq,122.0,305.0,,,,,,,,,,,False
2026-01-07 14:00:00+05:30,indirapuram_ghaziabad_uppcb,openaq,130.0,324.0,,,,,,,,,,,False
2026-01-07 15:00:00+05:30,indirapuram_ghaziabad_uppcb,openaq,133.0,333.0,,,,,,,,,,,False
2026-01-07 16:00:00+05:30,indirapuram_ghaziabad_uppcb,openaq,131.0,328.0,,,,,,,,,,,False
2026-01-07 17:00:00+05:30,indirapuram_ghaziabad_uppcb,openaq,134.0,333.0,,,,,,,,,,,False
2026-01-07 18:00:00+05:30,indirapuram_ghaziabad_uppcb,openaq,136.0,339.0,,,,,,,,,,,False
2026-01-07 19:00:00+05:30,indirapuram_ghaziabad_uppcb,openaq,130.0,324.0,,,,,,,,,,,False
2026-01-07 20:00:00+05:30,indirapuram_ghaziabad_uppcb,openaq,148.0,368.0,,,,,,,,,,,False
2026-01-07 21:00:00+05:30,indirapuram_ghaziabad_uppcb,openaq,139.0,347.0,,,,,,,,,,,False
2026-01-07 22:00:00+05:30,indirapuram_ghaziabad_uppcb,openaq,109.0,272.0,,,,,,,,,,,False
2026-01-07 23:00:00+05:30,indirapuram_ghaziabad_uppcb,openaq,114.0,286.0,,,,,,,,,,,False
2026-01-08 01:00:00+05:30,indirapuram_ghaziabad_uppcb,openaq,88.0,221.0,,,,,,,,,,,False
2026-01-08 02:00:00+05:30,indirapuram_ghaziabad_uppcb,openaq,66.0,166.0,,,,,,,,,,,False
2026-01-08 03:00:00+05:30,indirapuram_ghaziabad_uppcb,openaq,74.7,186.0,,,,,,,,,,,False
2026-01-08 04:00:00+05:30,indirapuram_ghaziabad_uppcb,openaq,75.0,187.0,,,,,,,,,,,False
2026-01-08 05:00:00+05:30,indirapuram_ghaziabad_uppcb,openaq,69.0,173.0,,,,,,,,,,,False
2026-01-08 06:00:00+05:30,indirapuram_ghaziabad_uppcb,openaq,65.5,164.0,,,,,,,,,,,False
2026-01-08 07:00:00+05:30,indirapuram_ghaziabad_uppcb,openaq,78.5,196.0,,,,,,,,,,,False
2026-01-08 08:00:00+05:30,indirapuram_ghaziabad_uppcb,openaq,98.0,245.0,,,,,,,,,,,False
2026-01-08 09:00:00+05:30,indirapuram_ghaziabad_uppcb,openaq,115.0,286.0,,,,,,,,,,,False
2026-01-08 10:00:00+05:30,indirapuram_ghaziabad_uppcb,openaq,134.0,333.0,,,,,,,,,,,False
2026-01-08 11:00:00+05:30,indirapuram_ghaziabad_uppcb,openaq,131.0,326.0,,,,,,,,,,,False
2026-01-08 12:00:00+05:30,indirapuram_ghaziabad_uppcb,openaq,112.0,279.0,,,,,,,,,,,False
2026-01-08 13:00:00+05:30,indirapuram_ghaziabad_uppcb,openaq,105.0,262.0,,,,,,,,,,,False
2026-01-08 14:00:00+05:30,indirapuram_ghaziabad_uppcb,openaq,124.0,311.0,,,,,,,,,,,False
2026-01-08 15:00:00+05:30,indirapuram_ghaziabad_uppcb,openaq,153.0,382.0,,,,,,,,,,,False
2026-01-08 16:00:00+05:30,indirapuram_ghaziabad_uppcb,openaq,157.0,391.0,,,,,,,,,,,False
2026-01-08 17:00:00+05:30,indirapuram_ghaziabad_uppcb,openaq,152.0,380.0,,,,,,,,,,,False
2026-01-08 18:00:00+05:30,indirapuram_ghaziabad_uppcb,openaq,193.0,481.0,,,,,,,,,,,False
2026-01-08 19:00:00+05:30,indirapuram_ghaziabad_uppcb,openaq,262.0,655.0,,,,,,,,,,,False
2026-01-08 20:00:00+05:30,indirapuram_ghaziabad_uppcb,openaq,255.0,637.0,,,,,,,,,,,False
2026-01-08 21:00:00+05:30,indirapuram_ghaziabad_uppcb,openaq,181.0,451.0,,,,,,,,,,,False
2026-01-08 22:00:00+05:30,indirapuram_ghaziabad_uppcb,openaq,156.0,391.0,,,,,,,,,,,False
2026-01-08 23:00:00+05:30,indirapuram_ghaziabad_uppcb,openaq,149.0,372.0,,,,,,,,,,,False
2026-01-09 01:00:00+05:30,indirapuram_ghaziabad_uppcb,openaq,129.0,322.0,,,,,,,,,,,False
2026-01-09 02:00:00+05:30,indirapuram_ghaziabad_uppcb,openaq,123.0,308.0,,,,,,,,,,,False
2026-01-09 03:00:00+05:30,indirapuram_ghaziabad_uppcb,openaq,113.0,284.0,,,,,,,,,,,False
2026-01-09 04:00:00+05:30,indirapuram_ghaziabad_uppcb,openaq,84.5,212.0,,,,,,,,,,,False
2026-01-09 05:00:00+05:30,indirapuram_ghaziabad_uppcb,openaq,67.0,168.0,,,,,,,,,,,False
2026-01-09 06:00:00+05:30,indirapuram_ghaziabad_uppcb,openaq,67.5,168.0,,,,,,,,,,,False
2026-01-09 07:00:00+05:30,indirapuram_ghaziabad_uppcb,openaq,85.3,212.0,,,,,,,,,,,False
2026-01-09 08:00:00+05:30,indirapuram_ghaziabad_uppcb,openaq,119.0,296.0,,,,,,,,,,,False
2026-01-09 09:00:00+05:30,indirapuram_ghaziabad_uppcb,openaq,136.0,340.0,,,,,,,,,,,False
2026-01-09 10:00:00+05:30,indirapuram_ghaziabad_uppcb,openaq,170.0,424.0,,,,,,,,,,,False
2026-01-09 11:00:00+05:30,indirapuram_ghaziabad_uppcb,openaq,201.0,502.0,,,,,,,,,,,False
2026-01-09 12:00:00+05:30,indirapuram_ghaziabad_uppcb,openaq,231.0,578.0,,,,,,,,,,,False
2026-01-09 13:00:00+05:30,indirapuram_ghaziabad_uppcb,openaq,214.0,536.0,,,,,,,,,,,False
2026-01-09 14:00:00+05:30,indirapuram_ghaziabad_uppcb,openaq,178.0,444.0,,,,,,,,,,,False
2026-01-09 15:00:00+05:30,indirapuram_ghaziabad_uppcb,openaq,143.0,357.0,,,,,,,,,,,False
2026-01-09 16:00:00+05:30,indirapuram_ghaziabad_uppcb,openaq,139.0,348.0,,,,,,,,,,,False
2026-01-09 17:00:00+05:30,indirapuram_ghaziabad_uppcb,openaq,154.0,385.0,,,,,,,,,,,False
2026-01-09 18:00:00+05:30,indirapuram_ghaziabad_uppcb,openaq,205.0,512.0,,,,,,,,,,,False
2026-01-09 19:00:00+05:30,indirapuram_ghaziabad_uppcb,openaq,259.0,648.0,,,,,,,,,,,False
2026-01-09 20:00:00+05:30,indirapuram_ghaziabad_uppcb,openaq,267.0,668.0,,,,,,,,,,,False
2026-01-09 21:00:00+05:30,indirapuram_ghaziabad_uppcb,openaq,212.0,529.0,,,,,,,,,,,False
2026-01-09 22:00:00+05:30,indirapuram_ghaziabad_uppcb,openaq,143.0,358.0,,,,,,,,,,,False
2026-01-10 01:00:00+05:30,indirapuram_ghaziabad_uppcb,openaq,129.0,323.0,,,,,,,,,,,False
2026-01-10 02:00:00+05:30,indirapuram_ghaziabad_uppcb,openaq,143.0,359.0,,,,,,,,,,,False
2026-01-10 03:00:00+05:30,indirapuram_ghaziabad_uppcb,openaq,156.0,389.0,,,,,,,,,,,False
2026-01-10 04:00:00+05:30,indirapuram_ghaziabad_uppcb,openaq,155.0,386.0,,,,,,,,,,,False
2026-01-10 05:00:00+05:30,indirapuram_ghaziabad_uppcb,openaq,139.0,346.0,,,,,,,,,,,False
2026-01-10 06:00:00+05:30,indirapuram_ghaziabad_uppcb,openaq,126.0,314.0,,,,,,,,,,,False
2026-01-10 07:00:00+05:30,indirapuram_ghaziabad_uppcb,openaq,133.0,333.0,,,,,,,,,,,False
2026-01-10 08:00:00+05:30,indirapuram_ghaziabad_uppcb,openaq,153.0,382.0,,,,,,,,,,,False
2026-01-10 09:00:00+05:30,indirapuram_ghaziabad_uppcb,openaq,160.0,399.0,,,,,,,,,,,False
2026-01-10 10:00:00+05:30,indirapuram_ghaziabad_uppcb,openaq,167.0,416.0,,,,,,,,,,,False
2026-01-10 11:00:00+05:30,indirapuram_ghaziabad_uppcb,openaq,137.0,343.0,,,,,,,,,,,False
2026-01-10 12:00:00+05:30,indirapuram_ghaziabad_uppcb,openaq,102.0,256.0,,,,,,,,,,,False
2026-01-10 13:00:00+05:30,indirapuram_ghaziabad_uppcb,openaq,87.0,218.0,,,,,,,,,,,False
2026-01-10 15:00:00+05:30,indirapuram_ghaziabad_uppcb,openaq,82.5,206.0,,,,,,,,,,,False
2026-01-10 16:00:00+05:30,indirapuram_ghaziabad_uppcb,openaq,87.5,219.0,,,,,,,,,,,False
2026-01-10 17:00:00+05:30,indirapuram_ghaziabad_uppcb,openaq,88.0,221.0,,,,,,,,,,,False
2026-01-20 21:00:00+05:30,indirapuram_ghaziabad_uppcb,openaq,332.0,829.0,,,,,,,,,,,False
2026-01-20 22:00:00+05:30,indirapuram_ghaziabad_uppcb,openaq,294.0,735.0,,,,,,,,,,,False
2026-01-20 23:00:00+05:30,indirapuram_ghaziabad_uppcb,openaq,234.0,584.0,,,,,,,,,,,False
2026-01-21 01:00:00+05:30,indirapuram_ghaziabad_uppcb,openaq,195.0,487.0,,,,,,,,,,,False
2026-01-21 02:00:00+05:30,indirapuram_ghaziabad_uppcb,openaq,157.0,392.0,,,,,,,,,,,False
2026-01-21 03:00:00+05:30,indirapuram_ghaziabad_uppcb,openaq,157.0,392.0,,,,,,,,,,,False
2026-01-21 04:00:00+05:30,indirapuram_ghaziabad_uppcb,openaq,140.0,349.0,,,,,,,,,,,False
2026-01-21 05:00:00+05:30,indirapuram_ghaziabad_uppcb,openaq,117.0,293.0,,,,,,,,,,,False
2026-01-21 06:00:00+05:30,indirapuram_ghaziabad_uppcb,openaq,113.0,282.0,,,,,,,,,,,False
2026-01-21 07:00:00+05:30,indirapuram_ghaziabad_uppcb,openaq,116.0,289.0,,,,,,,,,,,False
2026-01-21 08:00:00+05:30,indirapuram_ghaziabad_uppcb,openaq,142.0,354.0,,,,,,,,,,,False
2026-01-21 09:00:00+05:30,indirapuram_ghaziabad_uppcb,openaq,161.0,403.0,,,,,,,,,,,False
2026-01-21 10:00:00+05:30,indirapuram_ghaziabad_uppcb,openaq,170.0,425.0,,,,,,,,,,,False
2026-01-21 11:00:00+05:30,indirapuram_ghaziabad_uppcb,openaq,157.0,393.0,,,,,,,,,,,False
2026-01-21 12:00:00+05:30,indirapuram_ghaziabad_uppcb,openaq,103.0,257.0,,,,,,,,,,,False
2026-01-21 13:00:00+05:30,indirapuram_ghaziabad_uppcb,openaq,87.0,217.0,,,,,,,,,,,False
2026-01-21 14:00:00+05:30,indirapuram_ghaziabad_uppcb,openaq,79.0,198.0,,,,,,,,,,,False
2026-01-21 15:00:00+05:30,indirapuram_ghaziabad_uppcb,openaq,74.0,185.0,,,,,,,,,,,False
2026-01-21 16:00:00+05:30,indirapuram_ghaziabad_uppcb,openaq,70.0,174.0,,,,,,,,,,,False
2026-01-21 17:00:00+05:30,indirapuram_ghaziabad_uppcb,openaq,76.0,191.0,,,,,,,,,,,False
2026-01-21 18:00:00+05:30,indirapuram_ghaziabad_uppcb,openaq,124.0,309.0,,,,,,,,,,,False
2026-01-21 19:00:00+05:30,indirapuram_ghaziabad_uppcb,openaq,210.0,524.0,,,,,,,,,,,False
2026-01-21 20:00:00+05:30,indirapuram_ghaziabad_uppcb,openaq,275.0,689.0,,,,,,,,,,,False
2026-01-21 21:00:00+05:30,indirapuram_ghaziabad_uppcb,openaq,329.0,823.0,,,,,,,,,,,False
2026-01-21 22:00:00+05:30,indirapuram_ghaziabad_uppcb,openaq,397.0,992.0,,,,,,,,,,,False
2026-01-21 23:00:00+05:30,indirapuram_ghaziabad_uppcb,openaq,360.0,899.0,,,,,,,,,,,False
2026-01-22 01:00:00+05:30,indirapuram_ghaziabad_uppcb,openaq,262.0,654.0,,,,,,,,,,,False
2026-01-22 02:00:00+05:30,indirapuram_ghaziabad_uppcb,openaq,216.0,541.0,,,,,,,,,,,False
2026-01-22 03:00:00+05:30,indirapuram_ghaziabad_uppcb,openaq,176.0,441.0,,,,,,,,,,,False
2026-01-22 04:00:00+05:30,indirapuram_ghaziabad_uppcb,openaq,156.0,390.0,,,,,,,,,,,False
2026-01-22 05:00:00+05:30,indirapuram_ghaziabad_uppcb,openaq,136.0,339.0,,,,,,,,,,,False
2026-01-22 06:00:00+05:30,indirapuram_ghaziabad_uppcb,openaq,133.0,331.0,,,,,,,,,,,False
2026-01-22 07:00:00+05:30,indirapuram_ghaziabad_uppcb,openaq,180.0,450.0,,,,,,,,,,,False
2026-01-22 08:00:00+05:30,indirapuram_ghaziabad_uppcb,openaq,217.0,543.0,,,,,,,,,,,False
2026-01-22 09:00:00+05:30,indirapuram_ghaziabad_uppcb,openaq,207.0,519.0,,,,,,,,,,,False
2026-01-22 10:00:00+05:30,indirapuram_ghaziabad_uppcb,openaq,214.0,536.0,,,,,,,,,,,False
2026-01-22 11:00:00+05:30,indirapuram_ghaziabad_uppcb,openaq,186.0,464.0,,,,,,,,,,,False
2026-01-22 12:00:00+05:30,indirapuram_ghaziabad_uppcb,openaq,143.0,357.0,,,,,,,,,,,False
2026-01-22 13:00:00+05:30,indirapuram_ghaziabad_uppcb,openaq,122.0,304.0,,,,,,,,,,,False
2026-01-22 14:00:00+05:30,indirapuram_ghaziabad_uppcb,openaq,113.0,283.0,,,,,,,,,,,False
2026-01-22 15:00:00+05:30,indirapuram_ghaziabad_uppcb,openaq,110.0,275.0,,,,,,,,,,,False
2026-01-22 17:00:00+05:30,indirapuram_ghaziabad_uppcb,openaq,100.0,250.0,,,,,,,,,,,False
2026-01-22 19:00:00+05:30,indirapuram_ghaziabad_uppcb,openaq,141.0,353.0,,,,,,,,,,,False
2026-01-22 20:00:00+05:30,indirapuram_ghaziabad_uppcb,openaq,140.0,348.0,,,,,,,,,,,False
2026-01-22 21:00:00+05:30,indirapuram_ghaziabad_uppcb,openaq,118.0,295.0,,,,,,,,,,,False
2026-01-22 22:00:00+05:30,indirapuram_ghaziabad_uppcb,openaq,111.0,277.0,,,,,,,,,,,False
2026-01-22 23:00:00+05:30,indirapuram_ghaziabad_uppcb,openaq,104.0,260.0,,,,,,,,,,,False
2026-01-23 01:00:00+05:30,indirapuram_ghaziabad_uppcb,openaq,83.5,210.0,,,,,,,,,,,False
2026-01-23 02:00:00+05:30,indirapuram_ghaziabad_uppcb,openaq,84.0,211.0,,,,,,,,,,,False
2026-01-23 03:00:00+05:30,indirapuram_ghaziabad_uppcb,openaq,80.0,201.0,,,,,,,,,,,False
2026-01-23 04:00:00+05:30,indirapuram_ghaziabad_uppcb,openaq,78.0,195.0,,,,,,,,,,,False
2026-01-23 05:00:00+05:30,indirapuram_ghaziabad_uppcb,openaq,82.7,207.0,,,,,,,,,,,False
2026-01-23 06:00:00+05:30,indirapuram_ghaziabad_uppcb,openaq,87.0,218.0,,,,,,,,,,,False
2026-01-23 07:00:00+05:30,indirapuram_ghaziabad_uppcb,openaq,97.0,242.0,,,,,,,,,,,False
2026-01-23 08:00:00+05:30,indirapuram_ghaziabad_uppcb,openaq,95.0,238.0,,,,,,,,,,,False
2026-01-23 09:00:00+05:30,indirapuram_ghaziabad_uppcb,openaq,85.7,215.0,,,,,,,,,,,False
2026-01-23 10:00:00+05:30,indirapuram_ghaziabad_uppcb,openaq,87.0,217.0,,,,,,,,,,,False
2026-01-23 11:00:00+05:30,indirapuram_ghaziabad_uppcb,openaq,81.7,204.0,,,,,,,,,,,False
2026-01-23 12:00:00+05:30,indirapuram_ghaziabad_uppcb,openaq,76.5,191.0,,,,,,,,,,,False
2026-01-23 13:00:00+05:30,indirapuram_ghaziabad_uppcb,openaq,74.5,186.0,,,,,,,,,,,False
2026-01-23 14:00:00+05:30,indirapuram_ghaziabad_uppcb,openaq,71.0,177.0,,,,,,,,,,,False
2026-01-23 15:00:00+05:30,indirapuram_ghaziabad_uppcb,openaq,71.3,178.0,,,,,,,,,,,False
2026-01-23 16:00:00+05:30,indirapuram_ghaziabad_uppcb,openaq,74.7,184.0,,,,,,,,,,,False
2026-01-23 17:00:00+05:30,indirapuram_ghaziabad_uppcb,openaq,,184.0,,,,,,,,,,,False
2026-01-23 18:00:00+05:30,indirapuram_ghaziabad_uppcb,openaq,168.0,186.0,,,,,,,,,,,False
2026-01-23 19:00:00+05:30,indirapuram_ghaziabad_uppcb,openaq,147.0,166.0,,,,,,,,,,,False
2026-01-23 20:00:00+05:30,indirapuram_ghaziabad_uppcb,openaq,134.0,152.0,,,,,,,,,,,False
2026-01-23 21:00:00+05:30,indirapuram_ghaziabad_uppcb,openaq,158.0,181.0,,,,,,,,,,,False
2026-01-23 22:00:00+05:30,indirapuram_ghaziabad_uppcb,openaq,191.0,214.0,,,,,,,,,,,False
2026-01-23 23:00:00+05:30,indirapuram_ghaziabad_uppcb,openaq,219.0,242.0,,,,,,,,,,,False
2026-01-24 01:00:00+05:30,indirapuram_ghaziabad_uppcb,openaq,200.0,222.0,,,,,,,,,,,False
2026-01-24 02:00:00+05:30,indirapuram_ghaziabad_uppcb,openaq,201.0,225.0,,,,,,,,,,,False
2026-01-24 03:00:00+05:30,indirapuram_ghaziabad_uppcb,openaq,151.0,183.0,,,,,,,,,,,False
2026-01-24 04:00:00+05:30,indirapuram_ghaziabad_uppcb,openaq,90.3,179.0,,,,,,,,,,,False
2026-01-24 05:00:00+05:30,indirapuram_ghaziabad_uppcb,openaq,72.0,229.0,,,,,,,,,,,False
2026-01-24 06:00:00+05:30,indirapuram_ghaziabad_uppcb,openaq,56.0,226.0,,,,,,,,,,,False
2026-01-24 07:00:00+05:30,indirapuram_ghaziabad_uppcb,openaq,48.5,206.0,,,,,,,,,,,False
2026-01-24 08:00:00+05:30,indirapuram_ghaziabad_uppcb,openaq,54.0,224.0,,,,,,,,,,,False
2026-01-24 09:00:00+05:30,indirapuram_ghaziabad_uppcb,openaq,63.5,245.0,,,,,,,,,,,False
2026-01-24 10:00:00+05:30,indirapuram_ghaziabad_uppcb,openaq,62.5,249.0,,,,,,,,,,,False
2026-01-24 11:00:00+05:30,indirapuram_ghaziabad_uppcb,openaq,56.0,237.0,,,,,,,,,,,False
2026-01-24 12:00:00+05:30,indirapuram_ghaziabad_uppcb,openaq,57.0,225.0,,,,,,,,,,,False
2026-01-24 13:00:00+05:30,indirapuram_ghaziabad_uppcb,openaq,53.5,209.0,,,,,,,,,,,False
2026-01-24 14:00:00+05:30,indirapuram_ghaziabad_uppcb,openaq,45.0,179.0,,,,,,,,,,,False
2026-01-24 17:00:00+05:30,indirapuram_ghaziabad_uppcb,openaq,58.0,198.0,,,,,,,,,,,False
2026-01-24 18:00:00+05:30,indirapuram_ghaziabad_uppcb,openaq,75.0,223.0,,,,,,,,,,,False
2026-01-24 19:00:00+05:30,indirapuram_ghaziabad_uppcb,openaq,93.0,252.0,,,,,,,,,,,False
2026-01-24 20:00:00+05:30,indirapuram_ghaziabad_uppcb,openaq,92.0,244.0,,,,,,,,,,,False
2026-01-24 21:00:00+05:30,indirapuram_ghaziabad_uppcb,openaq,79.0,206.0,,,,,,,,,,,False
2026-01-24 22:00:00+05:30,indirapuram_ghaziabad_uppcb,openaq,72.0,201.0,,,,,,,,,,,False
2026-01-25 01:00:00+05:30,indirapuram_ghaziabad_uppcb,openaq,52.0,142.0,,,,,,,,,,,False
2026-01-25 02:00:00+05:30,indirapuram_ghaziabad_uppcb,openaq,53.5,144.0,,,,,,,,,,,False
2026-01-25 03:00:00+05:30,indirapuram_ghaziabad_uppcb,openaq,56.0,144.0,,,,,,,,,,,False
2026-01-25 04:00:00+05:30,indirapuram_ghaziabad_uppcb,openaq,61.5,147.0,,,,,,,,,,,False
2026-01-25 05:00:00+05:30,indirapuram_ghaziabad_uppcb,openaq,70.5,166.0,,,,,,,,,,,False
2026-01-25 06:00:00+05:30,indirapuram_ghaziabad_uppcb,openaq,80.5,172.0,,,,,,,,,,,False
2026-01-25 07:00:00+05:30,indirapuram_ghaziabad_uppcb,openaq,85.0,176.0,,,,,,,,,,,False
2026-01-25 08:00:00+05:30,indirapuram_ghaziabad_uppcb,openaq,97.5,210.0,,,,,,,,,,,False
2026-01-25 09:00:00+05:30,indirapuram_ghaziabad_uppcb,openaq,112.0,234.0,,,,,,,,,,,False
2026-01-25 10:00:00+05:30,indirapuram_ghaziabad_uppcb,openaq,99.0,216.0,,,,,,,,,,,False
2026-01-25 11:00:00+05:30,indirapuram_ghaziabad_uppcb,openaq,80.5,193.0,,,,,,,,,,,False
2026-01-25 12:00:00+05:30,indirapuram_ghaziabad_uppcb,openaq,74.7,185.0,,,,,,,,,,,False
2026-01-25 13:00:00+05:30,indirapuram_ghaziabad_uppcb,openaq,80.5,189.0,,,,,,,,,,,False
2026-01-25 14:00:00+05:30,indirapuram_ghaziabad_uppcb,openaq,76.0,175.0,,,,,,,,,,,False
2026-01-25 15:00:00+05:30,indirapuram_ghaziabad_uppcb,openaq,63.0,153.0,,,,,,,,,,,False
2026-01-25 16:00:00+05:30,indirapuram_ghaziabad_uppcb,openaq,62.5,153.0,,,,,,,,,,,False
2026-01-25 17:00:00+05:30,indirapuram_ghaziabad_uppcb,openaq,71.0,168.0,,,,,,,,,,,False
2026-01-25 18:00:00+05:30,indirapuram_ghaziabad_uppcb,openaq,87.0,196.0,,,,,,,,,,,False
2026-01-25 19:00:00+05:30,indirapuram_ghaziabad_uppcb,openaq,114.0,226.0,,,,,,,,,,,False
2026-01-25 20:00:00+05:30,indirapuram_ghaziabad_uppcb,openaq,132.0,239.0,,,,,,,,,,,False
2026-01-25 21:00:00+05:30,indirapuram_ghaziabad_uppcb,openaq,145.0,258.0,,,,,,,,,,,False
2026-01-25 22:00:00+05:30,indirapuram_ghaziabad_uppcb,openaq,175.0,297.0,,,,,,,,,,,False
2026-01-26 01:00:00+05:30,indirapuram_ghaziabad_uppcb,openaq,199.0,319.0,,,,,,,,,,,False
2026-01-26 02:00:00+05:30,indirapuram_ghaziabad_uppcb,openaq,213.0,340.0,,,,,,,,,,,False
2026-01-26 03:00:00+05:30,indirapuram_ghaziabad_uppcb,openaq,203.0,295.0,,,,,,,,,,,False
2026-01-26 04:00:00+05:30,indirapuram_ghaziabad_uppcb,openaq,170.0,246.0,,,,,,,,,,,False
2026-01-26 05:00:00+05:30,indirapuram_ghaziabad_uppcb,openaq,141.0,209.0,,,,,,,,,,,False
2026-01-26 06:00:00+05:30,indirapuram_ghaziabad_uppcb,openaq,134.0,194.0,,,,,,,,,,,False
2026-01-26 07:00:00+05:30,indirapuram_ghaziabad_uppcb,openaq,121.0,188.0,,,,,,,,,,,False
2026-01-26 08:00:00+05:30,indirapuram_ghaziabad_uppcb,openaq,117.0,192.0,,,,,,,,,,,False
2026-01-26 09:00:00+05:30,indirapuram_ghaziabad_uppcb,openaq,127.0,209.0,,,,,,,,,,,False
2026-01-26 10:00:00+05:30,indirapuram_ghaziabad_uppcb,openaq,135.0,233.0,,,,,,,,,,,False
2026-01-26 11:00:00+05:30,indirapuram_ghaziabad_uppcb,openaq,132.0,233.0,,,,,,,,,,,False
2026-01-26 12:00:00+05:30,indirapuram_ghaziabad_uppcb,openaq,130.0,231.0,,,,,,,,,,,False
2026-01-26 13:00:00+05:30,indirapuram_ghaziabad_uppcb,openaq,126.0,223.0,,,,,,,,,,,False
2026-01-26 14:00:00+05:30,indirapuram_ghaziabad_uppcb,openaq,104.0,193.0,,,,,,,,,,,False
2026-01-26 15:00:00+05:30,indirapuram_ghaziabad_uppcb,openaq,89.5,212.0,,,,,,,,,,,False
2026-01-26 16:00:00+05:30,indirapuram_ghaziabad_uppcb,openaq,92.0,230.0,,,,,,,,,,,False
2026-01-26 17:00:00+05:30,indirapuram_ghaziabad_uppcb,openaq,82.0,206.0,,,,,,,,,,,False
2026-01-26 18:00:00+05:30,indirapuram_ghaziabad_uppcb,openaq,106.0,252.0,,,,,,,,,,,False
2026-01-26 19:00:00+05:30,indirapuram_ghaziabad_uppcb,openaq,172.0,330.0,,,,,,,,,,,False
2026-01-26 20:00:00+05:30,indirapuram_ghaziabad_uppcb,openaq,246.0,424.0,,,,,,,,,,,False
2026-01-26 21:00:00+05:30,indirapuram_ghaziabad_uppcb,openaq,388.0,634.0,,,,,,,,,,,False
2026-01-26 22:00:00+05:30,indirapuram_ghaziabad_uppcb,openaq,484.0,762.0,,,,,,,,,,,False
2026-01-26 23:00:00+05:30,indirapuram_ghaziabad_uppcb,openaq,,860.0,,,,,,,,,,,False
2026-01-27 01:00:00+05:30,indirapuram_ghaziabad_uppcb,openaq,484.0,738.0,,,,,,,,,,,False
2026-01-27 02:00:00+05:30,indirapuram_ghaziabad_uppcb,openaq,376.0,552.0,,,,,,,,,,,False
2026-01-27 03:00:00+05:30,indirapuram_ghaziabad_uppcb,openaq,332.0,474.0,,,,,,,,,,,False
2026-01-27 04:00:00+05:30,indirapuram_ghaziabad_uppcb,openaq,311.0,421.0,,,,,,,,,,,False
2026-01-27 05:00:00+05:30,indirapuram_ghaziabad_uppcb,openaq,300.0,408.0,,,,,,,,,,,False
2026-01-27 06:00:00+05:30,indirapuram_ghaziabad_uppcb,openaq,291.0,406.0,,,,,,,,,,,False
2026-01-27 07:00:00+05:30,indirapuram_ghaziabad_uppcb,openaq,284.0,496.0,,,,,,,,,,,False
2026-01-27 08:00:00+05:30,indirapuram_ghaziabad_uppcb,openaq,288.0,574.0,,,,,,,,,,,False
2026-01-27 09:00:00+05:30,indirapuram_ghaziabad_uppcb,openaq,251.0,516.0,,,,,,,,,,,False
2026-01-27 12:00:00+05:30,indirapuram_ghaziabad_uppcb,openaq,214.0,335.0,,,,,,,,,,,False
2026-01-27 13:00:00+05:30,indirapuram_ghaziabad_uppcb,openaq,226.0,321.0,,,,,,,,,,,False
2026-01-27 14:00:00+05:30,indirapuram_ghaziabad_uppcb,openaq,194.0,258.0,,,,,,,,,,,False
2026-01-27 15:00:00+05:30,indirapuram_ghaziabad_uppcb,openaq,161.0,208.0,,,,,,,,,,,False
2026-01-27 16:00:00+05:30,indirapuram_ghaziabad_uppcb,openaq,148.0,187.0,,,,,,,,,,,False
2026-01-27 17:00:00+05:30,indirapuram_ghaziabad_uppcb,openaq,132.0,162.0,,,,,,,,,,,False
2026-01-27 18:00:00+05:30,indirapuram_ghaziabad_uppcb,openaq,124.0,142.0,,,,,,,,,,,False
2026-01-27 19:00:00+05:30,indirapuram_ghaziabad_uppcb,openaq,118.0,134.0,,,,,,,,,,,False
2026-01-27 20:00:00+05:30,indirapuram_ghaziabad_uppcb,openaq,114.0,128.0,,,,,,,,,,,False
2026-01-27 21:00:00+05:30,indirapuram_ghaziabad_uppcb,openaq,108.0,117.0,,,,,,,,,,,False
2026-01-27 22:00:00+05:30,indirapuram_ghaziabad_uppcb,openaq,104.0,112.0,,,,,,,,,,,False
2026-01-27 23:00:00+05:30,indirapuram_ghaziabad_uppcb,openaq,103.0,113.0,,,,,,,,,,,False
2026-01-28 01:00:00+05:30,indirapuram_ghaziabad_uppcb,openaq,73.5,87.5,,,,,,,,,,,False
2026-01-28 02:00:00+05:30,indirapuram_ghaziabad_uppcb,openaq,65.5,76.0,,,,,,,,,,,False
2026-01-28 03:00:00+05:30,indirapuram_ghaziabad_uppcb,openaq,70.0,76.5,,,,,,,,,,,False
2026-01-28 04:00:00+05:30,indirapuram_ghaziabad_uppcb,openaq,73.0,79.0,,,,,,,,,,,False
2026-01-28 05:00:00+05:30,indirapuram_ghaziabad_uppcb,openaq,81.0,91.5,,,,,,,,,,,False
2026-01-28 06:00:00+05:30,indirapuram_ghaziabad_uppcb,openaq,94.3,109.0,,,,,,,,,,,False
2026-01-28 07:00:00+05:30,indirapuram_ghaziabad_uppcb,openaq,105.0,122.0,,,,,,,,,,,False
2026-01-28 08:00:00+05:30,indirapuram_ghaziabad_uppcb,openaq,143.0,170.0,,,,,,,,,,,False
2026-01-28 09:00:00+05:30,indirapuram_ghaziabad_uppcb,openaq,192.0,241.0,,,,,,,,,,,False
2026-01-28 10:00:00+05:30,indirapuram_ghaziabad_uppcb,openaq,226.0,290.0,,,,,,,,,,,False
2026-01-28 11:00:00+05:30,indirapuram_ghaziabad_uppcb,openaq,221.0,281.0,,,,,,,,,,,False
2026-01-28 12:00:00+05:30,indirapuram_ghaziabad_uppcb,openaq,182.0,234.0,,,,,,,,,,,False
2026-01-28 13:00:00+05:30,indirapuram_ghaziabad_uppcb,openaq,168.0,207.0,,,,,,,,,,,False
2026-01-28 14:00:00+05:30,indirapuram_ghaziabad_uppcb,openaq,170.0,208.0,,,,,,,,,,,False
2026-01-28 15:00:00+05:30,indirapuram_ghaziabad_uppcb,openaq,180.0,237.0,,,,,,,,,,,False
2026-01-28 16:00:00+05:30,indirapuram_ghaziabad_uppcb,openaq,189.0,260.0,,,,,,,,,,,False
2026-01-28 17:00:00+05:30,indirapuram_ghaziabad_uppcb,openaq,185.0,268.0,,,,,,,,,,,False
2026-01-28 18:00:00+05:30,indirapuram_ghaziabad_uppcb,openaq,198.0,298.0,,,,,,,,,,,False
2026-01-28 19:00:00+05:30,indirapuram_ghaziabad_uppcb,openaq,213.0,325.0,,,,,,,,,,,False
2026-01-28 20:00:00+05:30,indirapuram_ghaziabad_uppcb,openaq,203.0,319.0,,,,,,,,,,,False
2026-01-28 21:00:00+05:30,indirapuram_ghaziabad_uppcb,openaq,183.0,290.0,,,,,,,,,,,False
2026-01-28 22:00:00+05:30,indirapuram_ghaziabad_uppcb,openaq,164.0,239.0,,,,,,,,,,,False
2026-01-28 23:00:00+05:30,indirapuram_ghaziabad_uppcb,openaq,166.0,239.0,,,,,,,,,,,False
2026-01-29 01:00:00+05:30,indirapuram_ghaziabad_uppcb,openaq,164.0,234.0,,,,,,,,,,,False
2026-01-29 02:00:00+05:30,indirapuram_ghaziabad_uppcb,openaq,155.0,218.0,,,,,,,,,,,False
2026-01-29 03:00:00+05:30,indirapuram_ghaziabad_uppcb,openaq,134.0,192.0,,,,,,,,,,,False
2026-01-29 04:00:00+05:30,indirapuram_ghaziabad_uppcb,openaq,110.0,148.0,,,,,,,,,,,False
2026-01-29 05:00:00+05:30,indirapuram_ghaziabad_uppcb,openaq,101.0,131.0,,,,,,,,,,,False
2026-01-29 06:00:00+05:30,indirapuram_ghaziabad_uppcb,openaq,101.0,130.0,,,,,,,,,,,False
2026-01-29 07:00:00+05:30,indirapuram_ghaziabad_uppcb,openaq,114.0,160.0,,,,,,,,,,,False
2026-01-29 08:00:00+05:30,indirapuram_ghaziabad_uppcb,openaq,117.0,170.0,,,,,,,,,,,False
2026-01-29 09:00:00+05:30,indirapuram_ghaziabad_uppcb,openaq,109.0,160.0,,,,,,,,,,,False
2026-01-29 10:00:00+05:30,indirapuram_ghaziabad_uppcb,openaq,109.0,160.0,,,,,,,,,,,False
2026-01-29 11:00:00+05:30,indirapuram_ghaziabad_uppcb,openaq,100.0,156.0,,,,,,,,,,,False
2026-01-29 12:00:00+05:30,indirapuram_ghaziabad_uppcb,openaq,97.7,157.0,,,,,,,,,,,False
2026-01-29 13:00:00+05:30,indirapuram_ghaziabad_uppcb,openaq,95.0,146.0,,,,,,,,,,,False
2026-01-29 14:00:00+05:30,indirapuram_ghaziabad_uppcb,openaq,88.5,139.0,,,,,,,,,,,False
2026-01-29 15:00:00+05:30,indirapuram_ghaziabad_uppcb,openaq,87.5,143.0,,,,,,,,,,,False
2026-01-29 17:00:00+05:30,indirapuram_ghaziabad_uppcb,openaq,103.0,171.0,,,,,,,,,,,False
2026-01-29 18:00:00+05:30,indirapuram_ghaziabad_uppcb,openaq,111.0,185.0,,,,,,,,,,,False
2026-01-29 19:00:00+05:30,indirapuram_ghaziabad_uppcb,openaq,140.0,223.0,,,,,,,,,,,False
2026-01-29 20:00:00+05:30,indirapuram_ghaziabad_uppcb,openaq,162.0,252.0,,,,,,,,,,,False
2026-01-29 21:00:00+05:30,indirapuram_ghaziabad_uppcb,openaq,173.0,266.0,,,,,,,,,,,False
2026-01-29 22:00:00+05:30,indirapuram_ghaziabad_uppcb,openaq,184.0,274.0,,,,,,,,,,,False
2026-01-29 23:00:00+05:30,indirapuram_ghaziabad_uppcb,openaq,185.0,278.0,,,,,,,,,,,False
2026-01-30 01:00:00+05:30,indirapuram_ghaziabad_uppcb,openaq,205.0,300.0,,,,,,,,,,,False
2026-01-30 02:00:00+05:30,indirapuram_ghaziabad_uppcb,openaq,184.0,259.0,,,,,,,,,,,False
2026-01-30 03:00:00+05:30,indirapuram_ghaziabad_uppcb,openaq,149.0,208.0,,,,,,,,,,,False
2026-01-30 04:00:00+05:30,indirapuram_ghaziabad_uppcb,openaq,128.0,188.0,,,,,,,,,,,False
2026-01-30 05:00:00+05:30,indirapuram_ghaziabad_uppcb,openaq,135.0,182.0,,,,,,,,,,,False
2026-01-30 06:00:00+05:30,indirapuram_ghaziabad_uppcb,openaq,128.0,167.0,,,,,,,,,,,False
2026-01-30 07:00:00+05:30,indirapuram_ghaziabad_uppcb,openaq,119.0,178.0,,,,,,,,,,,False
2026-01-30 08:00:00+05:30,indirapuram_ghaziabad_uppcb,openaq,164.0,275.0,,,,,,,,,,,False
2026-01-30 09:00:00+05:30,indirapuram_ghaziabad_uppcb,openaq,184.0,292.0,,,,,,,,,,,False
2026-01-30 10:00:00+05:30,indirapuram_ghaziabad_uppcb,openaq,165.0,251.0,,,,,,,,,,,False
2026-01-30 11:00:00+05:30,indirapuram_ghaziabad_uppcb,openaq,142.0,219.0,,,,,,,,,,,False
2026-01-30 14:00:00+05:30,indirapuram_ghaziabad_uppcb,openaq,103.0,176.0,,,,,,,,,,,False
2026-01-30 15:00:00+05:30,indirapuram_ghaziabad_uppcb,openaq,86.5,162.0,,,,,,,,,,,False
2026-01-30 16:00:00+05:30,indirapuram_ghaziabad_uppcb,openaq,93.7,178.0,,,,,,,,,,,False
2026-01-31 11:00:00+05:30,indirapuram_ghaziabad_uppcb,openaq,336.0,461.0,,,,,,,,,,,False
2026-01-31 12:00:00+05:30,indirapuram_ghaziabad_uppcb,openaq,273.0,384.0,,,,,,,,,,,False
2026-01-31 13:00:00+05:30,indirapuram_ghaziabad_uppcb,openaq,231.0,338.0,,,,,,,,,,,False
2026-01-31 14:00:00+05:30,indirapuram_ghaziabad_uppcb,openaq,198.0,307.0,,,,,,,,,,,False
2026-01-31 15:00:00+05:30,indirapuram_ghaziabad_uppcb,openaq,167.0,284.0,,,,,,,,,,,False
2026-01-31 16:00:00+05:30,indirapuram_ghaziabad_uppcb,openaq,155.0,278.0,,,,,,,,,,,False
2026-01-31 18:00:00+05:30,indirapuram_ghaziabad_uppcb,openaq,198.0,317.0,,,,,,,,,,,False
2026-01-31 19:00:00+05:30,indirapuram_ghaziabad_uppcb,openaq,219.0,336.0,,,,,,,,,,,False
2026-01-31 20:00:00+05:30,indirapuram_ghaziabad_uppcb,openaq,219.0,317.0,,,,,,,,,,,False
2026-01-31 21:00:00+05:30,indirapuram_ghaziabad_uppcb,openaq,208.0,284.0,,,,,,,,,,,False
2026-01-31 22:00:00+05:30,indirapuram_ghaziabad_uppcb,openaq,195.0,270.0,,,,,,,,,,,False
2026-02-01 01:00:00+05:30,indirapuram_ghaziabad_uppcb,openaq,161.0,223.0,,,,,,,,,,,False
2026-02-01 02:00:00+05:30,indirapuram_ghaziabad_uppcb,openaq,146.0,193.0,,,,,,,,,,,False
2026-02-01 03:00:00+05:30,indirapuram_ghaziabad_uppcb,openaq,141.0,194.0,,,,,,,,,,,False
2026-02-01 04:00:00+05:30,indirapuram_ghaziabad_uppcb,openaq,138.0,184.0,,,,,,,,,,,False
2026-02-01 05:00:00+05:30,indirapuram_ghaziabad_uppcb,openaq,143.0,177.0,,,,,,,,,,,False
2026-02-01 06:00:00+05:30,indirapuram_ghaziabad_uppcb,openaq,143.0,169.0,,,,,,,,,,,False
2026-02-01 07:00:00+05:30,indirapuram_ghaziabad_uppcb,openaq,128.0,139.0,,,,,,,,,,,False
2026-02-01 08:00:00+05:30,indirapuram_ghaziabad_uppcb,openaq,130.0,138.0,,,,,,,,,,,False
2026-02-01 09:00:00+05:30,indirapuram_ghaziabad_uppcb,openaq,112.0,133.0,,,,,,,,,,,False
2026-02-01 10:00:00+05:30,indirapuram_ghaziabad_uppcb,openaq,81.5,120.0,,,,,,,,,,,False
2026-02-01 11:00:00+05:30,indirapuram_ghaziabad_uppcb,openaq,65.0,108.0,,,,,,,,,,,False
2026-02-01 12:00:00+05:30,indirapuram_ghaziabad_uppcb,openaq,52.5,94.0,,,,,,,,,,,False
2026-02-01 13:00:00+05:30,indirapuram_ghaziabad_uppcb,openaq,48.5,91.5,,,,,,,,,,,False
2026-02-01 14:00:00+05:30,indirapuram_ghaziabad_uppcb,openaq,44.5,81.5,,,,,,,,,,,False
2026-02-01 15:00:00+05:30,indirapuram_ghaziabad_uppcb,openaq,45.5,82.5,,,,,,,,,,,False
2026-02-01 16:00:00+05:30,indirapuram_ghaziabad_uppcb,openaq,51.5,94.5,,,,,,,,,,,False
2026-02-01 17:00:00+05:30,indirapuram_ghaziabad_uppcb,openaq,56.5,113.0,,,,,,,,,,,False
2026-02-01 18:00:00+05:30,indirapuram_ghaziabad_uppcb,openaq,77.0,158.0,,,,,,,,,,,False
2026-02-01 19:00:00+05:30,indirapuram_ghaziabad_uppcb,openaq,137.0,244.0,,,,,,,,,,,False
2026-02-01 20:00:00+05:30,indirapuram_ghaziabad_uppcb,openaq,201.0,344.0,,,,,,,,,,,False
2026-02-01 21:00:00+05:30,indirapuram_ghaziabad_uppcb,openaq,261.0,453.0,,,,,,,,,,,False
2026-02-01 22:00:00+05:30,indirapuram_ghaziabad_uppcb,openaq,263.0,438.0,,,,,,,,,,,False
2026-02-01 23:00:00+05:30,indirapuram_ghaziabad_uppcb,openaq,285.0,461.0,,,,,,,,,,,False
2026-02-02 01:00:00+05:30,indirapuram_ghaziabad_uppcb,openaq,274.0,430.0,,,,,,,,,,,False
2026-02-02 02:00:00+05:30,indirapuram_ghaziabad_uppcb,openaq,251.0,392.0,,,,,,,,,,,False
2026-02-02 03:00:00+05:30,indirapuram_ghaziabad_uppcb,openaq,204.0,300.0,,,,,,,,,,,False
2026-02-02 04:00:00+05:30,indirapuram_ghaziabad_uppcb,openaq,139.0,207.0,,,,,,,,,,,False
2026-02-02 05:00:00+05:30,indirapuram_ghaziabad_uppcb,openaq,116.0,175.0,,,,,,,,,,,False
2026-02-02 06:00:00+05:30,indirapuram_ghaziabad_uppcb,openaq,97.5,134.0,,,,,,,,,,,False
2026-02-02 07:00:00+05:30,indirapuram_ghaziabad_uppcb,openaq,94.5,131.0,,,,,,,,,,,False
2026-02-02 08:00:00+05:30,indirapuram_ghaziabad_uppcb,openaq,98.0,150.0,,,,,,,,,,,False
2026-02-02 09:00:00+05:30,indirapuram_ghaziabad_uppcb,openaq,102.0,176.0,,,,,,,,,,,False
2026-02-02 10:00:00+05:30,indirapuram_ghaziabad_uppcb,openaq,117.0,203.0,,,,,,,,,,,False
2026-02-02 11:00:00+05:30,indirapuram_ghaziabad_uppcb,openaq,151.0,238.0,,,,,,,,,,,False
2026-02-02 12:00:00+05:30,indirapuram_ghaziabad_uppcb,openaq,173.0,248.0,,,,,,,,,,,False
2026-02-02 13:00:00+05:30,indirapuram_ghaziabad_uppcb,openaq,171.0,246.0,,,,,,,,,,,False
2026-02-02 14:00:00+05:30,indirapuram_ghaziabad_uppcb,openaq,164.0,227.0,,,,,,,,,,,False
2026-02-02 15:00:00+05:30,indirapuram_ghaziabad_uppcb,openaq,154.0,221.0,,,,,,,,,,,False
2026-02-02 16:00:00+05:30,indirapuram_ghaziabad_uppcb,openaq,153.0,223.0,,,,,,,,,,,False
2026-02-02 17:00:00+05:30,indirapuram_ghaziabad_uppcb,openaq,151.0,218.0,,,,,,,,,,,False
2026-02-02 18:00:00+05:30,indirapuram_ghaziabad_uppcb,openaq,159.0,230.0,,,,,,,,,,,False
2026-02-02 21:00:00+05:30,indirapuram_ghaziabad_uppcb,openaq,281.0,404.0,,,,,,,,,,,False
2026-02-02 22:00:00+05:30,indirapuram_ghaziabad_uppcb,openaq,254.0,385.0,,,,,,,,,,,False
2026-02-02 23:00:00+05:30,indirapuram_ghaziabad_uppcb,openaq,248.0,370.0,,,,,,,,,,,False
2026-02-03 01:00:00+05:30,indirapuram_ghaziabad_uppcb,openaq,192.0,269.0,,,,,,,,,,,False
2026-02-03 02:00:00+05:30,indirapuram_ghaziabad_uppcb,openaq,181.0,247.0,,,,,,,,,,,False
2026-02-03 03:00:00+05:30,indirapuram_ghaziabad_uppcb,openaq,173.0,239.0,,,,,,,,,,,False
2026-02-03 04:00:00+05:30,indirapuram_ghaziabad_uppcb,openaq,158.0,223.0,,,,,,,,,,,False
2026-02-03 05:00:00+05:30,indirapuram_ghaziabad_uppcb,openaq,176.0,239.0,,,,,,,,,,,False
2026-02-03 06:00:00+05:30,indirapuram_ghaziabad_uppcb,openaq,165.0,228.0,,,,,,,,,,,False
2026-02-03 08:00:00+05:30,indirapuram_ghaziabad_uppcb,openaq,121.0,194.0,,,,,,,,,,,False
2026-02-03 09:00:00+05:30,indirapuram_ghaziabad_uppcb,openaq,165.0,270.0,,,,,,,,,,,False
2026-02-03 10:00:00+05:30,indirapuram_ghaziabad_uppcb,openaq,196.0,305.0,,,,,,,,,,,False
2026-02-03 11:00:00+05:30,indirapuram_ghaziabad_uppcb,openaq,217.0,321.0,,,,,,,,,,,False
2026-02-03 12:00:00+05:30,indirapuram_ghaziabad_uppcb,openaq,237.0,352.0,,,,,,,,,,,False
2026-02-03 13:00:00+05:30,indirapuram_ghaziabad_uppcb,openaq,213.0,321.0,,,,,,,,,,,False
2026-02-04 07:00:00+05:30,indirapuram_ghaziabad_uppcb,openaq,363.0,494.0,,,,,,,,,,,False
2026-02-04 09:00:00+05:30,indirapuram_ghaziabad_uppcb,openaq,249.0,341.0,,,,,,,,,,,False
2026-02-04 13:00:00+05:30,indirapuram_ghaziabad_uppcb,openaq,165.0,244.0,,,,,,,,,,,False
2026-02-04 15:00:00+05:30,indirapuram_ghaziabad_uppcb,openaq,111.0,181.0,,,,,,,,,,,False
2026-02-04 16:00:00+05:30,indirapuram_ghaziabad_uppcb,openaq,96.5,170.0,,,,,,,,,,,False
2026-02-04 17:00:00+05:30,indirapuram_ghaziabad_uppcb,openaq,94.0,184.0,,,,,,,,,,,False
2026-02-04 18:00:00+05:30,indirapuram_ghaziabad_uppcb,openaq,97.5,192.0,,,,,,,,,,,False
2026-02-04 19:00:00+05:30,indirapuram_ghaziabad_uppcb,openaq,106.0,204.0,,,,,,,,,,,False
2026-02-05 01:00:00+05:30,indirapuram_ghaziabad_uppcb,openaq,145.0,213.0,,,,,,,,,,,False
2026-02-05 02:00:00+05:30,indirapuram_ghaziabad_uppcb,openaq,143.0,204.0,,,,,,,,,,,False
2026-02-05 03:00:00+05:30,indirapuram_ghaziabad_uppcb,openaq,150.0,205.0,,,,,,,,,,,False
2026-02-05 04:00:00+05:30,indirapuram_ghaziabad_uppcb,openaq,166.0,213.0,,,,,,,,,,,False
2026-02-05 05:00:00+05:30,indirapuram_ghaziabad_uppcb,openaq,166.0,206.0,,,,,,,,,,,False
2026-02-05 06:00:00+05:30,indirapuram_ghaziabad_uppcb,openaq,160.0,208.0,,,,,,,,,,,False
2026-02-05 07:00:00+05:30,indirapuram_ghaziabad_uppcb,openaq,167.0,229.0,,,,,,,,,,,False
2026-02-05 08:00:00+05:30,indirapuram_ghaziabad_uppcb,openaq,174.0,248.0,,,,,,,,,,,False
2026-02-05 10:00:00+05:30,indirapuram_ghaziabad_uppcb,openaq,117.0,208.0,,,,,,,,,,,False
2026-02-05 11:00:00+05:30,indirapuram_ghaziabad_uppcb,openaq,99.5,199.0,,,,,,,,,,,False
2026-02-05 12:00:00+05:30,indirapuram_ghaziabad_uppcb,openaq,98.0,191.0,,,,,,,,,,,False
2026-02-05 13:00:00+05:30,indirapuram_ghaziabad_uppcb,openaq,75.5,155.0,,,,,,,,,,,False
2026-02-05 14:00:00+05:30,indirapuram_ghaziabad_uppcb,openaq,58.5,144.0,,,,,,,,,,,False
2026-02-05 15:00:00+05:30,indirapuram_ghaziabad_uppcb,openaq,54.0,137.0,,,,,,,,,,,False
2026-02-05 16:00:00+05:30,indirapuram_ghaziabad_uppcb,openaq,55.0,135.0,,,,,,,,,,,False
2026-02-05 17:00:00+05:30,indirapuram_ghaziabad_uppcb,openaq,60.5,144.0,,,,,,,,,,,False
2026-02-05 18:00:00+05:30,indirapuram_ghaziabad_uppcb,openaq,68.5,158.0,,,,,,,,,,,False
2026-02-05 19:00:00+05:30,indirapuram_ghaziabad_uppcb,openaq,83.0,180.0,,,,,,,,,,,False
2026-02-05 20:00:00+05:30,indirapuram_ghaziabad_uppcb,openaq,126.0,235.0,,,,,,,,,,,False
2026-02-05 21:00:00+05:30,indirapuram_ghaziabad_uppcb,openaq,147.0,262.0,,,,,,,,,,,False
2026-02-05 22:00:00+05:30,indirapuram_ghaziabad_uppcb,openaq,150.0,263.0,,,,,,,,,,,False
2026-02-05 23:00:00+05:30,indirapuram_ghaziabad_uppcb,openaq,140.0,238.0,,,,,,,,,,,False
2026-02-06 01:00:00+05:30,indirapuram_ghaziabad_uppcb,openaq,119.0,183.0,,,,,,,,,,,False
2026-02-06 02:00:00+05:30,indirapuram_ghaziabad_uppcb,openaq,114.0,176.0,,,,,,,,,,,False
2026-02-06 03:00:00+05:30,indirapuram_ghaziabad_uppcb,openaq,109.0,162.0,,,,,,,,,,,False
2026-02-06 04:00:00+05:30,indirapuram_ghaziabad_uppcb,openaq,109.0,156.0,,,,,,,,,,,False
2026-02-06 05:00:00+05:30,indirapuram_ghaziabad_uppcb,openaq,129.0,180.0,,,,,,,,,,,False
2026-02-06 06:00:00+05:30,indirapuram_ghaziabad_uppcb,openaq,146.0,211.0,,,,,,,,,,,False
2026-02-06 07:00:00+05:30,indirapuram_ghaziabad_uppcb,openaq,142.0,235.0,,,,,,,,,,,False
2026-02-06 08:00:00+05:30,indirapuram_ghaziabad_uppcb,openaq,135.0,246.0,,,,,,,,,,,False
2026-02-06 09:00:00+05:30,indirapuram_ghaziabad_uppcb,openaq,135.0,263.0,,,,,,,,,,,False
2026-02-06 10:00:00+05:30,indirapuram_ghaziabad_uppcb,openaq,122.0,252.0,,,,,,,,,,,False
2026-02-06 11:00:00+05:30,indirapuram_ghaziabad_uppcb,openaq,94.0,212.0,,,,,,,,,,,False
2026-02-06 12:00:00+05:30,indirapuram_ghaziabad_uppcb,openaq,74.0,183.0,,,,,,,,,,,False
2026-02-06 13:00:00+05:30,indirapuram_ghaziabad_uppcb,openaq,59.5,158.0,,,,,,,,,,,False
2026-02-06 14:00:00+05:30,indirapuram_ghaziabad_uppcb,openaq,53.3,145.0,,,,,,,,,,,False
2026-02-06 15:00:00+05:30,indirapuram_ghaziabad_uppcb,openaq,59.7,145.0,,,,,,,,,,,False
2026-02-06 18:00:00+05:30,indirapuram_ghaziabad_uppcb,openaq,93.5,203.0,,,,,,,,,,,False
2026-02-06 19:00:00+05:30,indirapuram_ghaziabad_uppcb,openaq,103.0,225.0,,,,,,,,,,,False
2026-02-06 20:00:00+05:30,indirapuram_ghaziabad_uppcb,openaq,116.0,235.0,,,,,,,,,,,False
2026-02-06 21:00:00+05:30,indirapuram_ghaziabad_uppcb,openaq,125.0,244.0,,,,,,,,,,,False
2026-02-06 22:00:00+05:30,indirapuram_ghaziabad_uppcb,openaq,126.0,248.0,,,,,,,,,,,False
2026-02-07 01:00:00+05:30,indirapuram_ghaziabad_uppcb,openaq,123.0,192.0,,,,,,,,,,,False
2026-02-07 02:00:00+05:30,indirapuram_ghaziabad_uppcb,openaq,124.0,187.0,,,,,,,,,,,False
2026-02-07 03:00:00+05:30,indirapuram_ghaziabad_uppcb,openaq,117.0,181.0,,,,,,,,,,,False
2026-02-07 04:00:00+05:30,indirapuram_ghaziabad_uppcb,openaq,122.0,186.0,,,,,,,,,,,False
2026-02-07 05:00:00+05:30,indirapuram_ghaziabad_uppcb,openaq,119.0,181.0,,,,,,,,,,,False
2026-02-07 06:00:00+05:30,indirapuram_ghaziabad_uppcb,openaq,114.0,180.0,,,,,,,,,,,False
2026-02-07 07:00:00+05:30,indirapuram_ghaziabad_uppcb,openaq,129.0,208.0,,,,,,,,,,,False
2026-02-07 08:00:00+05:30,indirapuram_ghaziabad_uppcb,openaq,137.0,238.0,,,,,,,,,,,False
2026-02-07 09:00:00+05:30,indirapuram_ghaziabad_uppcb,openaq,130.0,247.0,,,,,,,,,,,False
2026-02-07 10:00:00+05:30,indirapuram_ghaziabad_uppcb,openaq,118.0,240.0,,,,,,,,,,,False
2026-02-07 11:00:00+05:30,indirapuram_ghaziabad_uppcb,openaq,105.0,220.0,,,,,,,,,,,False
2026-02-07 12:00:00+05:30,indirapuram_ghaziabad_uppcb,openaq,96.3,206.0,,,,,,,,,,,False
2026-02-07 13:00:00+05:30,indirapuram_ghaziabad_uppcb,openaq,87.5,197.0,,,,,,,,,,,False
2026-02-07 14:00:00+05:30,indirapuram_ghaziabad_uppcb,openaq,73.0,192.0,,,,,,,,,,,False
2026-02-07 15:00:00+05:30,indirapuram_ghaziabad_uppcb,openaq,62.0,180.0,,,,,,,,,,,False
2026-02-07 16:00:00+05:30,indirapuram_ghaziabad_uppcb,openaq,61.0,171.0,,,,,,,,,,,False
2026-02-07 17:00:00+05:30,indirapuram_ghaziabad_uppcb,openaq,,161.0,,,,,,,,,,,False
2026-02-07 18:00:00+05:30,indirapuram_ghaziabad_uppcb,openaq,,171.0,,,,,,,,,,,False
2026-02-07 19:00:00+05:30,indirapuram_ghaziabad_uppcb,openaq,,205.0,,,,,,,,,,,False
2026-02-07 20:00:00+05:30,indirapuram_ghaziabad_uppcb,openaq,,224.0,,,,,,,,,,,False
2026-02-07 21:00:00+05:30,indirapuram_ghaziabad_uppcb,openaq,,242.0,,,,,,,,,,,False
2026-02-07 22:00:00+05:30,indirapuram_ghaziabad_uppcb,openaq,,245.0,,,,,,,,,,,False
2026-02-07 23:00:00+05:30,indirapuram_ghaziabad_uppcb,openaq,,220.0,,,,,,,,,,,False
2026-02-08 21:00:00+05:30,indirapuram_ghaziabad_uppcb,openaq,116.0,289.0,,,,,,,,,,,False
2026-02-08 22:00:00+05:30,indirapuram_ghaziabad_uppcb,openaq,158.0,393.0,,,,,,,,,,,False
2026-02-08 23:00:00+05:30,indirapuram_ghaziabad_uppcb,openaq,174.0,435.0,,,,,,,,,,,False
2026-02-09 01:00:00+05:30,indirapuram_ghaziabad_uppcb,openaq,135.0,338.0,,,,,,,,,,,False
2026-02-09 02:00:00+05:30,indirapuram_ghaziabad_uppcb,openaq,132.0,330.0,,,,,,,,,,,False
2026-02-09 03:00:00+05:30,indirapuram_ghaziabad_uppcb,openaq,131.0,328.0,,,,,,,,,,,False
2026-02-09 04:00:00+05:30,indirapuram_ghaziabad_uppcb,openaq,124.0,309.0,,,,,,,,,,,False
2026-02-09 05:00:00+05:30,indirapuram_ghaziabad_uppcb,openaq,114.0,285.0,,,,,,,,,,,False
2026-02-09 07:00:00+05:30,indirapuram_ghaziabad_uppcb,openaq,136.0,339.0,,,,,,,,,,,False
2026-02-09 08:00:00+05:30,indirapuram_ghaziabad_uppcb,openaq,152.0,380.0,,,,,,,,,,,False
2026-02-09 09:00:00+05:30,indirapuram_ghaziabad_uppcb,openaq,152.0,381.0,,,,,,,,,,,False
2026-02-09 10:00:00+05:30,indirapuram_ghaziabad_uppcb,openaq,149.0,372.0,,,,,,,,,,,False
2026-02-09 14:00:00+05:30,indirapuram_ghaziabad_uppcb,openaq,59.0,148.0,,,,,,,,,,,False
2026-02-09 15:00:00+05:30,indirapuram_ghaziabad_uppcb,openaq,63.3,159.0,,,,,,,,,,,False
2026-02-09 16:00:00+05:30,indirapuram_ghaziabad_uppcb,openaq,71.5,179.0,,,,,,,,,,,False
2026-02-09 17:00:00+05:30,indirapuram_ghaziabad_uppcb,openaq,79.7,211.0,,,,,,,,,,,False
2026-02-09 19:00:00+05:30,indirapuram_ghaziabad_uppcb,openaq,136.0,393.0,,,,,,,,,,,False
2026-02-09 20:00:00+05:30,indirapuram_ghaziabad_uppcb,openaq,183.0,506.0,,,,,,,,,,,False
2026-02-09 21:00:00+05:30,indirapuram_ghaziabad_uppcb,openaq,260.0,683.0,,,,,,,,,,,False
2026-02-09 22:00:00+05:30,indirapuram_ghaziabad_uppcb,openaq,326.0,730.0,,,,,,,,,,,False
2026-02-09 23:00:00+05:30,indirapuram_ghaziabad_uppcb,openaq,358.0,686.0,,,,,,,,,,,False
2026-02-10 01:00:00+05:30,indirapuram_ghaziabad_uppcb,openaq,267.0,493.0,,,,,,,,,,,False
2026-02-10 02:00:00+05:30,indirapuram_ghaziabad_uppcb,openaq,219.0,390.0,,,,,,,,,,,False
2026-02-10 03:00:00+05:30,indirapuram_ghaziabad_uppcb,openaq,206.0,351.0,,,,,,,,,,,False
2026-02-10 05:00:00+05:30,indirapuram_ghaziabad_uppcb,openaq,215.0,354.0,,,,,,,,,,,False
2026-02-10 06:00:00+05:30,indirapuram_ghaziabad_uppcb,openaq,230.0,364.0,,,,,,,,,,,False
2026-02-10 07:00:00+05:30,indirapuram_ghaziabad_uppcb,openaq,266.0,470.0,,,,,,,,,,,False
2026-02-10 08:00:00+05:30,indirapuram_ghaziabad_uppcb,openaq,294.0,591.0,,,,,,,,,,,False
2026-02-10 09:00:00+05:30,indirapuram_ghaziabad_uppcb,openaq,257.0,497.0,,,,,,,,,,,False
2026-02-10 10:00:00+05:30,indirapuram_ghaziabad_uppcb,openaq,190.0,347.0,,,,,,,,,,,False
2026-02-10 11:00:00+05:30,indirapuram_ghaziabad_uppcb,openaq,125.0,247.0,,,,,,,,,,,False
2026-02-10 12:00:00+05:30,indirapuram_ghaziabad_uppcb,openaq,77.0,166.0,,,,,,,,,,,False
2026-02-10 13:00:00+05:30,indirapuram_ghaziabad_uppcb,openaq,77.5,165.0,,,,,,,,,,,False
2026-02-10 14:00:00+05:30,indirapuram_ghaziabad_uppcb,openaq,89.0,187.0,,,,,,,,,,,False
2026-02-10 15:00:00+05:30,indirapuram_ghaziabad_uppcb,openaq,93.0,205.0,,,,,,,,,,,False
2026-02-10 16:00:00+05:30,indirapuram_ghaziabad_uppcb,openaq,94.5,220.0,,,,,,,,,,,False
2026-02-10 17:00:00+05:30,indirapuram_ghaziabad_uppcb,openaq,97.7,258.0,,,,,,,,,,,False
2026-02-10 18:00:00+05:30,indirapuram_ghaziabad_uppcb,openaq,106.0,335.0,,,,,,,,,,,False
2026-02-10 19:00:00+05:30,indirapuram_ghaziabad_uppcb,openaq,159.0,463.0,,,,,,,,,,,False
2026-02-10 20:00:00+05:30,indirapuram_ghaziabad_uppcb,openaq,252.0,628.0,,,,,,,,,,,False
2026-02-10 21:00:00+05:30,indirapuram_ghaziabad_uppcb,openaq,317.0,718.0,,,,,,,,,,,False
2026-02-10 22:00:00+05:30,indirapuram_ghaziabad_uppcb,openaq,351.0,757.0,,,,,,,,,,,False
2026-02-10 23:00:00+05:30,indirapuram_ghaziabad_uppcb,openaq,375.0,764.0,,,,,,,,,,,False
2026-02-11 01:00:00+05:30,indirapuram_ghaziabad_uppcb,openaq,374.0,699.0,,,,,,,,,,,False
2026-02-11 02:00:00+05:30,indirapuram_ghaziabad_uppcb,openaq,325.0,608.0,,,,,,,,,,,False
2026-02-11 03:00:00+05:30,indirapuram_ghaziabad_uppcb,openaq,297.0,524.0,,,,,,,,,,,False
2026-02-11 04:00:00+05:30,indirapuram_ghaziabad_uppcb,openaq,316.0,520.0,,,,,,,,,,,False
2026-02-11 05:00:00+05:30,indirapuram_ghaziabad_uppcb,openaq,278.0,414.0,,,,,,,,,,,False
2026-02-11 06:00:00+05:30,indirapuram_ghaziabad_uppcb,openaq,268.0,402.0,,,,,,,,,,,False
2026-02-11 07:00:00+05:30,indirapuram_ghaziabad_uppcb,openaq,321.0,535.0,,,,,,,,,,,False
2026-02-11 08:00:00+05:30,indirapuram_ghaziabad_uppcb,openaq,361.0,679.0,,,,,,,,,,,False
2026-02-11 09:00:00+05:30,indirapuram_ghaziabad_uppcb,openaq,402.0,733.0,,,,,,,,,,,False
2026-02-11 10:00:00+05:30,indirapuram_ghaziabad_uppcb,openaq,360.0,621.0,,,,,,,,,,,False
2026-02-11 11:00:00+05:30,indirapuram_ghaziabad_uppcb,openaq,199.0,370.0,,,,,,,,,,,False
2026-02-11 12:00:00+05:30,indirapuram_ghaziabad_uppcb,openaq,143.0,281.0,,,,,,,,,,,False
2026-02-11 13:00:00+05:30,indirapuram_ghaziabad_uppcb,openaq,100.0,228.0,,,,,,,,,,,False
2026-02-11 14:00:00+05:30,indirapuram_ghaziabad_uppcb,openaq,82.5,205.0,,,,,,,,,,,False
2026-02-11 15:00:00+05:30,indirapuram_ghaziabad_uppcb,openaq,66.0,175.0,,,,,,,,,,,False
2026-02-11 16:00:00+05:30,indirapuram_ghaziabad_uppcb,openaq,66.0,170.0,,,,,,,,,,,False
2026-02-11 17:00:00+05:30,indirapuram_ghaziabad_uppcb,openaq,74.5,184.0,,,,,,,,,,,False
2026-02-11 18:00:00+05:30,indirapuram_ghaziabad_uppcb,openaq,78.5,191.0,,,,,,,,,,,False
2026-02-11 19:00:00+05:30,indirapuram_ghaziabad_uppcb,openaq,99.0,228.0,,,,,,,,,,,False
2026-02-11 20:00:00+05:30,indirapuram_ghaziabad_uppcb,openaq,112.0,256.0,,,,,,,,,,,False
2026-02-11 21:00:00+05:30,indirapuram_ghaziabad_uppcb,openaq,104.0,229.0,,,,,,,,,,,False
2026-02-11 22:00:00+05:30,indirapuram_ghaziabad_uppcb,openaq,99.5,207.0,,,,,,,,,,,False
2026-02-11 23:00:00+05:30,indirapuram_ghaziabad_uppcb,openaq,87.7,186.0,,,,,,,,,,,False
2026-02-12 01:00:00+05:30,indirapuram_ghaziabad_uppcb,openaq,67.3,135.0,,,,,,,,,,,False
2026-02-12 02:00:00+05:30,indirapuram_ghaziabad_uppcb,openaq,66.5,124.0,,,,,,,,,,,False
2026-02-12 03:00:00+05:30,indirapuram_ghaziabad_uppcb,openaq,65.0,122.0,,,,,,,,,,,False
2026-02-12 04:00:00+05:30,indirapuram_ghaziabad_uppcb,openaq,76.0,125.0,,,,,,,,,,,False
2026-02-12 05:00:00+05:30,indirapuram_ghaziabad_uppcb,openaq,82.0,123.0,,,,,,,,,,,False
2026-02-12 06:00:00+05:30,indirapuram_ghaziabad_uppcb,openaq,75.0,123.0,,,,,,,,,,,False
2026-02-12 07:00:00+05:30,indirapuram_ghaziabad_uppcb,openaq,83.0,168.0,,,,,,,,,,,False
2026-02-12 08:00:00+05:30,indirapuram_ghaziabad_uppcb,openaq,101.0,226.0,,,,,,,,,,,False
2026-02-12 09:00:00+05:30,indirapuram_ghaziabad_uppcb,openaq,115.0,254.0,,,,,,,,,,,False
2026-02-12 10:00:00+05:30,indirapuram_ghaziabad_uppcb,openaq,110.0,238.0,,,,,,,,,,,False
2026-02-12 11:00:00+05:30,indirapuram_ghaziabad_uppcb,openaq,89.5,205.0,,,,,,,,,,,False
2026-02-12 12:00:00+05:30,indirapuram_ghaziabad_uppcb,openaq,64.5,159.0,,,,,,,,,,,False
2026-02-12 13:00:00+05:30,indirapuram_ghaziabad_uppcb,openaq,45.0,123.0,,,,,,,,,,,False
2026-02-12 14:00:00+05:30,indirapuram_ghaziabad_uppcb,openaq,35.0,109.0,,,,,,,,,,,False
2026-02-12 15:00:00+05:30,indirapuram_ghaziabad_uppcb,openaq,28.0,105.0,,,,,,,,,,,False
2026-02-12 16:00:00+05:30,indirapuram_ghaziabad_uppcb,openaq,26.5,108.0,,,,,,,,,,,False
2026-02-12 17:00:00+05:30,indirapuram_ghaziabad_uppcb,openaq,34.5,121.0,,,,,,,,,,,False
2026-02-12 18:00:00+05:30,indirapuram_ghaziabad_uppcb,openaq,50.0,150.0,,,,,,,,,,,False
2026-02-12 19:00:00+05:30,indirapuram_ghaziabad_uppcb,openaq,75.0,187.0,,,,,,,,,,,False
2026-02-12 20:00:00+05:30,indirapuram_ghaziabad_uppcb,openaq,93.5,208.0,,,,,,,,,,,False
2026-02-12 21:00:00+05:30,indirapuram_ghaziabad_uppcb,openaq,105.0,226.0,,,,,,,,,,,False
2026-02-12 22:00:00+05:30,indirapuram_ghaziabad_uppcb,openaq,122.0,256.0,,,,,,,,,,,False
2026-02-12 23:00:00+05:30,indirapuram_ghaziabad_uppcb,openaq,127.0,258.0,,,,,,,,,,,False
2026-02-13 01:00:00+05:30,indirapuram_ghaziabad_uppcb,openaq,133.0,244.0,,,,,,,,,,,False
2026-02-13 02:00:00+05:30,indirapuram_ghaziabad_uppcb,openaq,127.0,220.0,,,,,,,,,,,False
2026-02-13 03:00:00+05:30,indirapuram_ghaziabad_uppcb,openaq,117.0,189.0,,,,,,,,,,,False
2026-02-13 04:00:00+05:30,indirapuram_ghaziabad_uppcb,openaq,115.0,167.0,,,,,,,,,,,False
2026-02-13 05:00:00+05:30,indirapuram_ghaziabad_uppcb,openaq,,155.0,,,,,,,,,,,False
2026-02-13 06:00:00+05:30,indirapuram_ghaziabad_uppcb,openaq,112.0,152.0,,,,,,,,,,,False
2026-02-13 07:00:00+05:30,indirapuram_ghaziabad_uppcb,openaq,121.0,193.0,,,,,,,,,,,False
2026-02-13 08:00:00+05:30,indirapuram_ghaziabad_uppcb,openaq,135.0,253.0,,,,,,,,,,,False
2026-02-13 09:00:00+05:30,indirapuram_ghaziabad_uppcb,openaq,126.0,249.0,,,,,,,,,,,False
2026-02-13 10:00:00+05:30,indirapuram_ghaziabad_uppcb,openaq,94.0,207.0,,,,,,,,,,,False
2026-02-13 11:00:00+05:30,indirapuram_ghaziabad_uppcb,openaq,70.0,172.0,,,,,,,,,,,False
2026-02-13 12:00:00+05:30,indirapuram_ghaziabad_uppcb,openaq,59.0,152.0,,,,,,,,,,,False
2026-02-13 13:00:00+05:30,indirapuram_ghaziabad_uppcb,openaq,55.0,142.0,,,,,,,,,,,False
2026-02-13 14:00:00+05:30,indirapuram_ghaziabad_uppcb,openaq,53.5,135.0,,,,,,,,,,,False
2026-02-13 15:00:00+05:30,indirapuram_ghaziabad_uppcb,openaq,48.0,124.0,,,,,,,,,,,False
2026-02-13 16:00:00+05:30,indirapuram_ghaziabad_uppcb,openaq,42.3,118.0,,,,,,,,,,,False
2026-02-13 17:00:00+05:30,indirapuram_ghaziabad_uppcb,openaq,42.5,135.0,,,,,,,,,,,False
2026-02-13 18:00:00+05:30,indirapuram_ghaziabad_uppcb,openaq,56.0,188.0,,,,,,,,,,,False
2026-02-13 19:00:00+05:30,indirapuram_ghaziabad_uppcb,openaq,79.0,247.0,,,,,,,,,,,False
2026-02-13 20:00:00+05:30,indirapuram_ghaziabad_uppcb,openaq,108.0,304.0,,,,,,,,,,,False
2026-02-13 21:00:00+05:30,indirapuram_ghaziabad_uppcb,openaq,146.0,378.0,,,,,,,,,,,False
2026-02-13 22:00:00+05:30,indirapuram_ghaziabad_uppcb,openaq,210.0,510.0,,,,,,,,,,,False
2026-02-13 23:00:00+05:30,indirapuram_ghaziabad_uppcb,openaq,238.0,553.0,,,,,,,,,,,False
2026-02-14 01:00:00+05:30,indirapuram_ghaziabad_uppcb,openaq,297.0,583.0,,,,,,,,,,,False
2026-02-14 02:00:00+05:30,indirapuram_ghaziabad_uppcb,openaq,249.0,431.0,,,,,,,,,,,False
2026-02-14 03:00:00+05:30,indirapuram_ghaziabad_uppcb,openaq,238.0,372.0,,,,,,,,,,,False
2026-02-14 04:00:00+05:30,indirapuram_ghaziabad_uppcb,openaq,218.0,313.0,,,,,,,,,,,False
2026-02-14 05:00:00+05:30,indirapuram_ghaziabad_uppcb,openaq,181.0,263.0,,,,,,,,,,,False
2026-02-14 06:00:00+05:30,indirapuram_ghaziabad_uppcb,openaq,163.0,260.0,,,,,,,,,,,False
2026-02-14 07:00:00+05:30,indirapuram_ghaziabad_uppcb,openaq,172.0,295.0,,,,,,,,,,,False
2026-02-14 08:00:00+05:30,indirapuram_ghaziabad_uppcb,openaq,180.0,316.0,,,,,,,,,,,False
2026-02-14 09:00:00+05:30,indirapuram_ghaziabad_uppcb,openaq,177.0,322.0,,,,,,,,,,,False
2026-02-14 10:00:00+05:30,indirapuram_ghaziabad_uppcb,openaq,150.0,296.0,,,,,,,,,,,False
2026-02-14 11:00:00+05:30,indirapuram_ghaziabad_uppcb,openaq,97.5,216.0,,,,,,,,,,,False
2026-02-14 12:00:00+05:30,indirapuram_ghaziabad_uppcb,openaq,74.0,172.0,,,,,,,,,,,False
2026-02-14 13:00:00+05:30,indirapuram_ghaziabad_uppcb,openaq,73.0,171.0,,,,,,,,,,,False
2026-02-14 14:00:00+05:30,indirapuram_ghaziabad_uppcb,openaq,59.5,162.0,,,,,,,,,,,False
2026-02-14 15:00:00+05:30,indirapuram_ghaziabad_uppcb,openaq,51.7,147.0,,,,,,,,,,,False
2026-02-14 16:00:00+05:30,indirapuram_ghaziabad_uppcb,openaq,48.5,134.0,,,,,,,,,,,False
2026-02-14 17:00:00+05:30,indirapuram_ghaziabad_uppcb,openaq,57.5,162.0,,,,,,,,,,,False
2026-02-14 18:00:00+05:30,indirapuram_ghaziabad_uppcb,openaq,74.0,213.0,,,,,,,,,,,False
2026-02-14 19:00:00+05:30,indirapuram_ghaziabad_uppcb,openaq,94.0,275.0,,,,,,,,,,,False
2026-02-14 20:00:00+05:30,indirapuram_ghaziabad_uppcb,openaq,107.0,293.0,,,,,,,,,,,False
2026-02-14 21:00:00+05:30,indirapuram_ghaziabad_uppcb,openaq,116.0,265.0,,,,,,,,,,,False
2026-02-14 22:00:00+05:30,indirapuram_ghaziabad_uppcb,openaq,145.0,319.0,,,,,,,,,,,False
2026-02-14 23:00:00+05:30,indirapuram_ghaziabad_uppcb,openaq,189.0,436.0,,,,,,,,,,,False
2026-02-15 01:00:00+05:30,indirapuram_ghaziabad_uppcb,openaq,257.0,373.0,,,,,,,,,,,False
2026-02-15 02:00:00+05:30,indirapuram_ghaziabad_uppcb,openaq,215.0,334.0,,,,,,,,,,,False
2026-02-15 03:00:00+05:30,indirapuram_ghaziabad_uppcb,openaq,157.0,271.0,,,,,,,,,,,False
2026-02-15 04:00:00+05:30,indirapuram_ghaziabad_uppcb,openaq,142.0,221.0,,,,,,,,,,,False
2026-02-15 05:00:00+05:30,indirapuram_ghaziabad_uppcb,openaq,121.0,186.0,,,,,,,,,,,False
2026-02-15 06:00:00+05:30,indirapuram_ghaziabad_uppcb,openaq,109.0,171.0,,,,,,,,,,,False
2026-02-15 07:00:00+05:30,indirapuram_ghaziabad_uppcb,openaq,113.0,187.0,,,,,,,,,,,False
2026-02-15 08:00:00+05:30,indirapuram_ghaziabad_uppcb,openaq,120.0,213.0,,,,,,,,,,,False
2026-02-15 09:00:00+05:30,indirapuram_ghaziabad_uppcb,openaq,113.0,222.0,,,,,,,,,,,False
2026-02-15 10:00:00+05:30,indirapuram_ghaziabad_uppcb,openaq,108.0,228.0,,,,,,,,,,,False
2026-02-15 11:00:00+05:30,indirapuram_ghaziabad_uppcb,openaq,97.0,212.0,,,,,,,,,,,False
2026-02-15 12:00:00+05:30,indirapuram_ghaziabad_uppcb,openaq,79.0,175.0,,,,,,,,,,,False
2026-02-15 13:00:00+05:30,indirapuram_ghaziabad_uppcb,openaq,69.0,166.0,,,,,,,,,,,False
2026-02-15 14:00:00+05:30,indirapuram_ghaziabad_uppcb,openaq,53.0,152.0,,,,,,,,,,,False
2026-02-15 15:00:00+05:30,indirapuram_ghaziabad_uppcb,openaq,44.0,129.0,,,,,,,,,,,False
2026-02-15 16:00:00+05:30,indirapuram_ghaziabad_uppcb,openaq,45.0,124.0,,,,,,,,,,,False
2026-02-15 17:00:00+05:30,indirapuram_ghaziabad_uppcb,openaq,55.0,174.0,,,,,,,,,,,False
2026-02-15 18:00:00+05:30,indirapuram_ghaziabad_uppcb,openaq,64.5,237.0,,,,,,,,,,,False
2026-02-15 19:00:00+05:30,indirapuram_ghaziabad_uppcb,openaq,90.5,274.0,,,,,,,,,,,False
2026-02-15 20:00:00+05:30,indirapuram_ghaziabad_uppcb,openaq,128.0,300.0,,,,,,,,,,,False
2026-02-15 21:00:00+05:30,indirapuram_ghaziabad_uppcb,openaq,169.0,421.0,,,,,,,,,,,False
2026-02-15 22:00:00+05:30,indirapuram_ghaziabad_uppcb,openaq,212.0,556.0,,,,,,,,,,,False
2026-02-15 23:00:00+05:30,indirapuram_ghaziabad_uppcb,openaq,245.0,642.0,,,,,,,,,,,False
2026-02-16 01:00:00+05:30,indirapuram_ghaziabad_uppcb,openaq,282.0,509.0,,,,,,,,,,,False
2026-02-16 02:00:00+05:30,indirapuram_ghaziabad_uppcb,openaq,235.0,359.0,,,,,,,,,,,False
2026-02-16 03:00:00+05:30,indirapuram_ghaziabad_uppcb,openaq,232.0,349.0,,,,,,,,,,,False
2026-02-16 04:00:00+05:30,indirapuram_ghaziabad_uppcb,openaq,227.0,354.0,,,,,,,,,,,False
2026-02-16 05:00:00+05:30,indirapuram_ghaziabad_uppcb,openaq,205.0,314.0,,,,,,,,,,,False
2026-02-16 06:00:00+05:30,indirapuram_ghaziabad_uppcb,openaq,181.0,279.0,,,,,,,,,,,False
2026-02-16 07:00:00+05:30,indirapuram_ghaziabad_uppcb,openaq,176.0,333.0,,,,,,,,,,,False
2026-02-16 08:00:00+05:30,indirapuram_ghaziabad_uppcb,openaq,177.0,380.0,,,,,,,,,,,False
2026-02-16 09:00:00+05:30,indirapuram_ghaziabad_uppcb,openaq,171.0,358.0,,,,,,,,,,,False
2026-02-17 13:00:00+05:30,indirapuram_ghaziabad_uppcb,openaq,52.0,173.0,,,,,,,,,,,False
2026-02-17 14:00:00+05:30,indirapuram_ghaziabad_uppcb,openaq,36.5,138.0,,,,,,,,,,,False
2026-02-17 15:00:00+05:30,indirapuram_ghaziabad_uppcb,openaq,37.5,128.0,,,,,,,,,,,False
2026-02-17 16:00:00+05:30,indirapuram_ghaziabad_uppcb,openaq,43.5,148.0,,,,,,,,,,,False
2026-02-17 17:00:00+05:30,indirapuram_ghaziabad_uppcb,openaq,59.0,202.0,,,,,,,,,,,False
2026-02-17 18:00:00+05:30,indirapuram_ghaziabad_uppcb,openaq,70.0,240.0,,,,,,,,,,,False
2026-02-17 19:00:00+05:30,indirapuram_ghaziabad_uppcb,openaq,80.0,257.0,,,,,,,,,,,False
2026-02-17 20:00:00+05:30,indirapuram_ghaziabad_uppcb,openaq,83.0,256.0,,,,,,,,,,,False
2026-02-17 21:00:00+05:30,indirapuram_ghaziabad_uppcb,openaq,96.0,300.0,,,,,,,,,,,False
2026-02-18 07:00:00+05:30,indirapuram_ghaziabad_uppcb,openaq,227.0,400.0,,,,,,,,,,,False
2026-02-18 08:00:00+05:30,indirapuram_ghaziabad_uppcb,openaq,167.0,308.0,,,,,,,,,,,False
2026-02-18 09:00:00+05:30,indirapuram_ghaziabad_uppcb,openaq,108.0,233.0,,,,,,,,,,,False
2026-02-18 10:00:00+05:30,indirapuram_ghaziabad_uppcb,openaq,86.5,204.0,,,,,,,,,,,False
2026-02-18 11:00:00+05:30,indirapuram_ghaziabad_uppcb,openaq,68.5,184.0,,,,,,,,,,,False
2026-02-18 12:00:00+05:30,indirapuram_ghaziabad_uppcb,openaq,62.0,171.0,,,,,,,,,,,False
2026-02-18 13:00:00+05:30,indirapuram_ghaziabad_uppcb,openaq,70.5,152.0,,,,,,,,,,,False
2026-02-18 15:00:00+05:30,indirapuram_ghaziabad_uppcb,openaq,47.5,109.0,,,,,,,,,,,False
2026-02-18 16:00:00+05:30,indirapuram_ghaziabad_uppcb,openaq,42.0,94.5,,,,,,,,,,,False
2026-02-18 17:00:00+05:30,indirapuram_ghaziabad_uppcb,openaq,47.0,114.0,,,,,,,,,,,False
2026-02-18 18:00:00+05:30,indirapuram_ghaziabad_uppcb,openaq,49.5,121.0,,,,,,,,,,,False
2026-02-18 19:00:00+05:30,indirapuram_ghaziabad_uppcb,openaq,56.5,129.0,,,,,,,,,,,False
2026-02-18 20:00:00+05:30,indirapuram_ghaziabad_uppcb,openaq,69.5,172.0,,,,,,,,,,,False
2026-02-18 21:00:00+05:30,indirapuram_ghaziabad_uppcb,openaq,80.3,194.0,,,,,,,,,,,False
2026-02-19 17:00:00+05:30,indirapuram_ghaziabad_uppcb,openaq,48.0,140.0,,,,,,,,,,,False
2026-02-19 18:00:00+05:30,indirapuram_ghaziabad_uppcb,openaq,79.3,193.0,,,,,,,,,,,False
2026-02-19 19:00:00+05:30,indirapuram_ghaziabad_uppcb,openaq,121.0,258.0,,,,,,,,,,,False
2026-02-19 20:00:00+05:30,indirapuram_ghaziabad_uppcb,openaq,152.0,283.0,,,,,,,,,,,False
2026-02-19 21:00:00+05:30,indirapuram_ghaziabad_uppcb,openaq,146.0,247.0,,,,,,,,,,,False
2026-02-19 22:00:00+05:30,indirapuram_ghaziabad_uppcb,openaq,144.0,247.0,,,,,,,,,,,False
2026-02-19 23:00:00+05:30,indirapuram_ghaziabad_uppcb,openaq,152.0,258.0,,,,,,,,,,,False
2026-02-20 01:00:00+05:30,indirapuram_ghaziabad_uppcb,openaq,105.0,184.0,,,,,,,,,,,False
2026-02-20 02:00:00+05:30,indirapuram_ghaziabad_uppcb,openaq,119.0,192.0,,,,,,,,,,,False
2026-02-20 03:00:00+05:30,indirapuram_ghaziabad_uppcb,openaq,148.0,226.0,,,,,,,,,,,False
2026-02-20 04:00:00+05:30,indirapuram_ghaziabad_uppcb,openaq,172.0,250.0,,,,,,,,,,,False
2026-02-20 05:00:00+05:30,indirapuram_ghaziabad_uppcb,openaq,160.0,232.0,,,,,,,,,,,False
2026-02-20 06:00:00+05:30,indirapuram_ghaziabad_uppcb,openaq,148.0,213.0,,,,,,,,,,,False
2026-02-20 07:00:00+05:30,indirapuram_ghaziabad_uppcb,openaq,169.0,262.0,,,,,,,,,,,False
2026-02-20 08:00:00+05:30,indirapuram_ghaziabad_uppcb,openaq,240.0,382.0,,,,,,,,,,,False
2026-02-20 09:00:00+05:30,indirapuram_ghaziabad_uppcb,openaq,262.0,403.0,,,,,,,,,,,False
2026-02-20 10:00:00+05:30,indirapuram_ghaziabad_uppcb,openaq,218.0,378.0,,,,,,,,,,,False
2026-02-20 11:00:00+05:30,indirapuram_ghaziabad_uppcb,openaq,163.0,306.0,,,,,,,,,,,False
2026-02-20 12:00:00+05:30,indirapuram_ghaziabad_uppcb,openaq,93.0,195.0,,,,,,,,,,,False
2026-02-20 13:00:00+05:30,indirapuram_ghaziabad_uppcb,openaq,74.0,154.0,,,,,,,,,,,False
2026-02-20 15:00:00+05:30,indirapuram_ghaziabad_uppcb,openaq,64.7,148.0,,,,,,,,,,,False
2026-02-20 16:00:00+05:30,indirapuram_ghaziabad_uppcb,openaq,56.5,136.0,,,,,,,,,,,False
2026-02-20 17:00:00+05:30,indirapuram_ghaziabad_uppcb,openaq,56.5,145.0,,,,,,,,,,,False
2026-02-20 18:00:00+05:30,indirapuram_ghaziabad_uppcb,openaq,58.0,159.0,,,,,,,,,,,False
2026-02-20 19:00:00+05:30,indirapuram_ghaziabad_uppcb,openaq,61.0,155.0,,,,,,,,,,,False
2026-02-20 20:00:00+05:30,indirapuram_ghaziabad_uppcb,openaq,67.0,165.0,,,,,,,,,,,False
2026-02-20 21:00:00+05:30,indirapuram_ghaziabad_uppcb,openaq,82.0,194.0,,,,,,,,,,,False
2026-02-20 22:00:00+05:30,indirapuram_ghaziabad_uppcb,openaq,92.0,197.0,,,,,,,,,,,False
2026-02-20 23:00:00+05:30,indirapuram_ghaziabad_uppcb,openaq,92.3,183.0,,,,,,,,,,,False
2026-02-21 01:00:00+05:30,indirapuram_ghaziabad_uppcb,openaq,107.0,182.0,,,,,,,,,,,False
2026-02-21 02:00:00+05:30,indirapuram_ghaziabad_uppcb,openaq,108.0,173.0,,,,,,,,,,,False
2026-02-21 03:00:00+05:30,indirapuram_ghaziabad_uppcb,openaq,116.0,181.0,,,,,,,,,,,False
2026-02-21 04:00:00+05:30,indirapuram_ghaziabad_uppcb,openaq,131.0,199.0,,,,,,,,,,,False
2026-02-21 05:00:00+05:30,indirapuram_ghaziabad_uppcb,openaq,144.0,218.0,,,,,,,,,,,False
2026-02-21 06:00:00+05:30,indirapuram_ghaziabad_uppcb,openaq,146.0,225.0,,,,,,,,,,,False
2026-02-21 07:00:00+05:30,indirapuram_ghaziabad_uppcb,openaq,139.0,235.0,,,,,,,,,,,False
2026-02-21 08:00:00+05:30,indirapuram_ghaziabad_uppcb,openaq,142.0,260.0,,,,,,,,,,,False
2026-02-21 09:00:00+05:30,indirapuram_ghaziabad_uppcb,openaq,160.0,297.0,,,,,,,,,,,False
2026-02-21 10:00:00+05:30,indirapuram_ghaziabad_uppcb,openaq,166.0,305.0,,,,,,,,,,,False
2026-02-21 11:00:00+05:30,indirapuram_ghaziabad_uppcb,openaq,142.0,257.0,,,,,,,,,,,False
2026-02-21 13:00:00+05:30,indirapuram_ghaziabad_uppcb,openaq,104.0,203.0,,,,,,,,,,,False
2026-02-21 14:00:00+05:30,indirapuram_ghaziabad_uppcb,openaq,88.5,190.0,,,,,,,,,,,False
2026-02-21 15:00:00+05:30,indirapuram_ghaziabad_uppcb,openaq,70.0,165.0,,,,,,,,,,,False
2026-02-21 17:00:00+05:30,indirapuram_ghaziabad_uppcb,openaq,60.0,162.0,,,,,,,,,,,False
2026-02-21 18:00:00+05:30,indirapuram_ghaziabad_uppcb,openaq,69.3,192.0,,,,,,,,,,,False
2026-02-21 19:00:00+05:30,indirapuram_ghaziabad_uppcb,openaq,101.0,258.0,,,,,,,,,,,False
2026-02-21 20:00:00+05:30,indirapuram_ghaziabad_uppcb,openaq,131.0,298.0,,,,,,,,,,,False
2026-02-21 21:00:00+05:30,indirapuram_ghaziabad_uppcb,openaq,161.0,333.0,,,,,,,,,,,False
2026-02-21 22:00:00+05:30,indirapuram_ghaziabad_uppcb,openaq,174.0,344.0,,,,,,,,,,,False
2026-02-21 23:00:00+05:30,indirapuram_ghaziabad_uppcb,openaq,190.0,350.0,,,,,,,,,,,False
2026-02-22 02:00:00+05:30,indirapuram_ghaziabad_uppcb,openaq,137.0,224.0,,,,,,,,,,,False
2026-02-22 03:00:00+05:30,indirapuram_ghaziabad_uppcb,openaq,138.0,226.0,,,,,,,,,,,False
2026-02-22 04:00:00+05:30,indirapuram_ghaziabad_uppcb,openaq,144.0,226.0,,,,,,,,,,,False
2026-02-22 05:00:00+05:30,indirapuram_ghaziabad_uppcb,openaq,157.0,235.0,,,,,,,,,,,False
2026-02-22 06:00:00+05:30,indirapuram_ghaziabad_uppcb,openaq,163.0,231.0,,,,,,,,,,,False
2026-02-22 07:00:00+05:30,indirapuram_ghaziabad_uppcb,openaq,150.0,231.0,,,,,,,,,,,False
2026-02-22 08:00:00+05:30,indirapuram_ghaziabad_uppcb,openaq,141.0,232.0,,,,,,,,,,,False
2026-02-22 09:00:00+05:30,indirapuram_ghaziabad_uppcb,openaq,119.0,202.0,,,,,,,,,,,False
2026-02-22 10:00:00+05:30,indirapuram_ghaziabad_uppcb,openaq,95.5,172.0,,,,,,,,,,,False
2026-02-22 11:00:00+05:30,indirapuram_ghaziabad_uppcb,openaq,72.0,146.0,,,,,,,,,,,False
2026-02-22 12:00:00+05:30,indirapuram_ghaziabad_uppcb,openaq,55.5,122.0,,,,,,,,,,,False
2026-02-22 13:00:00+05:30,indirapuram_ghaziabad_uppcb,openaq,49.5,107.0,,,,,,,,,,,False
2026-02-22 14:00:00+05:30,indirapuram_ghaziabad_uppcb,openaq,43.5,99.5,,,,,,,,,,,False
2026-02-22 15:00:00+05:30,indirapuram_ghaziabad_uppcb,openaq,41.0,105.0,,,,,,,,,,,False
2026-02-22 16:00:00+05:30,indirapuram_ghaziabad_uppcb,openaq,40.0,121.0,,,,,,,,,,,False
2026-02-22 17:00:00+05:30,indirapuram_ghaziabad_uppcb,openaq,44.0,150.0,,,,,,,,,,,False
2026-02-22 18:00:00+05:30,indirapuram_ghaziabad_uppcb,openaq,64.5,212.0,,,,,,,,,,,False
2026-02-22 19:00:00+05:30,indirapuram_ghaziabad_uppcb,openaq,92.7,297.0,,,,,,,,,,,False
2026-02-22 21:00:00+05:30,indirapuram_ghaziabad_uppcb,openaq,221.0,736.0,,,,,,,,,,,False
2026-02-22 22:00:00+05:30,indirapuram_ghaziabad_uppcb,openaq,192.0,581.0,,,,,,,,,,,False
2026-02-23 01:00:00+05:30,indirapuram_ghaziabad_uppcb,openaq,129.0,208.0,,,,,,,,,,,False
2026-02-23 02:00:00+05:30,indirapuram_ghaziabad_uppcb,openaq,126.0,187.0,,,,,,,,,,,False
2026-02-23 03:00:00+05:30,indirapuram_ghaziabad_uppcb,openaq,138.0,190.0,,,,,,,,,,,False
2026-02-23 04:00:00+05:30,indirapuram_ghaziabad_uppcb,openaq,153.0,209.0,,,,,,,,,,,False
2026-02-23 05:00:00+05:30,indirapuram_ghaziabad_uppcb,openaq,167.0,251.0,,,,,,,,,,,False
2026-02-23 06:00:00+05:30,indirapuram_ghaziabad_uppcb,openaq,173.0,274.0,,,,,,,,,,,False
2026-02-23 07:00:00+05:30,indirapuram_ghaziabad_uppcb,openaq,170.0,306.0,,,,,,,,,,,False
2026-02-23 08:00:00+05:30,indirapuram_ghaziabad_uppcb,openaq,181.0,388.0,,,,,,,,,,,False
2026-02-23 09:00:00+05:30,indirapuram_ghaziabad_uppcb,openaq,190.0,394.0,,,,,,,,,,,False
2026-02-23 11:00:00+05:30,indirapuram_ghaziabad_uppcb,openaq,105.0,201.0,,,,,,,,,,,False
2026-02-23 12:00:00+05:30,indirapuram_ghaziabad_uppcb,openaq,81.5,168.0,,,,,,,,,,,False
2026-02-23 13:00:00+05:30,indirapuram_ghaziabad_uppcb,openaq,70.0,153.0,,,,,,,,,,,False
2026-02-23 15:00:00+05:30,indirapuram_ghaziabad_uppcb,openaq,53.0,148.0,,,,,,,,,,,False
2026-02-23 16:00:00+05:30,indirapuram_ghaziabad_uppcb,openaq,48.5,140.0,,,,,,,,,,,False
2026-02-23 17:00:00+05:30,indirapuram_ghaziabad_uppcb,openaq,52.0,150.0,,,,,,,,,,,False
2026-02-23 18:00:00+05:30,indirapuram_ghaziabad_uppcb,openaq,68.5,227.0,,,,,,,,,,,False
2026-02-23 19:00:00+05:30,indirapuram_ghaziabad_uppcb,openaq,96.0,307.0,,,,,,,,,,,False
2026-02-23 21:00:00+05:30,indirapuram_ghaziabad_uppcb,openaq,183.0,498.0,,,,,,,,,,,False
2026-02-23 22:00:00+05:30,indirapuram_ghaziabad_uppcb,openaq,209.0,563.0,,,,,,,,,,,False
2026-02-23 23:00:00+05:30,indirapuram_ghaziabad_uppcb,openaq,196.0,522.0,,,,,,,,,,,False
2026-02-24 01:00:00+05:30,indirapuram_ghaziabad_uppcb,openaq,160.0,293.0,,,,,,,,,,,False
2026-02-24 02:00:00+05:30,indirapuram_ghaziabad_uppcb,openaq,160.0,267.0,,,,,,,,,,,False
2026-02-24 03:00:00+05:30,indirapuram_ghaziabad_uppcb,openaq,176.0,280.0,,,,,,,,,,,False
2026-02-24 04:00:00+05:30,indirapuram_ghaziabad_uppcb,openaq,220.0,318.0,,,,,,,,,,,False
2026-02-24 05:00:00+05:30,indirapuram_ghaziabad_uppcb,openaq,245.0,337.0,,,,,,,,,,,False
2026-02-24 06:00:00+05:30,indirapuram_ghaziabad_uppcb,openaq,223.0,311.0,,,,,,,,,,,False
2026-02-24 08:00:00+05:30,indirapuram_ghaziabad_uppcb,openaq,207.0,396.0,,,,,,,,,,,False
2026-02-24 09:00:00+05:30,indirapuram_ghaziabad_uppcb,openaq,171.0,355.0,,,,,,,,,,,False
2026-02-24 10:00:00+05:30,indirapuram_ghaziabad_uppcb,openaq,131.0,277.0,,,,,,,,,,,False
2026-02-24 11:00:00+05:30,indirapuram_ghaziabad_uppcb,openaq,115.0,229.0,,,,,,,,,,,False
2026-02-24 12:00:00+05:30,indirapuram_ghaziabad_uppcb,openaq,106.0,201.0,,,,,,,,,,,False
2026-02-24 13:00:00+05:30,indirapuram_ghaziabad_uppcb,openaq,105.0,,,,,,,,,,,,False
2026-02-24 14:00:00+05:30,indirapuram_ghaziabad_uppcb,openaq,105.0,229.0,,,,,,,,,,,False
2026-02-24 15:00:00+05:30,indirapuram_ghaziabad_uppcb,openaq,66.7,179.0,,,,,,,,,,,False
2026-02-24 18:00:00+05:30,indirapuram_ghaziabad_uppcb,openaq,74.0,232.0,,,,,,,,,,,False
2026-02-24 19:00:00+05:30,indirapuram_ghaziabad_uppcb,openaq,108.0,313.0,,,,,,,,,,,False
2026-02-24 20:00:00+05:30,indirapuram_ghaziabad_uppcb,openaq,140.0,365.0,,,,,,,,,,,False
2026-02-24 21:00:00+05:30,indirapuram_ghaziabad_uppcb,openaq,154.0,391.0,,,,,,,,,,,False
2026-02-24 22:00:00+05:30,indirapuram_ghaziabad_uppcb,openaq,201.0,495.0,,,,,,,,,,,False
2026-02-24 23:00:00+05:30,indirapuram_ghaziabad_uppcb,openaq,236.0,538.0,,,,,,,,,,,False
2026-02-25 01:00:00+05:30,indirapuram_ghaziabad_uppcb,openaq,167.0,332.0,,,,,,,,,,,False
2026-02-25 02:00:00+05:30,indirapuram_ghaziabad_uppcb,openaq,144.0,276.0,,,,,,,,,,,False
2026-02-25 03:00:00+05:30,indirapuram_ghaziabad_uppcb,openaq,145.0,239.0,,,,,,,,,,,False
2026-02-25 04:00:00+05:30,indirapuram_ghaziabad_uppcb,openaq,146.0,215.0,,,,,,,,,,,False
2026-02-25 05:00:00+05:30,indirapuram_ghaziabad_uppcb,openaq,140.0,221.0,,,,,,,,,,,False
2026-02-25 06:00:00+05:30,indirapuram_ghaziabad_uppcb,openaq,149.0,253.0,,,,,,,,,,,False
2026-02-25 07:00:00+05:30,indirapuram_ghaziabad_uppcb,openaq,173.0,347.0,,,,,,,,,,,False
2026-02-25 08:00:00+05:30,indirapuram_ghaziabad_uppcb,openaq,199.0,405.0,,,,,,,,,,,False
2026-02-25 09:00:00+05:30,indirapuram_ghaziabad_uppcb,openaq,193.0,358.0,,,,,,,,,,,False
2026-02-25 10:00:00+05:30,indirapuram_ghaziabad_uppcb,openaq,154.0,293.0,,,,,,,,,,,False
2026-02-25 11:00:00+05:30,indirapuram_ghaziabad_uppcb,openaq,99.0,217.0,,,,,,,,,,,False
2026-02-25 12:00:00+05:30,indirapuram_ghaziabad_uppcb,openaq,64.0,157.0,,,,,,,,,,,False
2026-02-25 13:00:00+05:30,indirapuram_ghaziabad_uppcb,openaq,55.0,141.0,,,,,,,,,,,False
2026-02-25 14:00:00+05:30,indirapuram_ghaziabad_uppcb,openaq,48.5,145.0,,,,,,,,,,,False
2026-02-25 15:00:00+05:30,indirapuram_ghaziabad_uppcb,openaq,45.0,135.0,,,,,,,,,,,False
2026-02-25 16:00:00+05:30,indirapuram_ghaziabad_uppcb,openaq,43.7,127.0,,,,,,,,,,,False
2026-02-25 17:00:00+05:30,indirapuram_ghaziabad_uppcb,openaq,41.0,135.0,,,,,,,,,,,False
2026-02-25 18:00:00+05:30,indirapuram_ghaziabad_uppcb,openaq,43.0,172.0,,,,,,,,,,,False
2026-02-25 19:00:00+05:30,indirapuram_ghaziabad_uppcb,openaq,58.5,202.0,,,,,,,,,,,False
2026-02-25 20:00:00+05:30,indirapuram_ghaziabad_uppcb,openaq,93.5,257.0,,,,,,,,,,,False
2026-02-25 21:00:00+05:30,indirapuram_ghaziabad_uppcb,openaq,136.0,336.0,,,,,,,,,,,False
2026-02-25 22:00:00+05:30,indirapuram_ghaziabad_uppcb,openaq,165.0,385.0,,,,,,,,,,,False
2026-02-25 23:00:00+05:30,indirapuram_ghaziabad_uppcb,openaq,,344.0,,,,,,,,,,,False
2026-02-26 01:00:00+05:30,indirapuram_ghaziabad_uppcb,openaq,127.0,229.0,,,,,,,,,,,False
2026-02-26 02:00:00+05:30,indirapuram_ghaziabad_uppcb,openaq,115.0,223.0,,,,,,,,,,,False
2026-02-26 03:00:00+05:30,indirapuram_ghaziabad_uppcb,openaq,119.0,245.0,,,,,,,,,,,False
2026-02-26 04:00:00+05:30,indirapuram_ghaziabad_uppcb,openaq,118.0,230.0,,,,,,,,,,,False
2026-02-26 05:00:00+05:30,indirapuram_ghaziabad_uppcb,openaq,120.0,214.0,,,,,,,,,,,False
2026-02-26 06:00:00+05:30,indirapuram_ghaziabad_uppcb,openaq,127.0,219.0,,,,,,,,,,,False
2026-02-26 07:00:00+05:30,indirapuram_ghaziabad_uppcb,openaq,130.0,283.0,,,,,,,,,,,False
2026-02-26 08:00:00+05:30,indirapuram_ghaziabad_uppcb,openaq,121.0,291.0,,,,,,,,,,,False
2026-02-26 09:00:00+05:30,indirapuram_ghaziabad_uppcb,openaq,106.0,248.0,,,,,,,,,,,False
2026-02-26 10:00:00+05:30,indirapuram_ghaziabad_uppcb,openaq,99.0,239.0,,,,,,,,,,,False
2026-02-26 11:00:00+05:30,indirapuram_ghaziabad_uppcb,openaq,91.5,223.0,,,,,,,,,,,False
2026-02-26 12:00:00+05:30,indirapuram_ghaziabad_uppcb,openaq,74.5,193.0,,,,,,,,,,,False
2026-02-26 13:00:00+05:30,indirapuram_ghaziabad_uppcb,openaq,52.5,153.0,,,,,,,,,,,False
2026-02-26 14:00:00+05:30,indirapuram_ghaziabad_uppcb,openaq,36.0,143.0,,,,,,,,,,,False
2026-02-26 15:00:00+05:30,indirapuram_ghaziabad_uppcb,openaq,29.5,145.0,,,,,,,,,,,False
2026-02-26 16:00:00+05:30,indirapuram_ghaziabad_uppcb,openaq,26.5,130.0,,,,,,,,,,,False
2026-02-26 17:00:00+05:30,indirapuram_ghaziabad_uppcb,openaq,25.0,119.0,,,,,,,,,,,False
2026-02-26 18:00:00+05:30,indirapuram_ghaziabad_uppcb,openaq,29.0,143.0,,,,,,,,,,,False
2026-02-26 19:00:00+05:30,indirapuram_ghaziabad_uppcb,openaq,48.5,196.0,,,,,,,,,,,False
2026-02-26 20:00:00+05:30,indirapuram_ghaziabad_uppcb,openaq,70.0,234.0,,,,,,,,,,,False
2026-02-26 21:00:00+05:30,indirapuram_ghaziabad_uppcb,openaq,99.5,279.0,,,,,,,,,,,False
2026-02-26 22:00:00+05:30,indirapuram_ghaziabad_uppcb,openaq,130.0,316.0,,,,,,,,,,,False
2026-02-26 23:00:00+05:30,indirapuram_ghaziabad_uppcb,openaq,126.0,,,,,,,,,,,,False
2026-02-27 01:00:00+05:30,indirapuram_ghaziabad_uppcb,openaq,153.0,251.0,,,,,,,,,,,False
2026-02-27 02:00:00+05:30,indirapuram_ghaziabad_uppcb,openaq,145.0,217.0,,,,,,,,,,,False
2026-02-27 03:00:00+05:30,indirapuram_ghaziabad_uppcb,openaq,133.0,192.0,,,,,,,,,,,False
2026-02-27 04:00:00+05:30,indirapuram_ghaziabad_uppcb,openaq,120.0,190.0,,,,,,,,,,,False
2026-02-27 05:00:00+05:30,indirapuram_ghaziabad_uppcb,openaq,108.0,201.0,,,,,,,,,,,False
2026-02-27 06:00:00+05:30,indirapuram_ghaziabad_uppcb,openaq,109.0,220.0,,,,,,,,,,,False
2026-02-27 07:00:00+05:30,indirapuram_ghaziabad_uppcb,openaq,115.0,274.0,,,,,,,,,,,False
2026-02-27 08:00:00+05:30,indirapuram_ghaziabad_uppcb,openaq,114.0,293.0,,,,,,,,,,,False
2026-02-27 09:00:00+05:30,indirapuram_ghaziabad_uppcb,openaq,108.0,280.0,,,,,,,,,,,False
2026-02-27 10:00:00+05:30,indirapuram_ghaziabad_uppcb,openaq,117.0,311.0,,,,,,,,,,,False
2026-02-27 11:00:00+05:30,indirapuram_ghaziabad_uppcb,openaq,106.0,299.0,,,,,,,,,,,False
2026-02-27 12:00:00+05:30,indirapuram_ghaziabad_uppcb,openaq,75.5,222.0,,,,,,,,,,,False
2026-02-27 13:00:00+05:30,indirapuram_ghaziabad_uppcb,openaq,52.0,157.0,,,,,,,,,,,False
2026-02-27 14:00:00+05:30,indirapuram_ghaziabad_uppcb,openaq,43.3,138.0,,,,,,,,,,,False
2026-02-27 15:00:00+05:30,indirapuram_ghaziabad_uppcb,openaq,34.5,115.0,,,,,,,,,,,False
2026-02-27 16:00:00+05:30,indirapuram_ghaziabad_uppcb,openaq,32.5,111.0,,,,,,,,,,,False
2026-02-27 17:00:00+05:30,indirapuram_ghaziabad_uppcb,openaq,36.5,149.0,,,,,,,,,,,False
2026-02-27 18:00:00+05:30,indirapuram_ghaziabad_uppcb,openaq,55.5,272.0,,,,,,,,,,,False
2026-02-27 19:00:00+05:30,indirapuram_ghaziabad_uppcb,openaq,120.0,608.0,,,,,,,,,,,False
2026-02-27 20:00:00+05:30,indirapuram_ghaziabad_uppcb,openaq,172.0,823.0,,,,,,,,,,,False
2026-02-27 21:00:00+05:30,indirapuram_ghaziabad_uppcb,openaq,198.0,784.0,,,,,,,,,,,False
2026-02-27 22:00:00+05:30,indirapuram_ghaziabad_uppcb,openaq,226.0,728.0,,,,,,,,,,,False
2026-02-27 23:00:00+05:30,indirapuram_ghaziabad_uppcb,openaq,241.0,701.0,,,,,,,,,,,False
2026-02-28 01:00:00+05:30,indirapuram_ghaziabad_uppcb,openaq,145.0,317.0,,,,,,,,,,,False
2026-02-28 02:00:00+05:30,indirapuram_ghaziabad_uppcb,openaq,133.0,242.0,,,,,,,,,,,False
2026-02-28 03:00:00+05:30,indirapuram_ghaziabad_uppcb,openaq,130.0,214.0,,,,,,,,,,,False
2026-02-28 04:00:00+05:30,indirapuram_ghaziabad_uppcb,openaq,141.0,234.0,,,,,,,,,,,False
2026-02-28 05:00:00+05:30,indirapuram_ghaziabad_uppcb,openaq,164.0,278.0,,,,,,,,,,,False
2026-02-28 06:00:00+05:30,indirapuram_ghaziabad_uppcb,openaq,192.0,346.0,,,,,,,,,,,False
2026-02-28 07:00:00+05:30,indirapuram_ghaziabad_uppcb,openaq,203.0,433.0,,,,,,,,,,,False
2026-02-28 08:00:00+05:30,indirapuram_ghaziabad_uppcb,openaq,191.0,469.0,,,,,,,,,,,False
2026-02-28 09:00:00+05:30,indirapuram_ghaziabad_uppcb,openaq,148.0,403.0,,,,,,,,,,,False
2026-02-28 10:00:00+05:30,indirapuram_ghaziabad_uppcb,openaq,101.0,295.0,,,,,,,,,,,False
2026-02-28 11:00:00+05:30,indirapuram_ghaziabad_uppcb,openaq,68.0,195.0,,,,,,,,,,,False
2026-02-28 12:00:00+05:30,indirapuram_ghaziabad_uppcb,openaq,47.0,161.0,,,,,,,,,,,False
2026-02-28 13:00:00+05:30,indirapuram_ghaziabad_uppcb,openaq,67.5,210.0,,,,,,,,,,,False
2026-02-28 14:00:00+05:30,indirapuram_ghaziabad_uppcb,openaq,66.0,199.0,,,,,,,,,,,False
2026-02-28 15:00:00+05:30,indirapuram_ghaziabad_uppcb,openaq,50.5,159.0,,,,,,,,,,,False
2026-02-28 16:00:00+05:30,indirapuram_ghaziabad_uppcb,openaq,54.0,164.0,,,,,,,,,,,False
2026-02-28 17:00:00+05:30,indirapuram_ghaziabad_uppcb,openaq,51.5,174.0,,,,,,,,,,,False
2026-02-28 18:00:00+05:30,indirapuram_ghaziabad_uppcb,openaq,59.0,236.0,,,,,,,,,,,False
2026-02-28 19:00:00+05:30,indirapuram_ghaziabad_uppcb,openaq,79.5,282.0,,,,,,,,,,,False
2026-02-28 20:00:00+05:30,indirapuram_ghaziabad_uppcb,openaq,114.0,313.0,,,,,,,,,,,False
2026-02-28 21:00:00+05:30,indirapuram_ghaziabad_uppcb,openaq,126.0,322.0,,,,,,,,,,,False
2026-02-28 22:00:00+05:30,indirapuram_ghaziabad_uppcb,openaq,103.0,276.0,,,,,,,,,,,False
2026-03-01 02:00:00+05:30,indirapuram_ghaziabad_uppcb,openaq,90.5,206.0,,,,,,,,,,,False
2026-03-01 03:00:00+05:30,indirapuram_ghaziabad_uppcb,openaq,97.0,186.0,,,,,,,,,,,False
2026-03-01 04:00:00+05:30,indirapuram_ghaziabad_uppcb,openaq,102.0,192.0,,,,,,,,,,,False
2020-10-11 07:00:00+05:30,sector_11_faridabad_hspcb,openaq,118.0,235.0,,,,,,,,,,,False
2020-10-16 11:00:00+05:30,sector_11_faridabad_hspcb,openaq,72.1,140.0,,,,,,,,,,,False
2020-10-17 05:00:00+05:30,sector_11_faridabad_hspcb,openaq,144.0,317.0,,,,,,,,,,,False
2020-10-18 15:00:00+05:30,sector_11_faridabad_hspcb,openaq,95.9,129.0,,,,,,,,,,,False
2020-10-18 19:00:00+05:30,sector_11_faridabad_hspcb,openaq,96.9,278.0,,,,,,,,,,,False
2020-10-19 16:00:00+05:30,sector_11_faridabad_hspcb,openaq,114.0,242.0,,,,,,,,,,,False
2020-10-20 23:00:00+05:30,sector_11_faridabad_hspcb,openaq,277.0,636.0,,,,,,,,,,,False
2020-10-21 19:00:00+05:30,sector_11_faridabad_hspcb,openaq,60.2,176.0,,,,,,,,,,,False
2020-10-23 04:00:00+05:30,sector_11_faridabad_hspcb,openaq,242.0,383.0,,,,,,,,,,,False
2020-10-23 17:00:00+05:30,sector_11_faridabad_hspcb,openaq,108.0,393.0,,,,,,,,,,,False
2020-10-24 07:00:00+05:30,sector_11_faridabad_hspcb,openaq,186.0,404.0,,,,,,,,,,,False
2020-10-24 17:00:00+05:30,sector_11_faridabad_hspcb,openaq,160.0,282.0,,,,,,,,,,,False
2020-10-25 07:00:00+05:30,sector_11_faridabad_hspcb,openaq,177.0,1000.0,,,,,,,,,,,True
2020-10-27 20:00:00+05:30,sector_11_faridabad_hspcb,openaq,140.0,445.0,,,,,,,,,,,False
2020-10-28 01:00:00+05:30,sector_11_faridabad_hspcb,openaq,142.0,364.0,,,,,,,,,,,False
2020-10-28 02:00:00+05:30,sector_11_faridabad_hspcb,openaq,145.0,345.0,,,,,,,,,,,False
2020-10-29 08:00:00+05:30,sector_11_faridabad_hspcb,openaq,209.0,423.0,,,,,,,,,,,False
2020-10-29 14:00:00+05:30,sector_11_faridabad_hspcb,openaq,99.8,144.0,,,,,,,,,,,False
2020-11-01 14:00:00+05:30,sector_11_faridabad_hspcb,openaq,53.4,194.0,,,,,,,,,,,False
2020-11-02 16:00:00+05:30,sector_11_faridabad_hspcb,openaq,91.6,207.0,,,,,,,,,,,False
2020-11-03 04:00:00+05:30,sector_11_faridabad_hspcb,openaq,163.0,264.0,,,,,,,,,,,False
2020-11-06 05:00:00+05:30,sector_11_faridabad_hspcb,openaq,351.0,609.0,,,,,,,,,,,False
2020-11-06 17:00:00+05:30,sector_11_faridabad_hspcb,openaq,153.0,368.0,,,,,,,,,,,False
2020-11-07 00:00:00+05:30,sector_11_faridabad_hspcb,openaq,237.0,439.0,,,,,,,,,,,False
2020-11-07 09:00:00+05:30,sector_11_faridabad_hspcb,openaq,380.0,958.0,,,,,,,,,,,False
2020-11-07 11:00:00+05:30,sector_11_faridabad_hspcb,openaq,73.3,131.0,,,,,,,,,,,False
2020-11-10 00:00:00+05:30,sector_11_faridabad_hspcb,openaq,495.0,802.0,,,,,,,,,,,False
2020-11-10 02:00:00+05:30,sector_11_faridabad_hspcb,openaq,476.0,746.0,,,,,,,,,,,False
2020-11-10 08:00:00+05:30,sector_11_faridabad_hspcb,openaq,622.0,816.0,,,,,,,,,,,False
2020-11-10 21:00:00+05:30,sector_11_faridabad_hspcb,openaq,164.0,512.0,,,,,,,,,,,False
2020-11-11 09:00:00+05:30,sector_11_faridabad_hspcb,openaq,167.0,317.0,,,,,,,,,,,False
2020-11-11 12:00:00+05:30,sector_11_faridabad_hspcb,openaq,130.0,224.0,,,,,,,,,,,False
2020-11-12 12:00:00+05:30,sector_11_faridabad_hspcb,openaq,124.0,202.0,,,,,,,,,,,False
2020-11-12 17:00:00+05:30,sector_11_faridabad_hspcb,openaq,75.2,256.0,,,,,,,,,,,False
2020-11-15 04:00:00+05:30,sector_11_faridabad_hspcb,openaq,253.0,468.0,,,,,,,,,,,False
2020-11-15 09:00:00+05:30,sector_11_faridabad_hspcb,openaq,21.2,340.0,,,,,,,,,,,False
2020-11-17 04:00:00+05:30,sector_11_faridabad_hspcb,openaq,76.0,153.0,,,,,,,,,,,False
2020-11-19 05:00:00+05:30,sector_11_faridabad_hspcb,openaq,113.0,252.0,,,,,,,,,,,False
2020-11-20 09:00:00+05:30,sector_11_faridabad_hspcb,openaq,176.0,393.0,,,,,,,,,,,False
2020-11-22 14:00:00+05:30,sector_11_faridabad_hspcb,openaq,57.3,133.0,,,,,,,,,,,False
2020-11-28 10:00:00+05:30,sector_11_faridabad_hspcb,openaq,61.8,157.0,,,,,,,,,,,False
2020-11-29 18:00:00+05:30,sector_11_faridabad_hspcb,openaq,105.0,343.0,,,,,,,,,,,False
2020-12-01 21:00:00+05:30,sector_11_faridabad_hspcb,openaq,243.0,660.0,,,,,,,,,,,False
2020-12-02 09:00:00+05:30,sector_11_faridabad_hspcb,openaq,233.0,485.0,,,,,,,,,,,False
2020-12-03 04:00:00+05:30,sector_11_faridabad_hspcb,openaq,169.0,349.0,,,,,,,,,,,False
2020-12-04 09:00:00+05:30,sector_11_faridabad_hspcb,openaq,300.0,604.0,,,,,,,,,,,False
2020-12-04 18:00:00+05:30,sector_11_faridabad_hspcb,openaq,162.0,500.0,,,,,,,,,,,False
2020-12-05 02:00:00+05:30,sector_11_faridabad_hspcb,openaq,167.0,321.0,,,,,,,,,,,False
2020-12-06 21:00:00+05:30,sector_11_faridabad_hspcb,openaq,257.0,313.0,,,,,,,,,,,False
2020-12-07 03:00:00+05:30,sector_11_faridabad_hspcb,openaq,228.0,179.0,,,,,,,,,,,False
2020-12-10 04:00:00+05:30,sector_11_faridabad_hspcb,openaq,139.0,269.0,,,,,,,,,,,False
2020-12-14 14:00:00+05:30,sector_11_faridabad_hspcb,openaq,45.0,107.0,,,,,,,,,,,False
2020-12-14 18:00:00+05:30,sector_11_faridabad_hspcb,openaq,48.2,138.0,,,,,,,,,,,False
2020-12-14 22:00:00+05:30,sector_11_faridabad_hspcb,openaq,64.7,178.0,,,,,,,,,,,False
2020-12-14 23:00:00+05:30,sector_11_faridabad_hspcb,openaq,73.3,185.0,,,,,,,,,,,False
2020-12-17 05:00:00+05:30,sector_11_faridabad_hspcb,openaq,75.8,154.0,,,,,,,,,,,False
2020-12-17 13:00:00+05:30,sector_11_faridabad_hspcb,openaq,70.4,175.0,,,,,,,,,,,False
2020-12-19 19:00:00+05:30,sector_11_faridabad_hspcb,openaq,214.0,515.0,,,,,,,,,,,False
2020-12-20 04:00:00+05:30,sector_11_faridabad_hspcb,openaq,125.0,256.0,,,,,,,,,,,False
2020-12-20 05:00:00+05:30,sector_11_faridabad_hspcb,openaq,118.0,236.0,,,,,,,,,,,False
2020-12-20 19:00:00+05:30,sector_11_faridabad_hspcb,openaq,151.0,532.0,,,,,,,,,,,False
2020-12-23 08:00:00+05:30,sector_11_faridabad_hspcb,openaq,369.0,606.0,,,,,,,,,,,False
2020-12-23 09:00:00+05:30,sector_11_faridabad_hspcb,openaq,401.0,598.0,,,,,,,,,,,False
2020-12-23 12:00:00+05:30,sector_11_faridabad_hspcb,openaq,364.0,602.0,,,,,,,,,,,False
2021-02-13 03:00:00+05:30,sector_11_faridabad_hspcb,openaq,205.0,483.0,,,,,,,,,,,False
2021-02-25 06:00:00+05:30,sector_11_faridabad_hspcb,openaq,111.0,349.0,,,,,,,,,,,False
2021-10-14 08:00:00+05:30,sector_11_faridabad_hspcb,openaq,96.7,199.0,,,,,,,,,,,False
2021-10-14 14:00:00+05:30,sector_11_faridabad_hspcb,openaq,0.0,0.0,,,,,,,,,,,False
2021-10-14 17:00:00+05:30,sector_11_faridabad_hspcb,openaq,0.0,0.0,,,,,,,,,,,False
2021-10-17 00:00:00+05:30,sector_11_faridabad_hspcb,openaq,304.0,32.3,,,,,,,,,,,False
2021-10-17 07:00:00+05:30,sector_11_faridabad_hspcb,openaq,130.0,10.3,,,,,,,,,,,False
2021-10-17 13:00:00+05:30,sector_11_faridabad_hspcb,openaq,103.0,16.0,,,,,,,,,,,False
2021-10-17 19:00:00+05:30,sector_11_faridabad_hspcb,openaq,12.2,10.9,,,,,,,,,,,False
2021-10-18 01:00:00+05:30,sector_11_faridabad_hspcb,openaq,12.7,4.47,,,,,,,,,,,False
2021-10-18 08:00:00+05:30,sector_11_faridabad_hspcb,openaq,10.3,5.12,,,,,,,,,,,False
2021-10-18 10:00:00+05:30,sector_11_faridabad_hspcb,openaq,8.33,12.9,,,,,,,,,,,False
2021-10-18 12:00:00+05:30,sector_11_faridabad_hspcb,openaq,10.2,8.87,,,,,,,,,,,False
2021-10-18 16:00:00+05:30,sector_11_faridabad_hspcb,openaq,12.8,11.5,,,,,,,,,,,False
2021-10-19 07:00:00+05:30,sector_11_faridabad_hspcb,openaq,35.7,55.3,,,,,,,,,,,False
2021-10-19 09:00:00+05:30,sector_11_faridabad_hspcb,openaq,38.0,43.3,,,,,,,,,,,False
2021-10-19 19:00:00+05:30,sector_11_faridabad_hspcb,openaq,90.8,194.0,,,,,,,,,,,False
2021-10-19 22:00:00+05:30,sector_11_faridabad_hspcb,openaq,145.0,293.0,,,,,,,,,,,False
2021-10-20 11:00:00+05:30,sector_11_faridabad_hspcb,openaq,107.0,178.0,,,,,,,,,,,False
2021-10-22 05:00:00+05:30,sector_11_faridabad_hspcb,openaq,87.8,128.0,,,,,,,,,,,False
2021-10-22 13:00:00+05:30,sector_11_faridabad_hspcb,openaq,104.0,93.1,,,,,,,,,,,False
2021-10-22 21:00:00+05:30,sector_11_faridabad_hspcb,openaq,0.0,0.0,,,,,,,,,,,False
2021-10-26 02:00:00+05:30,sector_11_faridabad_hspcb,openaq,85.1,131.0,,,,,,,,,,,False
2021-10-27 04:00:00+05:30,sector_11_faridabad_hspcb,openaq,147.0,242.0,,,,,,,,,,,False
2021-10-27 15:00:00+05:30,sector_11_faridabad_hspcb,openaq,128.0,190.0,,,,,,,,,,,False
2021-10-28 23:00:00+05:30,sector_11_faridabad_hspcb,openaq,219.0,473.0,,,,,,,,,,,False
2021-10-29 02:00:00+05:30,sector_11_faridabad_hspcb,openaq,199.0,325.0,,,,,,,,,,,False
2021-11-07 23:00:00+05:30,sector_11_faridabad_hspcb,openaq,214.0,0.0,,,,,,,,,,,False
2021-11-08 05:00:00+05:30,sector_11_faridabad_hspcb,openaq,295.0,0.0,,,,,,,,,,,False
2021-11-08 17:00:00+05:30,sector_11_faridabad_hspcb,openaq,0.0,0.0,,,,,,,,,,,False
2021-11-09 01:00:00+05:30,sector_11_faridabad_hspcb,openaq,326.0,575.0,,,,,,,,,,,False
2021-11-09 07:00:00+05:30,sector_11_faridabad_hspcb,openaq,394.0,767.0,,,,,,,,,,,False
2021-11-09 11:00:00+05:30,sector_11_faridabad_hspcb,openaq,97.8,156.0,,,,,,,,,,,False
2021-11-09 22:00:00+05:30,sector_11_faridabad_hspcb,openaq,186.0,742.0,,,,,,,,,,,False
2021-11-10 09:00:00+05:30,sector_11_faridabad_hspcb,openaq,293.0,808.0,,,,,,,,,,,False
2021-11-10 11:00:00+05:30,sector_11_faridabad_hspcb,openaq,260.0,512.0,,,,,,,,,,,False
2021-11-10 18:00:00+05:30,sector_11_faridabad_hspcb,openaq,257.0,910.0,,,,,,,,,,,False
2021-11-11 02:00:00+05:30,sector_11_faridabad_hspcb,openaq,356.0,639.0,,,,,,,,,,,False
2021-11-12 06:00:00+05:30,sector_11_faridabad_hspcb,openaq,425.0,1010.0,,,,,,,,,,,False
2021-11-12 12:00:00+05:30,sector_11_faridabad_hspcb,openaq,508.0,1020.0,,,,,,,,,,,False
2021-11-12 21:00:00+05:30,sector_11_faridabad_hspcb,openaq,361.0,1120.0,,,,,,,,,,,False
2021-11-13 05:00:00+05:30,sector_11_faridabad_hspcb,openaq,334.0,687.0,,,,,,,,,,,False
2021-11-13 08:00:00+05:30,sector_11_faridabad_hspcb,openaq,316.0,976.0,,,,,,,,,,,False
2021-11-13 15:00:00+05:30,sector_11_faridabad_hspcb,openaq,87.0,257.0,,,,,,,,,,,False
2021-11-13 22:00:00+05:30,sector_11_faridabad_hspcb,openaq,217.0,744.0,,,,,,,,,,,False
2021-11-14 11:00:00+05:30,sector_11_faridabad_hspcb,openaq,211.0,443.0,,,,,,,,,,,False
2021-11-15 02:00:00+05:30,sector_11_faridabad_hspcb,openaq,210.0,0.0,,,,,,,,,,,False
2021-11-15 04:00:00+05:30,sector_11_faridabad_hspcb,openaq,192.0,0.0,,,,,,,,,,,False
2021-11-15 20:00:00+05:30,sector_11_faridabad_hspcb,openaq,239.0,,,,,,,,,,,,False
2021-11-15 23:00:00+05:30,sector_11_faridabad_hspcb,openaq,247.0,,,,,,,,,,,,False
2021-11-16 14:00:00+05:30,sector_11_faridabad_hspcb,openaq,199.0,152.0,,,,,,,,,,,False
2021-11-16 16:00:00+05:30,sector_11_faridabad_hspcb,openaq,0.0,0.0,,,,,,,,,,,False
2021-11-16 20:00:00+05:30,sector_11_faridabad_hspcb,openaq,247.0,1320.0,,,,,,,,,,,False
2021-11-16 22:00:00+05:30,sector_11_faridabad_hspcb,openaq,266.0,968.0,,,,,,,,,,,False
2021-11-18 00:00:00+05:30,sector_11_faridabad_hspcb,openaq,204.0,978.0,,,,,,,,,,,False
2021-11-18 14:00:00+05:30,sector_11_faridabad_hspcb,openaq,1.27,4.37,,,,,,,,,,,False
2021-11-18 18:00:00+05:30,sector_11_faridabad_hspcb,openaq,149.0,921.0,,,,,,,,,,,False
2021-11-19 00:00:00+05:30,sector_11_faridabad_hspcb,openaq,214.0,503.0,,,,,,,,,,,False
2021-11-19 03:00:00+05:30,sector_11_faridabad_hspcb,openaq,255.0,555.0,,,,,,,,,,,False
2021-11-19 07:00:00+05:30,sector_11_faridabad_hspcb,openaq,218.0,480.0,,,,,,,,,,,False
2021-11-19 09:00:00+05:30,sector_11_faridabad_hspcb,openaq,251.0,582.0,,,,,,,,,,,False
2021-11-19 11:00:00+05:30,sector_11_faridabad_hspcb,openaq,216.0,464.0,,,,,,,,,,,False
2021-11-19 16:00:00+05:30,sector_11_faridabad_hspcb,openaq,154.0,364.0,,,,,,,,,,,False
2021-11-20 01:00:00+05:30,sector_11_faridabad_hspcb,openaq,324.0,671.0,,,,,,,,,,,False
2021-11-20 03:00:00+05:30,sector_11_faridabad_hspcb,openaq,278.0,538.0,,,,,,,,,,,False
2021-11-20 12:00:00+05:30,sector_11_faridabad_hspcb,openaq,200.0,369.0,,,,,,,,,,,False
2021-11-20 18:00:00+05:30,sector_11_faridabad_hspcb,openaq,199.0,927.0,,,,,,,,,,,False
2021-11-20 21:00:00+05:30,sector_11_faridabad_hspcb,openaq,313.0,1450.0,,,,,,,,,,,False
2021-11-21 13:00:00+05:30,sector_11_faridabad_hspcb,openaq,121.0,269.0,,,,,,,,,,,False
2021-11-22 02:00:00+05:30,sector_11_faridabad_hspcb,openaq,152.0,349.0,,,,,,,,,,,False
2021-11-23 20:00:00+05:30,sector_11_faridabad_hspcb,openaq,256.0,1200.0,,,,,,,,,,,False
2021-11-24 02:00:00+05:30,sector_11_faridabad_hspcb,openaq,203.0,538.0,,,,,,,,,,,False
2021-11-24 07:00:00+05:30,sector_11_faridabad_hspcb,openaq,180.0,552.0,,,,,,,,,,,False
2021-11-24 12:00:00+05:30,sector_11_faridabad_hspcb,openaq,57.2,147.0,,,,,,,,,,,False
2021-11-24 14:00:00+05:30,sector_11_faridabad_hspcb,openaq,81.4,219.0,,,,,,,,,,,False
2021-11-24 22:00:00+05:30,sector_11_faridabad_hspcb,openaq,302.0,811.0,,,,,,,,,,,False
2021-11-25 07:00:00+05:30,sector_11_faridabad_hspcb,openaq,275.0,613.0,,,,,,,,,,,False
2021-11-25 20:00:00+05:30,sector_11_faridabad_hspcb,openaq,297.0,1230.0,,,,,,,,,,,False
2021-11-26 00:00:00+05:30,sector_11_faridabad_hspcb,openaq,371.0,908.0,,,,,,,,,,,False
2021-11-26 09:00:00+05:30,sector_11_faridabad_hspcb,openaq,349.0,829.0,,,,,,,,,,,False
2021-11-26 21:00:00+05:30,sector_11_faridabad_hspcb,openaq,0.0,0.0,,,,,,,,,,,False
2021-11-27 06:00:00+05:30,sector_11_faridabad_hspcb,openaq,132.0,565.0,,,,,,,,,,,False
2021-11-27 09:00:00+05:30,sector_11_faridabad_hspcb,openaq,45.8,680.0,,,,,,,,,,,False
2021-11-27 15:00:00+05:30,sector_11_faridabad_hspcb,openaq,18.5,376.0,,,,,,,,,,,False
2021-11-28 02:00:00+05:30,sector_11_faridabad_hspcb,openaq,38.7,597.0,,,,,,,,,,,False
2021-11-29 10:00:00+05:30,sector_11_faridabad_hspcb,openaq,10.5,13.2,,,,,,,,,,,False
2021-11-30 00:00:00+05:30,sector_11_faridabad_hspcb,openaq,55.2,488.0,,,,,,,,,,,False
2021-11-30 15:00:00+05:30,sector_11_faridabad_hspcb,openaq,113.0,361.0,,,,,,,,,,,False
2021-12-05 10:00:00+05:30,sector_11_faridabad_hspcb,openaq,202.0,489.0,,,,,,,,,,,False
2021-12-09 04:00:00+05:30,sector_11_faridabad_hspcb,openaq,102.0,214.0,,,,,,,,,,,False
2021-12-09 12:00:00+05:30,sector_11_faridabad_hspcb,openaq,99.1,241.0,,,,,,,,,,,False
2021-12-11 15:00:00+05:30,sector_11_faridabad_hspcb,openaq,8.93,29.6,,,,,,,,,,,False
2021-12-11 17:00:00+05:30,sector_11_faridabad_hspcb,openaq,6.9,120.0,,,,,,,,,,,False
2021-12-12 17:00:00+05:30,sector_11_faridabad_hspcb,openaq,26.5,134.0,,,,,,,,,,,False
2021-12-13 17:00:00+05:30,sector_11_faridabad_hspcb,openaq,111.0,379.0,,,,,,,,,,,False
2021-12-14 03:00:00+05:30,sector_11_faridabad_hspcb,openaq,266.0,190.0,,,,,,,,,,,False
2021-12-14 11:00:00+05:30,sector_11_faridabad_hspcb,openaq,108.0,128.0,,,,,,,,,,,False
2021-12-15 00:00:00+05:30,sector_11_faridabad_hspcb,openaq,295.0,340.0,,,,,,,,,,,False
2021-12-16 18:00:00+05:30,sector_11_faridabad_hspcb,openaq,92.0,203.0,,,,,,,,,,,False
2021-12-18 00:00:00+05:30,sector_11_faridabad_hspcb,openaq,180.0,238.0,,,,,,,,,,,False
2021-12-19 13:00:00+05:30,sector_11_faridabad_hspcb,openaq,92.4,144.0,,,,,,,,,,,False
2021-12-20 06:00:00+05:30,sector_11_faridabad_hspcb,openaq,144.0,144.0,,,,,,,,,,,False
2025-10-01 05:00:00+05:30,sector_11_faridabad_hspcb,openaq,9.9,20.8,,,,,,,,,,,False
2025-10-01 06:00:00+05:30,sector_11_faridabad_hspcb,openaq,21.6,41.5,,,,,,,,,,,False
2025-10-01 07:00:00+05:30,sector_11_faridabad_hspcb,openaq,29.6,57.0,,,,,,,,,,,False
2025-10-01 08:00:00+05:30,sector_11_faridabad_hspcb,openaq,25.3,48.7,,,,,,,,,,,False
2025-10-01 09:00:00+05:30,sector_11_faridabad_hspcb,openaq,34.6,66.5,,,,,,,,,,,False
2025-10-01 10:00:00+05:30,sector_11_faridabad_hspcb,openaq,25.8,49.7,,,,,,,,,,,False
2025-10-01 11:00:00+05:30,sector_11_faridabad_hspcb,openaq,23.7,41.9,,,,,,,,,,,False
2025-10-01 12:00:00+05:30,sector_11_faridabad_hspcb,openaq,35.5,59.8,,,,,,,,,,,False
2025-10-01 13:00:00+05:30,sector_11_faridabad_hspcb,openaq,34.9,58.7,,,,,,,,,,,False
2025-10-01 15:00:00+05:30,sector_11_faridabad_hspcb,openaq,358.0,679.0,,,,,,,,,,,False
2025-10-01 19:00:00+05:30,sector_11_faridabad_hspcb,openaq,819.0,1450.0,,,,,,,,,,,False
2025-10-01 22:00:00+05:30,sector_11_faridabad_hspcb,openaq,251.0,320.0,,,,,,,,,,,False
2025-10-02 01:00:00+05:30,sector_11_faridabad_hspcb,openaq,23.6,47.2,,,,,,,,,,,False
2025-10-02 02:00:00+05:30,sector_11_faridabad_hspcb,openaq,14.9,29.8,,,,,,,,,,,False
2025-10-02 03:00:00+05:30,sector_11_faridabad_hspcb,openaq,25.5,50.9,,,,,,,,,,,False
2025-10-02 04:00:00+05:30,sector_11_faridabad_hspcb,openaq,11.1,22.1,,,,,,,,,,,False
2025-10-02 05:00:00+05:30,sector_11_faridabad_hspcb,openaq,6.4,12.8,,,,,,,,,,,False
2025-10-02 06:00:00+05:30,sector_11_faridabad_hspcb,openaq,19.1,38.3,,,,,,,,,,,False
2025-10-02 07:00:00+05:30,sector_11_faridabad_hspcb,openaq,24.2,48.3,,,,,,,,,,,False
2025-10-02 08:00:00+05:30,sector_11_faridabad_hspcb,openaq,2.4,4.8,,,,,,,,,,,False
2025-10-02 09:00:00+05:30,sector_11_faridabad_hspcb,openaq,0.775,1.53,,,,,,,,,,,False
2025-10-02 10:00:00+05:30,sector_11_faridabad_hspcb,openaq,104.0,208.0,,,,,,,,,,,False
2025-10-02 11:00:00+05:30,sector_11_faridabad_hspcb,openaq,249.0,157.0,,,,,,,,,,,False
2025-10-02 12:00:00+05:30,sector_11_faridabad_hspcb,openaq,30.4,91.2,,,,,,,,,,,False
2025-10-02 13:00:00+05:30,sector_11_faridabad_hspcb,openaq,29.0,87.1,,,,,,,,,,,False
2025-10-02 14:00:00+05:30,sector_11_faridabad_hspcb,openaq,29.3,87.9,,,,,,,,,,,False
2025-10-02 15:00:00+05:30,sector_11_faridabad_hspcb,openaq,31.0,93.0,,,,,,,,,,,False
2025-10-02 16:00:00+05:30,sector_11_faridabad_hspcb,openaq,30.2,90.5,,,,,,,,,,,False
2025-10-02 17:00:00+05:30,sector_11_faridabad_hspcb,openaq,30.4,91.2,,,,,,,,,,,False
2025-10-02 18:00:00+05:30,sector_11_faridabad_hspcb,openaq,29.6,88.8,,,,,,,,,,,False
2025-10-02 19:00:00+05:30,sector_11_faridabad_hspcb,openaq,30.5,91.4,,,,,,,,,,,False
2025-10-02 20:00:00+05:30,sector_11_faridabad_hspcb,openaq,29.5,88.3,,,,,,,,,,,False
2025-10-02 21:00:00+05:30,sector_11_faridabad_hspcb,openaq,30.4,91.1,,,,,,,,,,,False
2025-10-02 22:00:00+05:30,sector_11_faridabad_hspcb,openaq,31.0,93.1,,,,,,,,,,,False
2025-10-03 01:00:00+05:30,sector_11_faridabad_hspcb,openaq,28.8,86.3,,,,,,,,,,,False
2025-10-03 02:00:00+05:30,sector_11_faridabad_hspcb,openaq,28.9,86.6,,,,,,,,,,,False
2025-10-03 03:00:00+05:30,sector_11_faridabad_hspcb,openaq,28.4,85.3,,,,,,,,,,,False
2025-10-03 04:00:00+05:30,sector_11_faridabad_hspcb,openaq,30.2,90.4,,,,,,,,,,,False
2025-10-03 05:00:00+05:30,sector_11_faridabad_hspcb,openaq,30.2,90.5,,,,,,,,,,,False
2025-10-03 06:00:00+05:30,sector_11_faridabad_hspcb,openaq,29.4,88.3,,,,,,,,,,,False
2025-10-03 07:00:00+05:30,sector_11_faridabad_hspcb,openaq,31.3,94.0,,,,,,,,,,,False
2025-10-03 08:00:00+05:30,sector_11_faridabad_hspcb,openaq,29.9,89.6,,,,,,,,,,,False
2025-10-03 09:00:00+05:30,sector_11_faridabad_hspcb,openaq,30.7,92.0,,,,,,,,,,,False
2025-10-03 10:00:00+05:30,sector_11_faridabad_hspcb,openaq,30.5,91.6,,,,,,,,,,,False
2025-10-03 11:00:00+05:30,sector_11_faridabad_hspcb,openaq,29.8,89.4,,,,,,,,,,,False
2025-10-03 12:00:00+05:30,sector_11_faridabad_hspcb,openaq,29.7,89.0,,,,,,,,,,,False
2025-10-03 13:00:00+05:30,sector_11_faridabad_hspcb,openaq,29.7,89.2,,,,,,,,,,,False
2025-10-03 14:00:00+05:30,sector_11_faridabad_hspcb,openaq,30.7,92.0,,,,,,,,,,,False
2025-10-03 15:00:00+05:30,sector_11_faridabad_hspcb,openaq,30.5,91.5,,,,,,,,,,,False
2025-10-03 16:00:00+05:30,sector_11_faridabad_hspcb,openaq,30.8,92.5,,,,,,,,,,,False
2025-10-03 17:00:00+05:30,sector_11_faridabad_hspcb,openaq,31.0,93.0,,,,,,,,,,,False
2025-10-03 18:00:00+05:30,sector_11_faridabad_hspcb,openaq,29.5,88.5,,,,,,,,,,,False
2025-10-03 19:00:00+05:30,sector_11_faridabad_hspcb,openaq,31.1,93.4,,,,,,,,,,,False
2025-10-03 20:00:00+05:30,sector_11_faridabad_hspcb,openaq,30.7,92.2,,,,,,,,,,,False
2025-10-03 21:00:00+05:30,sector_11_faridabad_hspcb,openaq,30.7,92.2,,,,,,,,,,,False
2025-10-03 22:00:00+05:30,sector_11_faridabad_hspcb,openaq,30.3,90.9,,,,,,,,,,,False
2025-10-04 01:00:00+05:30,sector_11_faridabad_hspcb,openaq,29.5,88.6,,,,,,,,,,,False
2025-10-04 02:00:00+05:30,sector_11_faridabad_hspcb,openaq,29.4,88.3,,,,,,,,,,,False
2025-10-04 03:00:00+05:30,sector_11_faridabad_hspcb,openaq,29.9,89.7,,,,,,,,,,,False
2025-10-04 04:00:00+05:30,sector_11_faridabad_hspcb,openaq,29.6,88.6,,,,,,,,,,,False
2025-10-04 05:00:00+05:30,sector_11_faridabad_hspcb,openaq,30.4,91.0,,,,,,,,,,,False
2025-10-04 06:00:00+05:30,sector_11_faridabad_hspcb,openaq,29.7,89.0,,,,,,,,,,,False
2025-10-04 07:00:00+05:30,sector_11_faridabad_hspcb,openaq,29.7,88.9,,,,,,,,,,,False
2025-10-04 08:00:00+05:30,sector_11_faridabad_hspcb,openaq,29.5,88.3,,,,,,,,,,,False
2025-10-04 09:00:00+05:30,sector_11_faridabad_hspcb,openaq,29.6,88.7,,,,,,,,,,,False
2025-10-04 10:00:00+05:30,sector_11_faridabad_hspcb,openaq,31.0,93.2,,,,,,,,,,,False
2025-10-04 11:00:00+05:30,sector_11_faridabad_hspcb,openaq,30.2,90.6,,,,,,,,,,,False
2025-10-04 12:00:00+05:30,sector_11_faridabad_hspcb,openaq,29.6,88.7,,,,,,,,,,,False
2025-10-04 13:00:00+05:30,sector_11_faridabad_hspcb,openaq,29.3,87.9,,,,,,,,,,,False
2025-10-04 14:00:00+05:30,sector_11_faridabad_hspcb,openaq,29.6,88.9,,,,,,,,,,,False
2025-10-04 15:00:00+05:30,sector_11_faridabad_hspcb,openaq,29.6,88.9,,,,,,,,,,,False
2025-10-04 16:00:00+05:30,sector_11_faridabad_hspcb,openaq,30.0,89.8,,,,,,,,,,,False
2025-10-04 17:00:00+05:30,sector_11_faridabad_hspcb,openaq,29.5,88.4,,,,,,,,,,,False
2025-10-04 18:00:00+05:30,sector_11_faridabad_hspcb,openaq,29.3,87.9,,,,,,,,,,,False
2025-10-04 19:00:00+05:30,sector_11_faridabad_hspcb,openaq,29.8,89.5,,,,,,,,,,,False
2025-10-04 20:00:00+05:30,sector_11_faridabad_hspcb,openaq,29.3,87.8,,,,,,,,,,,False
2025-10-04 21:00:00+05:30,sector_11_faridabad_hspcb,openaq,29.9,89.5,,,,,,,,,,,False
2025-10-04 22:00:00+05:30,sector_11_faridabad_hspcb,openaq,30.3,90.8,,,,,,,,,,,False
2025-10-05 01:00:00+05:30,sector_11_faridabad_hspcb,openaq,30.8,92.4,,,,,,,,,,,False
2025-10-05 02:00:00+05:30,sector_11_faridabad_hspcb,openaq,29.7,89.2,,,,,,,,,,,False
2025-10-05 03:00:00+05:30,sector_11_faridabad_hspcb,openaq,30.2,90.4,,,,,,,,,,,False
2025-10-05 04:00:00+05:30,sector_11_faridabad_hspcb,openaq,29.4,88.0,,,,,,,,,,,False
2025-10-05 05:00:00+05:30,sector_11_faridabad_hspcb,openaq,29.4,88.3,,,,,,,,,,,False
2025-10-05 06:00:00+05:30,sector_11_faridabad_hspcb,openaq,30.8,92.2,,,,,,,,,,,False
2025-10-05 07:00:00+05:30,sector_11_faridabad_hspcb,openaq,29.9,89.6,,,,,,,,,,,False
2025-10-05 08:00:00+05:30,sector_11_faridabad_hspcb,openaq,29.6,89.0,,,,,,,,,,,False
2025-10-05 09:00:00+05:30,sector_11_faridabad_hspcb,openaq,30.3,91.0,,,,,,,,,,,False
2025-10-05 10:00:00+05:30,sector_11_faridabad_hspcb,openaq,29.4,88.2,,,,,,,,,,,False
2025-10-05 11:00:00+05:30,sector_11_faridabad_hspcb,openaq,29.6,88.8,,,,,,,,,,,False
2025-10-05 12:00:00+05:30,sector_11_faridabad_hspcb,openaq,31.1,93.4,,,,,,,,,,,False
2025-10-05 13:00:00+05:30,sector_11_faridabad_hspcb,openaq,30.1,90.2,,,,,,,,,,,False
2025-10-05 14:00:00+05:30,sector_11_faridabad_hspcb,openaq,30.5,91.5,,,,,,,,,,,False
2025-10-05 15:00:00+05:30,sector_11_faridabad_hspcb,openaq,30.0,89.9,,,,,,,,,,,False
2025-10-05 16:00:00+05:30,sector_11_faridabad_hspcb,openaq,29.7,89.1,,,,,,,,,,,False
2025-10-05 17:00:00+05:30,sector_11_faridabad_hspcb,openaq,30.2,90.5,,,,,,,,,,,False
2025-10-05 18:00:00+05:30,sector_11_faridabad_hspcb,openaq,31.0,92.9,,,,,,,,,,,False
2025-10-05 19:00:00+05:30,sector_11_faridabad_hspcb,openaq,30.1,90.2,,,,,,,,,,,False
2025-10-05 20:00:00+05:30,sector_11_faridabad_hspcb,openaq,30.0,89.9,,,,,,,,,,,False
2025-10-05 21:00:00+05:30,sector_11_faridabad_hspcb,openaq,29.9,89.7,,,,,,,,,,,False
2025-10-05 22:00:00+05:30,sector_11_faridabad_hspcb,openaq,29.1,87.2,,,,,,,,,,,False
2025-10-06 01:00:00+05:30,sector_11_faridabad_hspcb,openaq,29.1,87.3,,,,,,,,,,,False
2025-10-06 02:00:00+05:30,sector_11_faridabad_hspcb,openaq,30.8,92.3,,,,,,,,,,,False
2025-10-06 03:00:00+05:30,sector_11_faridabad_hspcb,openaq,30.2,90.4,,,,,,,,,,,False
2025-10-06 04:00:00+05:30,sector_11_faridabad_hspcb,openaq,31.1,93.4,,,,,,,,,,,False
2025-10-06 05:00:00+05:30,sector_11_faridabad_hspcb,openaq,29.9,89.6,,,,,,,,,,,False
2025-10-06 06:00:00+05:30,sector_11_faridabad_hspcb,openaq,30.4,91.1,,,,,,,,,,,False
2025-10-06 07:00:00+05:30,sector_11_faridabad_hspcb,openaq,30.8,92.4,,,,,,,,,,,False
2025-10-06 08:00:00+05:30,sector_11_faridabad_hspcb,openaq,29.8,89.4,,,,,,,,,,,False
2025-10-06 09:00:00+05:30,sector_11_faridabad_hspcb,openaq,30.4,91.3,,,,,,,,,,,False
2025-10-06 10:00:00+05:30,sector_11_faridabad_hspcb,openaq,29.5,88.5,,,,,,,,,,,False
2025-10-06 11:00:00+05:30,sector_11_faridabad_hspcb,openaq,30.1,90.3,,,,,,,,,,,False
2025-10-06 12:00:00+05:30,sector_11_faridabad_hspcb,openaq,29.8,89.2,,,,,,,,,,,False
2025-10-06 13:00:00+05:30,sector_11_faridabad_hspcb,openaq,30.3,90.7,,,,,,,,,,,False
2025-10-06 14:00:00+05:30,sector_11_faridabad_hspcb,openaq,29.4,88.1,,,,,,,,,,,False
2025-10-06 15:00:00+05:30,sector_11_faridabad_hspcb,openaq,30.6,91.8,,,,,,,,,,,False
2025-10-06 16:00:00+05:30,sector_11_faridabad_hspcb,openaq,29.7,89.0,,,,,,,,,,,False
2025-10-06 17:00:00+05:30,sector_11_faridabad_hspcb,openaq,30.4,89.0,,,,,,,,,,,False
2025-10-06 18:00:00+05:30,sector_11_faridabad_hspcb,openaq,30.0,91.0,,,,,,,,,,,False
2025-10-06 19:00:00+05:30,sector_11_faridabad_hspcb,openaq,19.7,63.0,,,,,,,,,,,False
2025-10-06 20:00:00+05:30,sector_11_faridabad_hspcb,openaq,30.5,91.3,,,,,,,,,,,False
2025-10-06 21:00:00+05:30,sector_11_faridabad_hspcb,openaq,29.3,87.8,,,,,,,,,,,False
2025-10-06 22:00:00+05:30,sector_11_faridabad_hspcb,openaq,29.7,89.1,,,,,,,,,,,False
2025-10-07 01:00:00+05:30,sector_11_faridabad_hspcb,openaq,30.7,92.0,,,,,,,,,,,False
2025-10-07 02:00:00+05:30,sector_11_faridabad_hspcb,openaq,29.1,87.4,,,,,,,,,,,False
2025-10-07 03:00:00+05:30,sector_11_faridabad_hspcb,openaq,29.5,88.3,,,,,,,,,,,False
2025-10-07 04:00:00+05:30,sector_11_faridabad_hspcb,openaq,29.9,89.8,,,,,,,,,,,False
2025-10-07 05:00:00+05:30,sector_11_faridabad_hspcb,openaq,29.6,88.9,,,,,,,,,,,False
2025-10-07 06:00:00+05:30,sector_11_faridabad_hspcb,openaq,30.7,92.1,,,,,,,,,,,False
2025-10-07 07:00:00+05:30,sector_11_faridabad_hspcb,openaq,29.5,88.6,,,,,,,,,,,False
2025-10-07 08:00:00+05:30,sector_11_faridabad_hspcb,openaq,30.6,91.7,,,,,,,,,,,False
2025-10-07 10:00:00+05:30,sector_11_faridabad_hspcb,openaq,29.6,88.8,,,,,,,,,,,False
2025-10-07 11:00:00+05:30,sector_11_faridabad_hspcb,openaq,30.3,90.8,,,,,,,,,,,False
2025-10-07 12:00:00+05:30,sector_11_faridabad_hspcb,openaq,30.9,92.7,,,,,,,,,,,False
2025-10-07 13:00:00+05:30,sector_11_faridabad_hspcb,openaq,29.7,89.2,,,,,,,,,,,False
2025-10-07 14:00:00+05:30,sector_11_faridabad_hspcb,openaq,29.8,89.2,,,,,,,,,,,False
2025-10-07 15:00:00+05:30,sector_11_faridabad_hspcb,openaq,23.0,68.8,,,,,,,,,,,False
2025-10-07 16:00:00+05:30,sector_11_faridabad_hspcb,openaq,29.5,88.6,,,,,,,,,,,False
2025-10-07 17:00:00+05:30,sector_11_faridabad_hspcb,openaq,30.0,90.0,,,,,,,,,,,False
2025-10-07 18:00:00+05:30,sector_11_faridabad_hspcb,openaq,30.2,90.7,,,,,,,,,,,False
2025-10-07 19:00:00+05:30,sector_11_faridabad_hspcb,openaq,29.7,89.0,,,,,,,,,,,False
2025-10-07 20:00:00+05:30,sector_11_faridabad_hspcb,openaq,29.7,89.2,,,,,,,,,,,False
2025-10-07 21:00:00+05:30,sector_11_faridabad_hspcb,openaq,30.9,92.7,,,,,,,,,,,False
2025-10-07 22:00:00+05:30,sector_11_faridabad_hspcb,openaq,30.8,92.5,,,,,,,,,,,False
2025-10-08 01:00:00+05:30,sector_11_faridabad_hspcb,openaq,30.2,90.5,,,,,,,,,,,False
2025-10-08 02:00:00+05:30,sector_11_faridabad_hspcb,openaq,30.7,92.0,,,,,,,,,,,False
2025-10-08 03:00:00+05:30,sector_11_faridabad_hspcb,openaq,30.3,91.1,,,,,,,,,,,False
2025-10-08 04:00:00+05:30,sector_11_faridabad_hspcb,openaq,30.5,91.4,,,,,,,,,,,False
2025-10-08 05:00:00+05:30,sector_11_faridabad_hspcb,openaq,30.6,91.9,,,,,,,,,,,False
2025-10-08 06:00:00+05:30,sector_11_faridabad_hspcb,openaq,29.3,87.8,,,,,,,,,,,False
2025-10-08 07:00:00+05:30,sector_11_faridabad_hspcb,openaq,30.8,92.4,,,,,,,,,,,False
2025-10-08 08:00:00+05:30,sector_11_faridabad_hspcb,openaq,29.9,89.7,,,,,,,,,,,False
2025-10-08 09:00:00+05:30,sector_11_faridabad_hspcb,openaq,29.0,86.9,,,,,,,,,,,False
2025-10-08 10:00:00+05:30,sector_11_faridabad_hspcb,openaq,31.1,93.3,,,,,,,,,,,False
2025-10-08 11:00:00+05:30,sector_11_faridabad_hspcb,openaq,29.4,88.0,,,,,,,,,,,False
2025-10-08 12:00:00+05:30,sector_11_faridabad_hspcb,openaq,30.5,91.5,,,,,,,,,,,False
2025-10-08 13:00:00+05:30,sector_11_faridabad_hspcb,openaq,29.4,88.2,,,,,,,,,,,False
2025-10-08 14:00:00+05:30,sector_11_faridabad_hspcb,openaq,30.0,89.9,,,,,,,,,,,False
2025-10-08 15:00:00+05:30,sector_11_faridabad_hspcb,openaq,29.9,89.7,,,,,,,,,,,False
2025-10-08 16:00:00+05:30,sector_11_faridabad_hspcb,openaq,30.4,91.1,,,,,,,,,,,False
2025-10-08 17:00:00+05:30,sector_11_faridabad_hspcb,openaq,30.9,92.6,,,,,,,,,,,False
2025-10-08 18:00:00+05:30,sector_11_faridabad_hspcb,openaq,29.1,87.4,,,,,,,,,,,False
2025-10-08 19:00:00+05:30,sector_11_faridabad_hspcb,openaq,30.1,90.1,,,,,,,,,,,False
2025-10-08 20:00:00+05:30,sector_11_faridabad_hspcb,openaq,29.2,87.6,,,,,,,,,,,False
2025-10-08 21:00:00+05:30,sector_11_faridabad_hspcb,openaq,29.1,87.3,,,,,,,,,,,False
2025-10-08 22:00:00+05:30,sector_11_faridabad_hspcb,openaq,29.8,89.3,,,,,,,,,,,False
2025-10-09 01:00:00+05:30,sector_11_faridabad_hspcb,openaq,29.5,88.6,,,,,,,,,,,False
2025-10-09 03:00:00+05:30,sector_11_faridabad_hspcb,openaq,29.9,89.6,,,,,,,,,,,False
2025-10-09 04:00:00+05:30,sector_11_faridabad_hspcb,openaq,30.1,90.2,,,,,,,,,,,False
2025-10-09 05:00:00+05:30,sector_11_faridabad_hspcb,openaq,29.9,89.7,,,,,,,,,,,False
2025-10-09 06:00:00+05:30,sector_11_faridabad_hspcb,openaq,30.1,90.3,,,,,,,,,,,False
2025-10-09 07:00:00+05:30,sector_11_faridabad_hspcb,openaq,30.7,92.1,,,,,,,,,,,False
2025-10-09 08:00:00+05:30,sector_11_faridabad_hspcb,openaq,30.6,91.8,,,,,,,,,,,False
2025-10-09 09:00:00+05:30,sector_11_faridabad_hspcb,openaq,30.9,92.7,,,,,,,,,,,False
2025-10-09 10:00:00+05:30,sector_11_faridabad_hspcb,openaq,29.4,88.3,,,,,,,,,,,False
2025-10-09 11:00:00+05:30,sector_11_faridabad_hspcb,openaq,30.8,92.4,,,,,,,,,,,False
2025-10-09 12:00:00+05:30,sector_11_faridabad_hspcb,openaq,29.1,87.4,,,,,,,,,,,False
2025-10-09 13:00:00+05:30,sector_11_faridabad_hspcb,openaq,30.1,90.2,,,,,,,,,,,False
2025-10-09 14:00:00+05:30,sector_11_faridabad_hspcb,openaq,29.3,87.8,,,,,,,,,,,False
2025-10-09 15:00:00+05:30,sector_11_faridabad_hspcb,openaq,28.6,85.9,,,,,,,,,,,False
2025-10-09 16:00:00+05:30,sector_11_faridabad_hspcb,openaq,30.7,92.2,,,,,,,,,,,False
2025-10-09 18:00:00+05:30,sector_11_faridabad_hspcb,openaq,41.0,120.0,,,,,,,,,,,False
2025-10-09 19:00:00+05:30,sector_11_faridabad_hspcb,openaq,45.4,131.0,,,,,,,,,,,False
2025-10-09 20:00:00+05:30,sector_11_faridabad_hspcb,openaq,44.8,129.0,,,,,,,,,,,False
2025-10-09 21:00:00+05:30,sector_11_faridabad_hspcb,openaq,45.7,132.0,,,,,,,,,,,False
2025-10-09 22:00:00+05:30,sector_11_faridabad_hspcb,openaq,42.5,122.0,,,,,,,,,,,False
2025-10-10 01:00:00+05:30,sector_11_faridabad_hspcb,openaq,44.1,127.0,,,,,,,,,,,False
2025-10-10 02:00:00+05:30,sector_11_faridabad_hspcb,openaq,45.7,132.0,,,,,,,,,,,False
2025-10-10 03:00:00+05:30,sector_11_faridabad_hspcb,openaq,45.0,130.0,,,,,,,,,,,False
2025-10-10 04:00:00+05:30,sector_11_faridabad_hspcb,openaq,44.9,130.0,,,,,,,,,,,False
2025-10-10 05:00:00+05:30,sector_11_faridabad_hspcb,openaq,45.0,130.0,,,,,,,,,,,False
2025-10-10 06:00:00+05:30,sector_11_faridabad_hspcb,openaq,44.4,128.0,,,,,,,,,,,False
2025-10-10 07:00:00+05:30,sector_11_faridabad_hspcb,openaq,45.1,130.0,,,,,,,,,,,False
2025-10-10 08:00:00+05:30,sector_11_faridabad_hspcb,openaq,33.4,96.6,,,,,,,,,,,False
2025-10-10 09:00:00+05:30,sector_11_faridabad_hspcb,openaq,43.5,125.0,,,,,,,,,,,False
2025-10-10 10:00:00+05:30,sector_11_faridabad_hspcb,openaq,46.0,133.0,,,,,,,,,,,False
2025-10-10 11:00:00+05:30,sector_11_faridabad_hspcb,openaq,45.5,132.0,,,,,,,,,,,False
2025-10-10 12:00:00+05:30,sector_11_faridabad_hspcb,openaq,43.7,126.0,,,,,,,,,,,False
2025-10-10 13:00:00+05:30,sector_11_faridabad_hspcb,openaq,44.9,130.0,,,,,,,,,,,False
2025-10-10 14:00:00+05:30,sector_11_faridabad_hspcb,openaq,45.2,131.0,,,,,,,,,,,False
2025-10-10 15:00:00+05:30,sector_11_faridabad_hspcb,openaq,44.6,129.0,,,,,,,,,,,False
2025-10-10 19:00:00+05:30,sector_11_faridabad_hspcb,openaq,43.2,125.0,,,,,,,,,,,False
2025-10-10 20:00:00+05:30,sector_11_faridabad_hspcb,openaq,44.1,127.0,,,,,,,,,,,False
2025-10-10 21:00:00+05:30,sector_11_faridabad_hspcb,openaq,44.9,130.0,,,,,,,,,,,False
2025-10-10 22:00:00+05:30,sector_11_faridabad_hspcb,openaq,44.7,129.0,,,,,,,,,,,False
2025-10-11 02:00:00+05:30,sector_11_faridabad_hspcb,openaq,44.2,128.0,,,,,,,,,,,False
2025-10-11 03:00:00+05:30,sector_11_faridabad_hspcb,openaq,44.9,130.0,,,,,,,,,,,False
2025-10-11 04:00:00+05:30,sector_11_faridabad_hspcb,openaq,45.2,131.0,,,,,,,,,,,False
2025-10-11 05:00:00+05:30,sector_11_faridabad_hspcb,openaq,44.0,127.0,,,,,,,,,,,False
2025-10-11 06:00:00+05:30,sector_11_faridabad_hspcb,openaq,45.2,130.0,,,,,,,,,,,False
2025-10-11 07:00:00+05:30,sector_11_faridabad_hspcb,openaq,44.8,129.0,,,,,,,,,,,False
2025-10-11 08:00:00+05:30,sector_11_faridabad_hspcb,openaq,43.6,126.0,,,,,,,,,,,False
2025-10-11 09:00:00+05:30,sector_11_faridabad_hspcb,openaq,45.6,132.0,,,,,,,,,,,False
2025-10-11 10:00:00+05:30,sector_11_faridabad_hspcb,openaq,44.6,129.0,,,,,,,,,,,False
2025-10-11 11:00:00+05:30,sector_11_faridabad_hspcb,openaq,32.7,94.3,,,,,,,,,,,False
2025-10-11 12:00:00+05:30,sector_11_faridabad_hspcb,openaq,44.6,129.0,,,,,,,,,,,False
2025-10-11 13:00:00+05:30,sector_11_faridabad_hspcb,openaq,43.7,126.0,,,,,,,,,,,False
2025-10-11 14:00:00+05:30,sector_11_faridabad_hspcb,openaq,44.1,127.0,,,,,,,,,,,False
2025-10-11 15:00:00+05:30,sector_11_faridabad_hspcb,openaq,45.7,132.0,,,,,,,,,,,False
2025-10-11 16:00:00+05:30,sector_11_faridabad_hspcb,openaq,45.6,132.0,,,,,,,,,,,False
2025-10-11 17:00:00+05:30,sector_11_faridabad_hspcb,openaq,43.5,125.0,,,,,,,,,,,False
2025-10-11 18:00:00+05:30,sector_11_faridabad_hspcb,openaq,46.4,134.0,,,,,,,,,,,False
2025-10-11 19:00:00+05:30,sector_11_faridabad_hspcb,openaq,46.2,134.0,,,,,,,,,,,False
2025-10-11 20:00:00+05:30,sector_11_faridabad_hspcb,openaq,44.2,128.0,,,,,,,,,,,False
2025-10-11 21:00:00+05:30,sector_11_faridabad_hspcb,openaq,43.9,127.0,,,,,,,,,,,False
2025-10-11 22:00:00+05:30,sector_11_faridabad_hspcb,openaq,44.6,129.0,,,,,,,,,,,False
2025-10-12 01:00:00+05:30,sector_11_faridabad_hspcb,openaq,47.1,136.0,,,,,,,,,,,False
2025-10-12 02:00:00+05:30,sector_11_faridabad_hspcb,openaq,45.7,132.0,,,,,,,,,,,False
2025-10-12 03:00:00+05:30,sector_11_faridabad_hspcb,openaq,43.2,125.0,,,,,,,,,,,False
2025-10-12 04:00:00+05:30,sector_11_faridabad_hspcb,openaq,45.2,131.0,,,,,,,,,,,False
2025-10-12 05:00:00+05:30,sector_11_faridabad_hspcb,openaq,44.6,129.0,,,,,,,,,,,False
2025-10-12 06:00:00+05:30,sector_11_faridabad_hspcb,openaq,44.4,128.0,,,,,,,,,,,False
2025-10-12 07:00:00+05:30,sector_11_faridabad_hspcb,openaq,42.0,121.0,,,,,,,,,,,False
2025-10-12 08:00:00+05:30,sector_11_faridabad_hspcb,openaq,43.8,126.0,,,,,,,,,,,False
2025-10-12 09:00:00+05:30,sector_11_faridabad_hspcb,openaq,28.8,83.2,,,,,,,,,,,False
2025-10-12 10:00:00+05:30,sector_11_faridabad_hspcb,openaq,45.6,132.0,,,,,,,,,,,False
2025-10-12 11:00:00+05:30,sector_11_faridabad_hspcb,openaq,46.1,133.0,,,,,,,,,,,False
2025-10-12 12:00:00+05:30,sector_11_faridabad_hspcb,openaq,45.6,132.0,,,,,,,,,,,False
2025-10-12 13:00:00+05:30,sector_11_faridabad_hspcb,openaq,45.0,130.0,,,,,,,,,,,False
2025-10-12 14:00:00+05:30,sector_11_faridabad_hspcb,openaq,44.9,130.0,,,,,,,,,,,False
2025-10-12 15:00:00+05:30,sector_11_faridabad_hspcb,openaq,46.6,135.0,,,,,,,,,,,False
2025-10-12 16:00:00+05:30,sector_11_faridabad_hspcb,openaq,44.5,128.0,,,,,,,,,,,False
2025-10-12 17:00:00+05:30,sector_11_faridabad_hspcb,openaq,44.4,128.0,,,,,,,,,,,False
2025-10-12 18:00:00+05:30,sector_11_faridabad_hspcb,openaq,44.5,129.0,,,,,,,,,,,False
2025-10-12 19:00:00+05:30,sector_11_faridabad_hspcb,openaq,46.4,134.0,,,,,,,,,,,False
2025-10-12 20:00:00+05:30,sector_11_faridabad_hspcb,openaq,45.0,130.0,,,,,,,,,,,False
2025-10-12 21:00:00+05:30,sector_11_faridabad_hspcb,openaq,44.0,127.0,,,,,,,,,,,False
2025-10-12 22:00:00+05:30,sector_11_faridabad_hspcb,openaq,45.5,132.0,,,,,,,,,,,False
2025-10-13 01:00:00+05:30,sector_11_faridabad_hspcb,openaq,45.2,131.0,,,,,,,,,,,False
2025-10-13 02:00:00+05:30,sector_11_faridabad_hspcb,openaq,45.7,132.0,,,,,,,,,,,False
2025-10-13 03:00:00+05:30,sector_11_faridabad_hspcb,openaq,44.6,129.0,,,,,,,,,,,False
2025-10-13 04:00:00+05:30,sector_11_faridabad_hspcb,openaq,44.4,128.0,,,,,,,,,,,False
2025-10-13 05:00:00+05:30,sector_11_faridabad_hspcb,openaq,44.6,129.0,,,,,,,,,,,False
2025-10-13 06:00:00+05:30,sector_11_faridabad_hspcb,openaq,45.2,131.0,,,,,,,,,,,False
2025-10-13 07:00:00+05:30,sector_11_faridabad_hspcb,openaq,45.0,130.0,,,,,,,,,,,False
2025-10-13 08:00:00+05:30,sector_11_faridabad_hspcb,openaq,43.2,124.0,,,,,,,,,,,False
2025-10-13 09:00:00+05:30,sector_11_faridabad_hspcb,openaq,45.4,131.0,,,,,,,,,,,False
2025-10-13 10:00:00+05:30,sector_11_faridabad_hspcb,openaq,43.9,127.0,,,,,,,,,,,False
2025-10-13 11:00:00+05:30,sector_11_faridabad_hspcb,openaq,45.7,132.0,,,,,,,,,,,False
2025-10-13 12:00:00+05:30,sector_11_faridabad_hspcb,openaq,44.4,128.0,,,,,,,,,,,False
2025-10-13 13:00:00+05:30,sector_11_faridabad_hspcb,openaq,44.3,128.0,,,,,,,,,,,False
2025-10-13 14:00:00+05:30,sector_11_faridabad_hspcb,openaq,44.9,130.0,,,,,,,,,,,False
2025-10-13 15:00:00+05:30,sector_11_faridabad_hspcb,openaq,43.5,125.0,,,,,,,,,,,False
2025-10-13 16:00:00+05:30,sector_11_faridabad_hspcb,openaq,46.4,134.0,,,,,,,,,,,False
2025-10-13 17:00:00+05:30,sector_11_faridabad_hspcb,openaq,46.0,133.0,,,,,,,,,,,False
2025-10-13 18:00:00+05:30,sector_11_faridabad_hspcb,openaq,42.6,123.0,,,,,,,,,,,False
2025-10-13 19:00:00+05:30,sector_11_faridabad_hspcb,openaq,45.8,132.0,,,,,,,,,,,False
2025-10-13 20:00:00+05:30,sector_11_faridabad_hspcb,openaq,44.8,129.0,,,,,,,,,,,False
2025-10-13 21:00:00+05:30,sector_11_faridabad_hspcb,openaq,43.6,126.0,,,,,,,,,,,False
2025-10-13 22:00:00+05:30,sector_11_faridabad_hspcb,openaq,46.7,135.0,,,,,,,,,,,False
2025-10-14 01:00:00+05:30,sector_11_faridabad_hspcb,openaq,45.3,131.0,,,,,,,,,,,False
2025-10-14 02:00:00+05:30,sector_11_faridabad_hspcb,openaq,44.2,127.0,,,,,,,,,,,False
2025-10-14 03:00:00+05:30,sector_11_faridabad_hspcb,openaq,42.9,124.0,,,,,,,,,,,False
2025-10-14 04:00:00+05:30,sector_11_faridabad_hspcb,openaq,45.4,131.0,,,,,,,,,,,False
2025-10-14 05:00:00+05:30,sector_11_faridabad_hspcb,openaq,43.8,126.0,,,,,,,,,,,False
2025-10-14 06:00:00+05:30,sector_11_faridabad_hspcb,openaq,44.9,130.0,,,,,,,,,,,False
2025-10-14 07:00:00+05:30,sector_11_faridabad_hspcb,openaq,45.2,131.0,,,,,,,,,,,False
2025-10-14 08:00:00+05:30,sector_11_faridabad_hspcb,openaq,42.9,124.0,,,,,,,,,,,False
2025-10-14 09:00:00+05:30,sector_11_faridabad_hspcb,openaq,44.1,127.0,,,,,,,,,,,False
2025-10-14 10:00:00+05:30,sector_11_faridabad_hspcb,openaq,43.3,125.0,,,,,,,,,,,False
2025-10-14 11:00:00+05:30,sector_11_faridabad_hspcb,openaq,46.9,136.0,,,,,,,,,,,False
2025-10-14 12:00:00+05:30,sector_11_faridabad_hspcb,openaq,45.0,130.0,,,,,,,,,,,False
2025-10-14 13:00:00+05:30,sector_11_faridabad_hspcb,openaq,44.4,128.0,,,,,,,,,,,False
2025-10-14 14:00:00+05:30,sector_11_faridabad_hspcb,openaq,45.8,132.0,,,,,,,,,,,False
2025-10-14 15:00:00+05:30,sector_11_faridabad_hspcb,openaq,45.5,132.0,,,,,,,,,,,False
2025-10-14 16:00:00+05:30,sector_11_faridabad_hspcb,openaq,44.3,128.0,,,,,,,,,,,False
2025-10-14 17:00:00+05:30,sector_11_faridabad_hspcb,openaq,45.7,132.0,,,,,,,,,,,False
2025-10-14 18:00:00+05:30,sector_11_faridabad_hspcb,openaq,46.2,134.0,,,,,,,,,,,False
2025-10-14 19:00:00+05:30,sector_11_faridabad_hspcb,openaq,44.6,129.0,,,,,,,,,,,False
2025-10-14 20:00:00+05:30,sector_11_faridabad_hspcb,openaq,32.3,93.2,,,,,,,,,,,False
2025-10-14 21:00:00+05:30,sector_11_faridabad_hspcb,openaq,44.3,128.0,,,,,,,,,,,False
2025-10-14 22:00:00+05:30,sector_11_faridabad_hspcb,openaq,44.2,128.0,,,,,,,,,,,False
2025-10-15 01:00:00+05:30,sector_11_faridabad_hspcb,openaq,44.9,130.0,,,,,,,,,,,False
2025-10-15 02:00:00+05:30,sector_11_faridabad_hspcb,openaq,44.1,127.0,,,,,,,,,,,False
2025-10-15 03:00:00+05:30,sector_11_faridabad_hspcb,openaq,44.9,130.0,,,,,,,,,,,False
2025-10-15 04:00:00+05:30,sector_11_faridabad_hspcb,openaq,44.3,128.0,,,,,,,,,,,False
2025-10-15 05:00:00+05:30,sector_11_faridabad_hspcb,openaq,44.4,128.0,,,,,,,,,,,False
2025-10-15 06:00:00+05:30,sector_11_faridabad_hspcb,openaq,43.6,126.0,,,,,,,,,,,False
2025-10-15 07:00:00+05:30,sector_11_faridabad_hspcb,openaq,60.0,146.0,,,,,,,,,,,False
2025-10-15 08:00:00+05:30,sector_11_faridabad_hspcb,openaq,703.0,1450.0,,,,,,,,,,,False
2025-10-15 10:00:00+05:30,sector_11_faridabad_hspcb,openaq,23.1,46.2,,,,,,,,,,,False
2025-10-15 11:00:00+05:30,sector_11_faridabad_hspcb,openaq,54.6,110.0,,,,,,,,,,,False
2025-10-15 12:00:00+05:30,sector_11_faridabad_hspcb,openaq,31.6,63.1,,,,,,,,,,,False
2025-10-15 13:00:00+05:30,sector_11_faridabad_hspcb,openaq,10.2,20.5,,,,,,,,,,,False
2025-10-15 14:00:00+05:30,sector_11_faridabad_hspcb,openaq,11.4,22.9,,,,,,,,,,,False
2025-10-15 15:00:00+05:30,sector_11_faridabad_hspcb,openaq,22.2,44.5,,,,,,,,,,,False
2025-10-15 16:00:00+05:30,sector_11_faridabad_hspcb,openaq,8.7,17.4,,,,,,,,,,,False
2025-10-15 21:00:00+05:30,sector_11_faridabad_hspcb,openaq,62.4,125.0,,,,,,,,,,,False
2025-10-15 22:00:00+05:30,sector_11_faridabad_hspcb,openaq,61.7,123.0,,,,,,,,,,,False
2025-10-16 01:00:00+05:30,sector_11_faridabad_hspcb,openaq,61.9,124.0,,,,,,,,,,,False
2025-10-16 02:00:00+05:30,sector_11_faridabad_hspcb,openaq,55.0,110.0,,,,,,,,,,,False
2025-10-16 03:00:00+05:30,sector_11_faridabad_hspcb,openaq,50.3,101.0,,,,,,,,,,,False
2025-10-16 04:00:00+05:30,sector_11_faridabad_hspcb,openaq,34.5,69.1,,,,,,,,,,,False
2025-10-16 05:00:00+05:30,sector_11_faridabad_hspcb,openaq,30.2,60.4,,,,,,,,,,,False
2025-10-16 07:00:00+05:30,sector_11_faridabad_hspcb,openaq,45.9,91.7,,,,,,,,,,,False
2025-10-16 08:00:00+05:30,sector_11_faridabad_hspcb,openaq,42.3,84.4,,,,,,,,,,,False
2025-10-16 09:00:00+05:30,sector_11_faridabad_hspcb,openaq,8.65,17.3,,,,,,,,,,,False
2025-10-16 10:00:00+05:30,sector_11_faridabad_hspcb,openaq,0.0,0.0,,,,,,,,,,,False
2025-10-16 11:00:00+05:30,sector_11_faridabad_hspcb,openaq,0.0,0.0,,,,,,,,,,,False
2025-10-16 12:00:00+05:30,sector_11_faridabad_hspcb,openaq,18.8,37.5,,,,,,,,,,,False
2025-10-16 13:00:00+05:30,sector_11_faridabad_hspcb,openaq,25.0,50.0,,,,,,,,,,,False
2025-10-16 14:00:00+05:30,sector_11_faridabad_hspcb,openaq,138.0,276.0,,,,,,,,,,,False
2025-10-16 15:00:00+05:30,sector_11_faridabad_hspcb,openaq,117.0,234.0,,,,,,,,,,,False
2025-10-16 16:00:00+05:30,sector_11_faridabad_hspcb,openaq,99.9,200.0,,,,,,,,,,,False
2025-10-16 17:00:00+05:30,sector_11_faridabad_hspcb,openaq,72.1,144.0,,,,,,,,,,,False
2025-10-16 18:00:00+05:30,sector_11_faridabad_hspcb,openaq,38.6,77.1,,,,,,,,,,,False
2025-10-16 19:00:00+05:30,sector_11_faridabad_hspcb,openaq,26.1,52.2,,,,,,,,,,,False
2025-10-16 20:00:00+05:30,sector_11_faridabad_hspcb,openaq,25.1,50.3,,,,,,,,,,,False
2025-10-16 21:00:00+05:30,sector_11_faridabad_hspcb,openaq,25.0,50.0,,,,,,,,,,,False
2025-10-16 22:00:00+05:30,sector_11_faridabad_hspcb,openaq,27.9,55.7,,,,,,,,,,,False
2025-10-17 01:00:00+05:30,sector_11_faridabad_hspcb,openaq,25.6,51.2,,,,,,,,,,,False
2025-10-17 02:00:00+05:30,sector_11_faridabad_hspcb,openaq,25.2,50.3,,,,,,,,,,,False
2025-10-17 03:00:00+05:30,sector_11_faridabad_hspcb,openaq,25.0,50.1,,,,,,,,,,,False
2025-10-17 04:00:00+05:30,sector_11_faridabad_hspcb,openaq,25.0,50.0,,,,,,,,,,,False
2025-10-17 05:00:00+05:30,sector_11_faridabad_hspcb,openaq,25.0,50.0,,,,,,,,,,,False
2025-10-17 06:00:00+05:30,sector_11_faridabad_hspcb,openaq,25.0,50.0,,,,,,,,,,,False
2025-10-17 07:00:00+05:30,sector_11_faridabad_hspcb,openaq,25.0,50.0,,,,,,,,,,,False
2025-10-17 08:00:00+05:30,sector_11_faridabad_hspcb,openaq,25.6,51.2,,,,,,,,,,,False
2025-10-17 09:00:00+05:30,sector_11_faridabad_hspcb,openaq,25.5,51.0,,,,,,,,,,,False
2025-10-17 10:00:00+05:30,sector_11_faridabad_hspcb,openaq,26.3,52.6,,,,,,,,,,,False
2025-10-17 11:00:00+05:30,sector_11_faridabad_hspcb,openaq,32.8,65.7,,,,,,,,,,,False
2025-10-17 12:00:00+05:30,sector_11_faridabad_hspcb,openaq,33.3,66.7,,,,,,,,,,,False
2025-10-17 13:00:00+05:30,sector_11_faridabad_hspcb,openaq,103.0,206.0,,,,,,,,,,,False
2025-10-17 14:00:00+05:30,sector_11_faridabad_hspcb,openaq,338.0,675.0,,,,,,,,,,,False
2025-10-17 16:00:00+05:30,sector_11_faridabad_hspcb,openaq,46.5,93.0,,,,,,,,,,,False
2025-10-17 17:00:00+05:30,sector_11_faridabad_hspcb,openaq,26.7,53.4,,,,,,,,,,,False
2025-10-17 18:00:00+05:30,sector_11_faridabad_hspcb,openaq,726.0,,,,,,,,,,,,False
2025-10-17 19:00:00+05:30,sector_11_faridabad_hspcb,openaq,219.0,438.0,,,,,,,,,,,False
2025-10-17 20:00:00+05:30,sector_11_faridabad_hspcb,openaq,841.0,,,,,,,,,,,,False
2025-10-17 22:00:00+05:30,sector_11_faridabad_hspcb,openaq,90.1,180.0,,,,,,,,,,,False
2025-10-18 01:00:00+05:30,sector_11_faridabad_hspcb,openaq,462.0,925.0,,,,,,,,,,,False
2025-10-18 04:00:00+05:30,sector_11_faridabad_hspcb,openaq,250.0,500.0,,,,,,,,,,,False
2025-10-18 07:00:00+05:30,sector_11_faridabad_hspcb,openaq,303.0,606.0,,,,,,,,,,,False
2025-10-18 10:00:00+05:30,sector_11_faridabad_hspcb,openaq,132.0,263.0,,,,,,,,,,,False
2025-10-18 11:00:00+05:30,sector_11_faridabad_hspcb,openaq,23.6,47.1,,,,,,,,,,,False
2025-10-18 12:00:00+05:30,sector_11_faridabad_hspcb,openaq,385.0,767.0,,,,,,,,,,,False
2025-10-27 19:00:00+05:30,sector_11_faridabad_hspcb,openaq,,0.0,,,,,,,,,,,False
2025-10-27 20:00:00+05:30,sector_11_faridabad_hspcb,openaq,,0.0,,,,,,,,,,,False
2025-10-27 21:00:00+05:30,sector_11_faridabad_hspcb,openaq,,0.0,,,,,,,,,,,False
2025-10-27 22:00:00+05:30,sector_11_faridabad_hspcb,openaq,,0.0,,,,,,,,,,,False
2025-10-27 23:00:00+05:30,sector_11_faridabad_hspcb,openaq,,0.0,,,,,,,,,,,False
2025-10-28 01:00:00+05:30,sector_11_faridabad_hspcb,openaq,,0.0,,,,,,,,,,,False
2025-10-28 02:00:00+05:30,sector_11_faridabad_hspcb,openaq,,0.0,,,,,,,,,,,False
2025-10-28 03:00:00+05:30,sector_11_faridabad_hspcb,openaq,,0.0,,,,,,,,,,,False
2025-10-28 04:00:00+05:30,sector_11_faridabad_hspcb,openaq,,0.0,,,,,,,,,,,False
2025-10-28 05:00:00+05:30,sector_11_faridabad_hspcb,openaq,,0.0,,,,,,,,,,,False
2025-10-28 06:00:00+05:30,sector_11_faridabad_hspcb,openaq,,0.0,,,,,,,,,,,False
2025-10-28 07:00:00+05:30,sector_11_faridabad_hspcb,openaq,,0.0,,,,,,,,,,,False
2025-10-28 08:00:00+05:30,sector_11_faridabad_hspcb,openaq,,0.0,,,,,,,,,,,False
2025-10-28 09:00:00+05:30,sector_11_faridabad_hspcb,openaq,,0.0,,,,,,,,,,,False
2025-10-28 10:00:00+05:30,sector_11_faridabad_hspcb,openaq,,0.0,,,,,,,,,,,False
2025-10-29 18:00:00+05:30,sector_11_faridabad_hspcb,openaq,94.8,143.0,,,,,,,,,,,False
2025-10-29 19:00:00+05:30,sector_11_faridabad_hspcb,openaq,101.0,189.0,,,,,,,,,,,False
2025-10-30 12:00:00+05:30,sector_11_faridabad_hspcb,openaq,73.5,101.0,,,,,,,,,,,False
2025-10-30 13:00:00+05:30,sector_11_faridabad_hspcb,openaq,75.4,104.0,,,,,,,,,,,False
2025-10-30 14:00:00+05:30,sector_11_faridabad_hspcb,openaq,71.0,92.6,,,,,,,,,,,False
2025-10-30 15:00:00+05:30,sector_11_faridabad_hspcb,openaq,61.1,78.0,,,,,,,,,,,False
2025-10-30 16:00:00+05:30,sector_11_faridabad_hspcb,openaq,53.4,73.1,,,,,,,,,,,False
2025-10-30 17:00:00+05:30,sector_11_faridabad_hspcb,openaq,58.7,70.7,,,,,,,,,,,False
2025-10-30 19:00:00+05:30,sector_11_faridabad_hspcb,openaq,58.9,72.9,,,,,,,,,,,False
2025-10-30 20:00:00+05:30,sector_11_faridabad_hspcb,openaq,56.1,74.3,,,,,,,,,,,False
2025-10-30 23:00:00+05:30,sector_11_faridabad_hspcb,openaq,54.5,66.8,,,,,,,,,,,False
2025-10-31 10:00:00+05:30,sector_11_faridabad_hspcb,openaq,76.8,99.5,,,,,,,,,,,False
2025-10-31 12:00:00+05:30,sector_11_faridabad_hspcb,openaq,76.0,108.0,,,,,,,,,,,False
2025-10-31 15:00:00+05:30,sector_11_faridabad_hspcb,openaq,64.8,102.0,,,,,,,,,,,False
2025-10-31 17:00:00+05:30,sector_11_faridabad_hspcb,openaq,61.1,110.0,,,,,,,,,,,False
2025-10-31 18:00:00+05:30,sector_11_faridabad_hspcb,openaq,70.2,147.0,,,,,,,,,,,False
2025-10-31 19:00:00+05:30,sector_11_faridabad_hspcb,openaq,84.6,131.0,,,,,,,,,,,False
2025-10-31 20:00:00+05:30,sector_11_faridabad_hspcb,openaq,85.1,121.0,,,,,,,,,,,False
2025-10-31 21:00:00+05:30,sector_11_faridabad_hspcb,openaq,85.5,117.0,,,,,,,,,,,False
2025-10-31 22:00:00+05:30,sector_11_faridabad_hspcb,openaq,84.2,115.0,,,,,,,,,,,False
2025-10-31 23:00:00+05:30,sector_11_faridabad_hspcb,openaq,88.1,118.0,,,,,,,,,,,False
2025-11-01 01:00:00+05:30,sector_11_faridabad_hspcb,openaq,91.8,121.0,,,,,,,,,,,False
2025-11-01 03:00:00+05:30,sector_11_faridabad_hspcb,openaq,72.6,94.0,,,,,,,,,,,False
2025-11-01 06:00:00+05:30,sector_11_faridabad_hspcb,openaq,74.6,103.0,,,,,,,,,,,False
2025-11-01 07:00:00+05:30,sector_11_faridabad_hspcb,openaq,78.1,108.0,,,,,,,,,,,False
2025-11-01 08:00:00+05:30,sector_11_faridabad_hspcb,openaq,92.5,128.0,,,,,,,,,,,False
2025-11-01 09:00:00+05:30,sector_11_faridabad_hspcb,openaq,114.0,168.0,,,,,,,,,,,False
2025-11-01 10:00:00+05:30,sector_11_faridabad_hspcb,openaq,112.0,170.0,,,,,,,,,,,False
2025-11-01 11:00:00+05:30,sector_11_faridabad_hspcb,openaq,103.0,158.0,,,,,,,,,,,False
2025-11-01 13:00:00+05:30,sector_11_faridabad_hspcb,openaq,107.0,170.0,,,,,,,,,,,False
2025-11-01 14:00:00+05:30,sector_11_faridabad_hspcb,openaq,106.0,179.0,,,,,,,,,,,False
2025-11-01 15:00:00+05:30,sector_11_faridabad_hspcb,openaq,114.0,182.0,,,,,,,,,,,False
2025-11-01 16:00:00+05:30,sector_11_faridabad_hspcb,openaq,122.0,184.0,,,,,,,,,,,False
2025-11-01 17:00:00+05:30,sector_11_faridabad_hspcb,openaq,110.0,192.0,,,,,,,,,,,False
2025-11-01 18:00:00+05:30,sector_11_faridabad_hspcb,openaq,109.0,190.0,,,,,,,,,,,False
2025-11-01 19:00:00+05:30,sector_11_faridabad_hspcb,openaq,112.0,187.0,,,,,,,,,,,False
2025-11-01 20:00:00+05:30,sector_11_faridabad_hspcb,openaq,118.0,189.0,,,,,,,,,,,False
2025-11-01 21:00:00+05:30,sector_11_faridabad_hspcb,openaq,122.0,226.0,,,,,,,,,,,False
2025-11-01 22:00:00+05:30,sector_11_faridabad_hspcb,openaq,95.1,144.0,,,,,,,,,,,False
2025-11-01 23:00:00+05:30,sector_11_faridabad_hspcb,openaq,81.4,118.0,,,,,,,,,,,False
2025-11-02 01:00:00+05:30,sector_11_faridabad_hspcb,openaq,106.0,144.0,,,,,,,,,,,False
2025-11-02 02:00:00+05:30,sector_11_faridabad_hspcb,openaq,92.5,125.0,,,,,,,,,,,False
2025-11-02 03:00:00+05:30,sector_11_faridabad_hspcb,openaq,94.9,133.0,,,,,,,,,,,False
2025-11-02 04:00:00+05:30,sector_11_faridabad_hspcb,openaq,100.0,132.0,,,,,,,,,,,False
2025-11-02 05:00:00+05:30,sector_11_faridabad_hspcb,openaq,105.0,154.0,,,,,,,,,,,False
2025-11-02 06:00:00+05:30,sector_11_faridabad_hspcb,openaq,126.0,178.0,,,,,,,,,,,False
2025-11-02 07:00:00+05:30,sector_11_faridabad_hspcb,openaq,120.0,171.0,,,,,,,,,,,False
2025-11-02 08:00:00+05:30,sector_11_faridabad_hspcb,openaq,119.0,176.0,,,,,,,,,,,False
2025-11-02 09:00:00+05:30,sector_11_faridabad_hspcb,openaq,133.0,191.0,,,,,,,,,,,False
2025-11-02 10:00:00+05:30,sector_11_faridabad_hspcb,openaq,116.0,176.0,,,,,,,,,,,False
2025-11-02 11:00:00+05:30,sector_11_faridabad_hspcb,openaq,112.0,169.0,,,,,,,,,,,False
2025-11-02 12:00:00+05:30,sector_11_faridabad_hspcb,openaq,98.7,151.0,,,,,,,,,,,False
2025-11-02 13:00:00+05:30,sector_11_faridabad_hspcb,openaq,83.2,134.0,,,,,,,,,,,False
2025-11-02 14:00:00+05:30,sector_11_faridabad_hspcb,openaq,72.5,116.0,,,,,,,,,,,False
2025-11-02 15:00:00+05:30,sector_11_faridabad_hspcb,openaq,72.2,115.0,,,,,,,,,,,False
2025-11-02 16:00:00+05:30,sector_11_faridabad_hspcb,openaq,74.3,118.0,,,,,,,,,,,False
2025-11-02 17:00:00+05:30,sector_11_faridabad_hspcb,openaq,147.0,231.0,,,,,,,,,,,False
2025-11-02 18:00:00+05:30,sector_11_faridabad_hspcb,openaq,147.0,255.0,,,,,,,,,,,False
2025-11-02 19:00:00+05:30,sector_11_faridabad_hspcb,openaq,146.0,248.0,,,,,,,,,,,False
2025-11-02 20:00:00+05:30,sector_11_faridabad_hspcb,openaq,121.0,204.0,,,,,,,,,,,False
2025-11-02 21:00:00+05:30,sector_11_faridabad_hspcb,openaq,111.0,171.0,,,,,,,,,,,False
2025-11-02 22:00:00+05:30,sector_11_faridabad_hspcb,openaq,87.9,145.0,,,,,,,,,,,False
2025-11-02 23:00:00+05:30,sector_11_faridabad_hspcb,openaq,87.8,146.0,,,,,,,,,,,False
2025-11-03 02:00:00+05:30,sector_11_faridabad_hspcb,openaq,77.6,118.0,,,,,,,,,,,False
2025-11-03 03:00:00+05:30,sector_11_faridabad_hspcb,openaq,83.0,110.0,,,,,,,,,,,False
2025-11-03 04:00:00+05:30,sector_11_faridabad_hspcb,openaq,80.0,110.0,,,,,,,,,,,False
2025-11-03 05:00:00+05:30,sector_11_faridabad_hspcb,openaq,80.9,117.0,,,,,,,,,,,False
2025-11-03 07:00:00+05:30,sector_11_faridabad_hspcb,openaq,89.0,137.0,,,,,,,,,,,False
2025-11-03 08:00:00+05:30,sector_11_faridabad_hspcb,openaq,95.5,143.0,,,,,,,,,,,False
2025-11-03 09:00:00+05:30,sector_11_faridabad_hspcb,openaq,106.0,188.0,,,,,,,,,,,False
2025-11-03 10:00:00+05:30,sector_11_faridabad_hspcb,openaq,106.0,204.0,,,,,,,,,,,False
2025-11-03 14:00:00+05:30,sector_11_faridabad_hspcb,openaq,49.7,106.0,,,,,,,,,,,False
2025-11-03 15:00:00+05:30,sector_11_faridabad_hspcb,openaq,49.9,97.6,,,,,,,,,,,False
2025-11-03 16:00:00+05:30,sector_11_faridabad_hspcb,openaq,54.4,121.0,,,,,,,,,,,False
2025-11-03 17:00:00+05:30,sector_11_faridabad_hspcb,openaq,72.4,181.0,,,,,,,,,,,False
2025-11-03 18:00:00+05:30,sector_11_faridabad_hspcb,openaq,79.7,237.0,,,,,,,,,,,False
2025-11-03 19:00:00+05:30,sector_11_faridabad_hspcb,openaq,79.1,182.0,,,,,,,,,,,False
2025-11-04 10:00:00+05:30,sector_11_faridabad_hspcb,openaq,86.8,149.0,,,,,,,,,,,False
2025-11-04 11:00:00+05:30,sector_11_faridabad_hspcb,openaq,72.5,122.0,,,,,,,,,,,False
2025-11-04 14:00:00+05:30,sector_11_faridabad_hspcb,openaq,38.4,69.8,,,,,,,,,,,False
2025-11-04 15:00:00+05:30,sector_11_faridabad_hspcb,openaq,35.7,82.7,,,,,,,,,,,False
2025-11-04 16:00:00+05:30,sector_11_faridabad_hspcb,openaq,40.6,84.2,,,,,,,,,,,False
2025-11-04 17:00:00+05:30,sector_11_faridabad_hspcb,openaq,43.7,98.9,,,,,,,,,,,False
2025-11-04 18:00:00+05:30,sector_11_faridabad_hspcb,openaq,58.1,110.0,,,,,,,,,,,False
2025-11-04 19:00:00+05:30,sector_11_faridabad_hspcb,openaq,64.5,99.8,,,,,,,,,,,False
2025-11-04 20:00:00+05:30,sector_11_faridabad_hspcb,openaq,61.5,105.0,,,,,,,,,,,False
2025-11-04 21:00:00+05:30,sector_11_faridabad_hspcb,openaq,71.8,102.0,,,,,,,,,,,False
2025-11-04 22:00:00+05:30,sector_11_faridabad_hspcb,openaq,68.0,95.8,,,,,,,,,,,False
2025-11-04 23:00:00+05:30,sector_11_faridabad_hspcb,openaq,54.0,76.5,,,,,,,,,,,False
2025-11-05 01:00:00+05:30,sector_11_faridabad_hspcb,openaq,67.7,98.5,,,,,,,,,,,False
2025-11-05 02:00:00+05:30,sector_11_faridabad_hspcb,openaq,66.0,85.6,,,,,,,,,,,False
2025-11-05 03:00:00+05:30,sector_11_faridabad_hspcb,openaq,66.9,84.0,,,,,,,,,,,False
2025-11-05 04:00:00+05:30,sector_11_faridabad_hspcb,openaq,75.7,95.6,,,,,,,,,,,False
2025-11-05 05:00:00+05:30,sector_11_faridabad_hspcb,openaq,82.7,106.0,,,,,,,,,,,False
2025-11-05 06:00:00+05:30,sector_11_faridabad_hspcb,openaq,77.1,102.0,,,,,,,,,,,False
2025-11-05 07:00:00+05:30,sector_11_faridabad_hspcb,openaq,66.1,87.3,,,,,,,,,,,False
2025-11-05 08:00:00+05:30,sector_11_faridabad_hspcb,openaq,78.5,114.0,,,,,,,,,,,False
2025-11-05 09:00:00+05:30,sector_11_faridabad_hspcb,openaq,78.2,117.0,,,,,,,,,,,False
2025-11-05 10:00:00+05:30,sector_11_faridabad_hspcb,openaq,77.2,126.0,,,,,,,,,,,False
2025-11-05 11:00:00+05:30,sector_11_faridabad_hspcb,openaq,53.9,105.0,,,,,,,,,,,False
2025-11-05 12:00:00+05:30,sector_11_faridabad_hspcb,openaq,53.6,104.0,,,,,,,,,,,False
2025-11-05 13:00:00+05:30,sector_11_faridabad_hspcb,openaq,47.1,85.8,,,,,,,,,,,False
2025-11-05 14:00:00+05:30,sector_11_faridabad_hspcb,openaq,41.0,81.4,,,,,,,,,,,False
2025-11-05 15:00:00+05:30,sector_11_faridabad_hspcb,openaq,46.6,101.0,,,,,,,,,,,False
2025-11-05 16:00:00+05:30,sector_11_faridabad_hspcb,openaq,48.0,95.5,,,,,,,,,,,False
2025-11-05 17:00:00+05:30,sector_11_faridabad_hspcb,openaq,44.9,94.5,,,,,,,,,,,False
2025-11-05 18:00:00+05:30,sector_11_faridabad_hspcb,openaq,57.1,119.0,,,,,,,,,,,False
2025-11-05 19:00:00+05:30,sector_11_faridabad_hspcb,openaq,63.8,137.0,,,,,,,,,,,False
2025-11-05 20:00:00+05:30,sector_11_faridabad_hspcb,openaq,72.8,141.0,,,,,,,,,,,False
2025-11-05 21:00:00+05:30,sector_11_faridabad_hspcb,openaq,85.8,142.0,,,,,,,,,,,False
2025-11-05 22:00:00+05:30,sector_11_faridabad_hspcb,openaq,92.7,138.0,,,,,,,,,,,False
2025-11-05 23:00:00+05:30,sector_11_faridabad_hspcb,openaq,101.0,144.0,,,,,,,,,,,False
2025-11-06 01:00:00+05:30,sector_11_faridabad_hspcb,openaq,115.0,158.0,,,,,,,,,,,False
2025-11-06 02:00:00+05:30,sector_11_faridabad_hspcb,openaq,108.0,156.0,,,,,,,,,,,False
2025-11-06 03:00:00+05:30,sector_11_faridabad_hspcb,openaq,108.0,147.0,,,,,,,,,,,False
2025-11-06 04:00:00+05:30,sector_11_faridabad_hspcb,openaq,109.0,147.0,,,,,,,,,,,False
2025-11-06 05:00:00+05:30,sector_11_faridabad_hspcb,openaq,119.0,164.0,,,,,,,,,,,False
2025-11-06 06:00:00+05:30,sector_11_faridabad_hspcb,openaq,126.0,178.0,,,,,,,,,,,False
2025-11-06 07:00:00+05:30,sector_11_faridabad_hspcb,openaq,132.0,196.0,,,,,,,,,,,False
2025-11-06 08:00:00+05:30,sector_11_faridabad_hspcb,openaq,130.0,199.0,,,,,,,,,,,False
2025-11-06 09:00:00+05:30,sector_11_faridabad_hspcb,openaq,95.7,170.0,,,,,,,,,,,False
2025-11-06 10:00:00+05:30,sector_11_faridabad_hspcb,openaq,65.5,129.0,,,,,,,,,,,False
2025-11-06 12:00:00+05:30,sector_11_faridabad_hspcb,openaq,68.0,124.0,,,,,,,,,,,False
2025-11-06 13:00:00+05:30,sector_11_faridabad_hspcb,openaq,61.1,113.0,,,,,,,,,,,False
2025-11-06 14:00:00+05:30,sector_11_faridabad_hspcb,openaq,53.5,109.0,,,,,,,,,,,False
2025-11-06 15:00:00+05:30,sector_11_faridabad_hspcb,openaq,53.0,106.0,,,,,,,,,,,False
2025-11-06 18:00:00+05:30,sector_11_faridabad_hspcb,openaq,75.4,168.0,,,,,,,,,,,False
2025-11-06 19:00:00+05:30,sector_11_faridabad_hspcb,openaq,82.2,177.0,,,,,,,,,,,False
2025-11-06 20:00:00+05:30,sector_11_faridabad_hspcb,openaq,83.1,186.0,,,,,,,,,,,False
2025-11-06 21:00:00+05:30,sector_11_faridabad_hspcb,openaq,72.3,169.0,,,,,,,,,,,False
2025-11-06 22:00:00+05:30,sector_11_faridabad_hspcb,openaq,66.3,129.0,,,,,,,,,,,False
2025-11-07 01:00:00+05:30,sector_11_faridabad_hspcb,openaq,119.0,171.0,,,,,,,,,,,False
2025-11-07 02:00:00+05:30,sector_11_faridabad_hspcb,openaq,127.0,178.0,,,,,,,,,,,False
2025-11-07 03:00:00+05:30,sector_11_faridabad_hspcb,openaq,133.0,180.0,,,,,,,,,,,False
2025-11-07 04:00:00+05:30,sector_11_faridabad_hspcb,openaq,141.0,185.0,,,,,,,,,,,False
2025-11-07 05:00:00+05:30,sector_11_faridabad_hspcb,openaq,130.0,169.0,,,,,,,,,,,False
2025-11-07 06:00:00+05:30,sector_11_faridabad_hspcb,openaq,123.0,182.0,,,,,,,,,,,False
2025-11-07 07:00:00+05:30,sector_11_faridabad_hspcb,openaq,112.0,174.0,,,,,,,,,,,False
2025-11-07 08:00:00+05:30,sector_11_faridabad_hspcb,openaq,108.0,187.0,,,,,,,,,,,False
2025-11-07 09:00:00+05:30,sector_11_faridabad_hspcb,openaq,85.9,155.0,,,,,,,,,,,False
2025-11-07 11:00:00+05:30,sector_11_faridabad_hspcb,openaq,70.8,132.0,,,,,,,,,,,False
2025-11-07 12:00:00+05:30,sector_11_faridabad_hspcb,openaq,68.2,126.0,,,,,,,,,,,False
2025-11-07 13:00:00+05:30,sector_11_faridabad_hspcb,openaq,50.5,90.0,,,,,,,,,,,False
2025-11-07 14:00:00+05:30,sector_11_faridabad_hspcb,openaq,50.7,89.4,,,,,,,,,,,False
2025-11-07 15:00:00+05:30,sector_11_faridabad_hspcb,openaq,48.6,93.6,,,,,,,,,,,False
2025-11-07 16:00:00+05:30,sector_11_faridabad_hspcb,openaq,49.5,112.0,,,,,,,,,,,False
2025-11-07 17:00:00+05:30,sector_11_faridabad_hspcb,openaq,58.6,138.0,,,,,,,,,,,False
2025-11-07 18:00:00+05:30,sector_11_faridabad_hspcb,openaq,73.3,166.0,,,,,,,,,,,False
2025-11-07 19:00:00+05:30,sector_11_faridabad_hspcb,openaq,82.9,179.0,,,,,,,,,,,False
2025-11-07 20:00:00+05:30,sector_11_faridabad_hspcb,openaq,94.3,193.0,,,,,,,,,,,False
2025-11-07 21:00:00+05:30,sector_11_faridabad_hspcb,openaq,91.9,199.0,,,,,,,,,,,False
2025-11-07 22:00:00+05:30,sector_11_faridabad_hspcb,openaq,80.6,171.0,,,,,,,,,,,False
2025-11-07 23:00:00+05:30,sector_11_faridabad_hspcb,openaq,82.0,155.0,,,,,,,,,,,False
2025-11-08 01:00:00+05:30,sector_11_faridabad_hspcb,openaq,81.2,138.0,,,,,,,,,,,False
2025-11-08 02:00:00+05:30,sector_11_faridabad_hspcb,openaq,116.0,166.0,,,,,,,,,,,False
2025-11-08 03:00:00+05:30,sector_11_faridabad_hspcb,openaq,130.0,182.0,,,,,,,,,,,False
2025-11-08 04:00:00+05:30,sector_11_faridabad_hspcb,openaq,138.0,184.0,,,,,,,,,,,False
2025-11-08 05:00:00+05:30,sector_11_faridabad_hspcb,openaq,148.0,200.0,,,,,,,,,,,False
2025-11-08 06:00:00+05:30,sector_11_faridabad_hspcb,openaq,142.0,215.0,,,,,,,,,,,False
2025-11-08 07:00:00+05:30,sector_11_faridabad_hspcb,openaq,138.0,212.0,,,,,,,,,,,False
2025-11-08 08:00:00+05:30,sector_11_faridabad_hspcb,openaq,141.0,218.0,,,,,,,,,,,False
2025-11-08 09:00:00+05:30,sector_11_faridabad_hspcb,openaq,130.0,198.0,,,,,,,,,,,False
2025-11-08 10:00:00+05:30,sector_11_faridabad_hspcb,openaq,113.0,196.0,,,,,,,,,,,False
2025-11-08 11:00:00+05:30,sector_11_faridabad_hspcb,openaq,85.1,138.0,,,,,,,,,,,False
2025-11-08 12:00:00+05:30,sector_11_faridabad_hspcb,openaq,91.7,146.0,,,,,,,,,,,False
2025-11-08 13:00:00+05:30,sector_11_faridabad_hspcb,openaq,106.0,159.0,,,,,,,,,,,False
2025-11-08 14:00:00+05:30,sector_11_faridabad_hspcb,openaq,110.0,171.0,,,,,,,,,,,False
2025-11-08 15:00:00+05:30,sector_11_faridabad_hspcb,openaq,98.0,160.0,,,,,,,,,,,False
2025-11-08 16:00:00+05:30,sector_11_faridabad_hspcb,openaq,102.0,172.0,,,,,,,,,,,False
2025-11-08 17:00:00+05:30,sector_11_faridabad_hspcb,openaq,141.0,266.0,,,,,,,,,,,False
2025-11-08 18:00:00+05:30,sector_11_faridabad_hspcb,openaq,119.0,224.0,,,,,,,,,,,False
2025-11-08 19:00:00+05:30,sector_11_faridabad_hspcb,openaq,114.0,233.0,,,,,,,,,,,False
2025-11-08 20:00:00+05:30,sector_11_faridabad_hspcb,openaq,110.0,196.0,,,,,,,,,,,False
2025-11-08 21:00:00+05:30,sector_11_faridabad_hspcb,openaq,108.0,185.0,,,,,,,,,,,False
2025-11-08 22:00:00+05:30,sector_11_faridabad_hspcb,openaq,107.0,178.0,,,,,,,,,,,False
2025-11-08 23:00:00+05:30,sector_11_faridabad_hspcb,openaq,112.0,197.0,,,,,,,,,,,False
2025-11-09 01:00:00+05:30,sector_11_faridabad_hspcb,openaq,109.0,175.0,,,,,,,,,,,False
2025-11-09 02:00:00+05:30,sector_11_faridabad_hspcb,openaq,124.0,172.0,,,,,,,,,,,False
2025-11-09 03:00:00+05:30,sector_11_faridabad_hspcb,openaq,129.0,171.0,,,,,,,,,,,False
2025-11-09 04:00:00+05:30,sector_11_faridabad_hspcb,openaq,139.0,185.0,,,,,,,,,,,False
2025-11-09 05:00:00+05:30,sector_11_faridabad_hspcb,openaq,133.0,177.0,,,,,,,,,,,False
2025-11-09 06:00:00+05:30,sector_11_faridabad_hspcb,openaq,127.0,175.0,,,,,,,,,,,False
2025-11-09 07:00:00+05:30,sector_11_faridabad_hspcb,openaq,126.0,180.0,,,,,,,,,,,False
2025-11-09 08:00:00+05:30,sector_11_faridabad_hspcb,openaq,139.0,217.0,,,,,,,,,,,False
2025-11-09 09:00:00+05:30,sector_11_faridabad_hspcb,openaq,123.0,215.0,,,,,,,,,,,False
2025-11-09 10:00:00+05:30,sector_11_faridabad_hspcb,openaq,102.0,172.0,,,,,,,,,,,False
2025-11-09 11:00:00+05:30,sector_11_faridabad_hspcb,openaq,83.4,145.0,,,,,,,,,,,False
2025-11-09 12:00:00+05:30,sector_11_faridabad_hspcb,openaq,49.4,88.3,,,,,,,,,,,False
2025-11-09 13:00:00+05:30,sector_11_faridabad_hspcb,openaq,54.4,94.8,,,,,,,,,,,False
2025-11-09 14:00:00+05:30,sector_11_faridabad_hspcb,openaq,67.3,109.0,,,,,,,,,,,False
2025-11-09 15:00:00+05:30,sector_11_faridabad_hspcb,openaq,73.7,125.0,,,,,,,,,,,False
2025-11-09 16:00:00+05:30,sector_11_faridabad_hspcb,openaq,87.0,145.0,,,,,,,,,,,False
2025-11-09 17:00:00+05:30,sector_11_faridabad_hspcb,openaq,107.0,199.0,,,,,,,,,,,False
2025-11-09 18:00:00+05:30,sector_11_faridabad_hspcb,openaq,100.0,198.0,,,,,,,,,,,False
2025-11-09 19:00:00+05:30,sector_11_faridabad_hspcb,openaq,112.0,228.0,,,,,,,,,,,False
2025-11-09 20:00:00+05:30,sector_11_faridabad_hspcb,openaq,108.0,208.0,,,,,,,,,,,False
2025-11-09 21:00:00+05:30,sector_11_faridabad_hspcb,openaq,95.3,160.0,,,,,,,,,,,False
2025-11-09 22:00:00+05:30,sector_11_faridabad_hspcb,openaq,99.9,166.0,,,,,,,,,,,False
2025-11-09 23:00:00+05:30,sector_11_faridabad_hspcb,openaq,94.4,155.0,,,,,,,,,,,False
2025-11-10 01:00:00+05:30,sector_11_faridabad_hspcb,openaq,116.0,174.0,,,,,,,,,,,False
2025-11-10 02:00:00+05:30,sector_11_faridabad_hspcb,openaq,122.0,175.0,,,,,,,,,,,False
2025-11-10 03:00:00+05:30,sector_11_faridabad_hspcb,openaq,133.0,187.0,,,,,,,,,,,False
2025-11-10 04:00:00+05:30,sector_11_faridabad_hspcb,openaq,134.0,184.0,,,,,,,,,,,False
2025-11-10 05:00:00+05:30,sector_11_faridabad_hspcb,openaq,132.0,183.0,,,,,,,,,,,False
2025-11-10 06:00:00+05:30,sector_11_faridabad_hspcb,openaq,154.0,229.0,,,,,,,,,,,False
2025-11-10 07:00:00+05:30,sector_11_faridabad_hspcb,openaq,163.0,288.0,,,,,,,,,,,False
2025-11-10 08:00:00+05:30,sector_11_faridabad_hspcb,openaq,130.0,204.0,,,,,,,,,,,False
2025-11-10 09:00:00+05:30,sector_11_faridabad_hspcb,openaq,129.0,216.0,,,,,,,,,,,False
2025-11-10 10:00:00+05:30,sector_11_faridabad_hspcb,openaq,110.0,175.0,,,,,,,,,,,False
2025-11-10 20:00:00+05:30,sector_11_faridabad_hspcb,openaq,133.0,282.0,,,,,,,,,,,False
2025-11-10 21:00:00+05:30,sector_11_faridabad_hspcb,openaq,129.0,216.0,,,,,,,,,,,False
2025-11-10 22:00:00+05:30,sector_11_faridabad_hspcb,openaq,132.0,228.0,,,,,,,,,,,False
2025-11-10 23:00:00+05:30,sector_11_faridabad_hspcb,openaq,128.0,190.0,,,,,,,,,,,False
2025-11-11 01:00:00+05:30,sector_11_faridabad_hspcb,openaq,132.0,182.0,,,,,,,,,,,False
2025-11-11 02:00:00+05:30,sector_11_faridabad_hspcb,openaq,146.0,186.0,,,,,,,,,,,False
2025-11-11 03:00:00+05:30,sector_11_faridabad_hspcb,openaq,156.0,203.0,,,,,,,,,,,False
2025-11-11 04:00:00+05:30,sector_11_faridabad_hspcb,openaq,150.0,193.0,,,,,,,,,,,False
2025-11-11 05:00:00+05:30,sector_11_faridabad_hspcb,openaq,170.0,220.0,,,,,,,,,,,False
2025-11-11 06:00:00+05:30,sector_11_faridabad_hspcb,openaq,183.0,268.0,,,,,,,,,,,False
2025-11-11 07:00:00+05:30,sector_11_faridabad_hspcb,openaq,166.0,295.0,,,,,,,,,,,False
2025-11-11 08:00:00+05:30,sector_11_faridabad_hspcb,openaq,137.0,239.0,,,,,,,,,,,False
2025-11-11 09:00:00+05:30,sector_11_faridabad_hspcb,openaq,144.0,214.0,,,,,,,,,,,False
2025-11-11 10:00:00+05:30,sector_11_faridabad_hspcb,openaq,121.0,192.0,,,,,,,,,,,False
2025-11-11 11:00:00+05:30,sector_11_faridabad_hspcb,openaq,83.7,143.0,,,,,,,,,,,False
2025-11-11 12:00:00+05:30,sector_11_faridabad_hspcb,openaq,86.8,144.0,,,,,,,,,,,False
2025-11-11 13:00:00+05:30,sector_11_faridabad_hspcb,openaq,87.6,138.0,,,,,,,,,,,False
2025-11-11 14:00:00+05:30,sector_11_faridabad_hspcb,openaq,91.0,147.0,,,,,,,,,,,False
2025-11-11 15:00:00+05:30,sector_11_faridabad_hspcb,openaq,98.2,155.0,,,,,,,,,,,False
2025-11-11 16:00:00+05:30,sector_11_faridabad_hspcb,openaq,99.1,162.0,,,,,,,,,,,False
2025-11-11 17:00:00+05:30,sector_11_faridabad_hspcb,openaq,109.0,218.0,,,,,,,,,,,False
2025-11-11 18:00:00+05:30,sector_11_faridabad_hspcb,openaq,123.0,281.0,,,,,,,,,,,False
2025-11-11 19:00:00+05:30,sector_11_faridabad_hspcb,openaq,146.0,285.0,,,,,,,,,,,False
2025-11-11 20:00:00+05:30,sector_11_faridabad_hspcb,openaq,132.0,254.0,,,,,,,,,,,False
2025-11-11 21:00:00+05:30,sector_11_faridabad_hspcb,openaq,121.0,197.0,,,,,,,,,,,False
2025-11-11 22:00:00+05:30,sector_11_faridabad_hspcb,openaq,122.0,213.0,,,,,,,,,,,False
2025-11-11 23:00:00+05:30,sector_11_faridabad_hspcb,openaq,125.0,188.0,,,,,,,,,,,False
2025-11-12 01:00:00+05:30,sector_11_faridabad_hspcb,openaq,153.0,213.0,,,,,,,,,,,False
2025-11-12 02:00:00+05:30,sector_11_faridabad_hspcb,openaq,157.0,211.0,,,,,,,,,,,False
2025-11-12 03:00:00+05:30,sector_11_faridabad_hspcb,openaq,175.0,230.0,,,,,,,,,,,False
2025-11-12 04:00:00+05:30,sector_11_faridabad_hspcb,openaq,180.0,243.0,,,,,,,,,,,False
2025-11-12 05:00:00+05:30,sector_11_faridabad_hspcb,openaq,179.0,237.0,,,,,,,,,,,False
2025-11-12 06:00:00+05:30,sector_11_faridabad_hspcb,openaq,170.0,243.0,,,,,,,,,,,False
2025-11-12 07:00:00+05:30,sector_11_faridabad_hspcb,openaq,150.0,231.0,,,,,,,,,,,False
2025-11-12 08:00:00+05:30,sector_11_faridabad_hspcb,openaq,158.0,240.0,,,,,,,,,,,False
2025-11-12 09:00:00+05:30,sector_11_faridabad_hspcb,openaq,158.0,250.0,,,,,,,,,,,False
2025-11-12 10:00:00+05:30,sector_11_faridabad_hspcb,openaq,125.0,206.0,,,,,,,,,,,False
2025-11-12 11:00:00+05:30,sector_11_faridabad_hspcb,openaq,109.0,196.0,,,,,,,,,,,False
2025-11-12 12:00:00+05:30,sector_11_faridabad_hspcb,openaq,91.7,149.0,,,,,,,,,,,False
2025-11-12 13:00:00+05:30,sector_11_faridabad_hspcb,openaq,89.2,144.0,,,,,,,,,,,False
2025-11-12 14:00:00+05:30,sector_11_faridabad_hspcb,openaq,89.9,169.0,,,,,,,,,,,False
2025-11-12 15:00:00+05:30,sector_11_faridabad_hspcb,openaq,89.6,155.0,,,,,,,,,,,False
2025-11-12 16:00:00+05:30,sector_11_faridabad_hspcb,openaq,94.8,159.0,,,,,,,,,,,False
2025-11-12 17:00:00+05:30,sector_11_faridabad_hspcb,openaq,110.0,199.0,,,,,,,,,,,False
2025-11-12 19:00:00+05:30,sector_11_faridabad_hspcb,openaq,115.0,238.0,,,,,,,,,,,False
2025-11-12 21:00:00+05:30,sector_11_faridabad_hspcb,openaq,112.0,209.0,,,,,,,,,,,False
2025-11-12 22:00:00+05:30,sector_11_faridabad_hspcb,openaq,117.0,206.0,,,,,,,,,,,False
2025-11-12 23:00:00+05:30,sector_11_faridabad_hspcb,openaq,114.0,197.0,,,,,,,,,,,False
2025-11-13 01:00:00+05:30,sector_11_faridabad_hspcb,openaq,125.0,175.0,,,,,,,,,,,False
2025-11-13 02:00:00+05:30,sector_11_faridabad_hspcb,openaq,126.0,170.0,,,,,,,,,,,False
2025-11-13 03:00:00+05:30,sector_11_faridabad_hspcb,openaq,132.0,175.0,,,,,,,,,,,False
2025-11-13 04:00:00+05:30,sector_11_faridabad_hspcb,openaq,130.0,173.0,,,,,,,,,,,False
2025-11-13 05:00:00+05:30,sector_11_faridabad_hspcb,openaq,138.0,182.0,,,,,,,,,,,False
2025-11-13 06:00:00+05:30,sector_11_faridabad_hspcb,openaq,152.0,238.0,,,,,,,,,,,False
2025-11-13 07:00:00+05:30,sector_11_faridabad_hspcb,openaq,141.0,235.0,,,,,,,,,,,False
2025-11-13 08:00:00+05:30,sector_11_faridabad_hspcb,openaq,135.0,236.0,,,,,,,,,,,False
2025-11-13 09:00:00+05:30,sector_11_faridabad_hspcb,openaq,140.0,206.0,,,,,,,,,,,False
2025-11-13 10:00:00+05:30,sector_11_faridabad_hspcb,openaq,123.0,201.0,,,,,,,,,,,False
2025-11-13 11:00:00+05:30,sector_11_faridabad_hspcb,openaq,112.0,180.0,,,,,,,,,,,False
2025-11-13 13:00:00+05:30,sector_11_faridabad_hspcb,openaq,99.0,170.0,,,,,,,,,,,False
2025-11-13 14:00:00+05:30,sector_11_faridabad_hspcb,openaq,91.3,166.0,,,,,,,,,,,False
2025-11-13 15:00:00+05:30,sector_11_faridabad_hspcb,openaq,89.1,144.0,,,,,,,,,,,False
2025-11-13 16:00:00+05:30,sector_11_faridabad_hspcb,openaq,99.5,168.0,,,,,,,,,,,False
2025-11-13 17:00:00+05:30,sector_11_faridabad_hspcb,openaq,119.0,196.0,,,,,,,,,,,False
2025-11-13 18:00:00+05:30,sector_11_faridabad_hspcb,openaq,141.0,240.0,,,,,,,,,,,False
2025-11-13 19:00:00+05:30,sector_11_faridabad_hspcb,openaq,137.0,249.0,,,,,,,,,,,False
2025-11-13 20:00:00+05:30,sector_11_faridabad_hspcb,openaq,131.0,221.0,,,,,,,,,,,False
2025-11-13 21:00:00+05:30,sector_11_faridabad_hspcb,openaq,122.0,220.0,,,,,,,,,,,False
2025-11-13 22:00:00+05:30,sector_11_faridabad_hspcb,openaq,115.0,196.0,,,,,,,,,,,False
2025-11-13 23:00:00+05:30,sector_11_faridabad_hspcb,openaq,103.0,164.0,,,,,,,,,,,False
2025-11-14 02:00:00+05:30,sector_11_faridabad_hspcb,openaq,93.3,132.0,,,,,,,,,,,False
2025-11-14 03:00:00+05:30,sector_11_faridabad_hspcb,openaq,101.0,140.0,,,,,,,,,,,False
2025-11-14 04:00:00+05:30,sector_11_faridabad_hspcb,openaq,100.0,142.0,,,,,,,,,,,False
2025-11-14 05:00:00+05:30,sector_11_faridabad_hspcb,openaq,109.0,151.0,,,,,,,,,,,False
2025-11-14 06:00:00+05:30,sector_11_faridabad_hspcb,openaq,117.0,169.0,,,,,,,,,,,False
2025-11-14 07:00:00+05:30,sector_11_faridabad_hspcb,openaq,115.0,169.0,,,,,,,,,,,False
2025-11-14 08:00:00+05:30,sector_11_faridabad_hspcb,openaq,114.0,175.0,,,,,,,,,,,False
2025-11-14 09:00:00+05:30,sector_11_faridabad_hspcb,openaq,126.0,211.0,,,,,,,,,,,False
2025-11-14 10:00:00+05:30,sector_11_faridabad_hspcb,openaq,112.0,191.0,,,,,,,,,,,False
2025-11-14 11:00:00+05:30,sector_11_faridabad_hspcb,openaq,106.0,176.0,,,,,,,,,,,False
2025-11-14 12:00:00+05:30,sector_11_faridabad_hspcb,openaq,104.0,156.0,,,,,,,,,,,False
2025-11-14 13:00:00+05:30,sector_11_faridabad_hspcb,openaq,94.4,147.0,,,,,,,,,,,False
2025-11-14 14:00:00+05:30,sector_11_faridabad_hspcb,openaq,84.3,142.0,,,,,,,,,,,False
2025-11-14 15:00:00+05:30,sector_11_faridabad_hspcb,openaq,89.5,161.0,,,,,,,,,,,False
2025-11-14 16:00:00+05:30,sector_11_faridabad_hspcb,openaq,104.0,170.0,,,,,,,,,,,False
2025-11-14 17:00:00+05:30,sector_11_faridabad_hspcb,openaq,123.0,236.0,,,,,,,,,,,False
2025-11-14 18:00:00+05:30,sector_11_faridabad_hspcb,openaq,126.0,231.0,,,,,,,,,,,False
2025-11-14 19:00:00+05:30,sector_11_faridabad_hspcb,openaq,130.0,224.0,,,,,,,,,,,False
2025-11-14 20:00:00+05:30,sector_11_faridabad_hspcb,openaq,126.0,207.0,,,,,,,,,,,False
2025-11-14 21:00:00+05:30,sector_11_faridabad_hspcb,openaq,124.0,207.0,,,,,,,,,,,False
2025-11-14 22:00:00+05:30,sector_11_faridabad_hspcb,openaq,117.0,193.0,,,,,,,,,,,False
2025-11-15 01:00:00+05:30,sector_11_faridabad_hspcb,openaq,118.0,165.0,,,,,,,,,,,False
2025-11-15 02:00:00+05:30,sector_11_faridabad_hspcb,openaq,142.0,184.0,,,,,,,,,,,False
2025-11-15 03:00:00+05:30,sector_11_faridabad_hspcb,openaq,122.0,160.0,,,,,,,,,,,False
2025-11-15 04:00:00+05:30,sector_11_faridabad_hspcb,openaq,148.0,197.0,,,,,,,,,,,False
2025-11-15 05:00:00+05:30,sector_11_faridabad_hspcb,openaq,135.0,176.0,,,,,,,,,,,False
2025-11-15 06:00:00+05:30,sector_11_faridabad_hspcb,openaq,146.0,250.0,,,,,,,,,,,False
2025-11-15 07:00:00+05:30,sector_11_faridabad_hspcb,openaq,134.0,202.0,,,,,,,,,,,False
2025-11-15 08:00:00+05:30,sector_11_faridabad_hspcb,openaq,124.0,183.0,,,,,,,,,,,False
2025-11-15 09:00:00+05:30,sector_11_faridabad_hspcb,openaq,138.0,233.0,,,,,,,,,,,False
2025-11-15 10:00:00+05:30,sector_11_faridabad_hspcb,openaq,121.0,221.0,,,,,,,,,,,False
2025-11-15 11:00:00+05:30,sector_11_faridabad_hspcb,openaq,109.0,182.0,,,,,,,,,,,False
2025-11-15 12:00:00+05:30,sector_11_faridabad_hspcb,openaq,93.6,162.0,,,,,,,,,,,False
2025-11-15 13:00:00+05:30,sector_11_faridabad_hspcb,openaq,76.3,130.0,,,,,,,,,,,False
2025-11-15 14:00:00+05:30,sector_11_faridabad_hspcb,openaq,82.3,144.0,,,,,,,,,,,False
2025-11-15 15:00:00+05:30,sector_11_faridabad_hspcb,openaq,93.3,165.0,,,,,,,,,,,False
2025-11-15 17:00:00+05:30,sector_11_faridabad_hspcb,openaq,125.0,236.0,,,,,,,,,,,False
2025-11-15 18:00:00+05:30,sector_11_faridabad_hspcb,openaq,140.0,255.0,,,,,,,,,,,False
2025-11-15 19:00:00+05:30,sector_11_faridabad_hspcb,openaq,130.0,238.0,,,,,,,,,,,False
2025-11-15 20:00:00+05:30,sector_11_faridabad_hspcb,openaq,124.0,218.0,,,,,,,,,,,False
2025-11-15 21:00:00+05:30,sector_11_faridabad_hspcb,openaq,127.0,223.0,,,,,,,,,,,False
2025-11-15 22:00:00+05:30,sector_11_faridabad_hspcb,openaq,119.0,205.0,,,,,,,,,,,False
2025-11-15 23:00:00+05:30,sector_11_faridabad_hspcb,openaq,120.0,190.0,,,,,,,,,,,False
2025-11-16 01:00:00+05:30,sector_11_faridabad_hspcb,openaq,116.0,155.0,,,,,,,,,,,False
2025-11-16 02:00:00+05:30,sector_11_faridabad_hspcb,openaq,118.0,150.0,,,,,,,,,,,False
2025-11-16 03:00:00+05:30,sector_11_faridabad_hspcb,openaq,119.0,158.0,,,,,,,,,,,False
2025-11-16 04:00:00+05:30,sector_11_faridabad_hspcb,openaq,127.0,166.0,,,,,,,,,,,False
2025-11-16 05:00:00+05:30,sector_11_faridabad_hspcb,openaq,124.0,166.0,,,,,,,,,,,False
2025-11-16 06:00:00+05:30,sector_11_faridabad_hspcb,openaq,131.0,183.0,,,,,,,,,,,False
2025-11-16 07:00:00+05:30,sector_11_faridabad_hspcb,openaq,120.0,172.0,,,,,,,,,,,False
2025-11-16 08:00:00+05:30,sector_11_faridabad_hspcb,openaq,109.0,177.0,,,,,,,,,,,False
2025-11-16 09:00:00+05:30,sector_11_faridabad_hspcb,openaq,112.0,178.0,,,,,,,,,,,False
2025-11-16 10:00:00+05:30,sector_11_faridabad_hspcb,openaq,99.8,155.0,,,,,,,,,,,False
2025-11-16 11:00:00+05:30,sector_11_faridabad_hspcb,openaq,86.7,148.0,,,,,,,,,,,False
2025-11-16 12:00:00+05:30,sector_11_faridabad_hspcb,openaq,77.9,166.0,,,,,,,,,,,False
2025-11-16 13:00:00+05:30,sector_11_faridabad_hspcb,openaq,77.3,146.0,,,,,,,,,,,False
2025-11-16 14:00:00+05:30,sector_11_faridabad_hspcb,openaq,69.7,141.0,,,,,,,,,,,False
2025-11-16 15:00:00+05:30,sector_11_faridabad_hspcb,openaq,71.4,139.0,,,,,,,,,,,False
2025-11-16 17:00:00+05:30,sector_11_faridabad_hspcb,openaq,84.7,167.0,,,,,,,,,,,False
2025-11-16 18:00:00+05:30,sector_11_faridabad_hspcb,openaq,103.0,205.0,,,,,,,,,,,False
2025-11-16 20:00:00+05:30,sector_11_faridabad_hspcb,openaq,117.0,200.0,,,,,,,,,,,False
2025-11-16 21:00:00+05:30,sector_11_faridabad_hspcb,openaq,117.0,199.0,,,,,,,,,,,False
2025-11-16 22:00:00+05:30,sector_11_faridabad_hspcb,openaq,117.0,200.0,,,,,,,,,,,False
2025-11-16 23:00:00+05:30,sector_11_faridabad_hspcb,openaq,111.0,177.0,,,,,,,,,,,False
2025-11-17 01:00:00+05:30,sector_11_faridabad_hspcb,openaq,103.0,138.0,,,,,,,,,,,False
2025-11-17 02:00:00+05:30,sector_11_faridabad_hspcb,openaq,99.0,132.0,,,,,,,,,,,False
2025-11-17 03:00:00+05:30,sector_11_faridabad_hspcb,openaq,98.8,125.0,,,,,,,,,,,False
2025-11-17 04:00:00+05:30,sector_11_faridabad_hspcb,openaq,107.0,136.0,,,,,,,,,,,False
2025-11-17 05:00:00+05:30,sector_11_faridabad_hspcb,openaq,104.0,133.0,,,,,,,,,,,False
2025-11-17 06:00:00+05:30,sector_11_faridabad_hspcb,openaq,110.0,150.0,,,,,,,,,,,False
2025-11-17 07:00:00+05:30,sector_11_faridabad_hspcb,openaq,120.0,220.0,,,,,,,,,,,False
2025-11-17 08:00:00+05:30,sector_11_faridabad_hspcb,openaq,114.0,206.0,,,,,,,,,,,False
2025-11-17 09:00:00+05:30,sector_11_faridabad_hspcb,openaq,106.0,192.0,,,,,,,,,,,False
2025-11-17 11:00:00+05:30,sector_11_faridabad_hspcb,openaq,92.9,166.0,,,,,,,,,,,False
2025-11-17 12:00:00+05:30,sector_11_faridabad_hspcb,openaq,97.9,152.0,,,,,,,,,,,False
2025-11-17 13:00:00+05:30,sector_11_faridabad_hspcb,openaq,68.7,113.0,,,,,,,,,,,False
2025-11-17 14:00:00+05:30,sector_11_faridabad_hspcb,openaq,55.1,107.0,,,,,,,,,,,False
2025-11-17 15:00:00+05:30,sector_11_faridabad_hspcb,openaq,71.4,137.0,,,,,,,,,,,False
2025-11-17 16:00:00+05:30,sector_11_faridabad_hspcb,openaq,79.5,174.0,,,,,,,,,,,False
2025-11-17 17:00:00+05:30,sector_11_faridabad_hspcb,openaq,97.4,258.0,,,,,,,,,,,False
2025-11-17 18:00:00+05:30,sector_11_faridabad_hspcb,openaq,109.0,290.0,,,,,,,,,,,False
2025-11-17 19:00:00+05:30,sector_11_faridabad_hspcb,openaq,98.2,245.0,,,,,,,,,,,False
2025-11-17 20:00:00+05:30,sector_11_faridabad_hspcb,openaq,98.0,201.0,,,,,,,,,,,False
2025-11-17 21:00:00+05:30,sector_11_faridabad_hspcb,openaq,94.9,189.0,,,,,,,,,,,False
2025-11-17 22:00:00+05:30,sector_11_faridabad_hspcb,openaq,105.0,185.0,,,,,,,,,,,False
2025-11-17 23:00:00+05:30,sector_11_faridabad_hspcb,openaq,98.3,160.0,,,,,,,,,,,False
2025-11-18 01:00:00+05:30,sector_11_faridabad_hspcb,openaq,95.2,134.0,,,,,,,,,,,False
2025-11-18 02:00:00+05:30,sector_11_faridabad_hspcb,openaq,91.4,121.0,,,,,,,,,,,False
2025-11-18 03:00:00+05:30,sector_11_faridabad_hspcb,openaq,86.7,112.0,,,,,,,,,,,False
2025-11-18 04:00:00+05:30,sector_11_faridabad_hspcb,openaq,85.9,110.0,,,,,,,,,,,False
2025-11-18 05:00:00+05:30,sector_11_faridabad_hspcb,openaq,86.7,110.0,,,,,,,,,,,False
2025-11-18 06:00:00+05:30,sector_11_faridabad_hspcb,openaq,91.2,118.0,,,,,,,,,,,False
2025-11-18 07:00:00+05:30,sector_11_faridabad_hspcb,openaq,99.9,148.0,,,,,,,,,,,False
2025-11-18 08:00:00+05:30,sector_11_faridabad_hspcb,openaq,105.0,160.0,,,,,,,,,,,False
2025-11-18 17:00:00+05:30,sector_11_faridabad_hspcb,openaq,96.6,195.0,,,,,,,,,,,False
2025-11-18 18:00:00+05:30,sector_11_faridabad_hspcb,openaq,104.0,215.0,,,,,,,,,,,False
2025-11-18 19:00:00+05:30,sector_11_faridabad_hspcb,openaq,111.0,201.0,,,,,,,,,,,False
2025-11-18 21:00:00+05:30,sector_11_faridabad_hspcb,openaq,116.0,209.0,,,,,,,,,,,False
2025-11-18 22:00:00+05:30,sector_11_faridabad_hspcb,openaq,125.0,214.0,,,,,,,,,,,False
2025-11-18 23:00:00+05:30,sector_11_faridabad_hspcb,openaq,125.0,193.0,,,,,,,,,,,False
2025-11-19 01:00:00+05:30,sector_11_faridabad_hspcb,openaq,115.0,153.0,,,,,,,,,,,False
2025-11-19 02:00:00+05:30,sector_11_faridabad_hspcb,openaq,117.0,151.0,,,,,,,,,,,False
2025-11-19 03:00:00+05:30,sector_11_faridabad_hspcb,openaq,122.0,158.0,,,,,,,,,,,False
2025-11-19 04:00:00+05:30,sector_11_faridabad_hspcb,openaq,129.0,167.0,,,,,,,,,,,False
2025-11-19 05:00:00+05:30,sector_11_faridabad_hspcb,openaq,133.0,174.0,,,,,,,,,,,False
2025-11-19 06:00:00+05:30,sector_11_faridabad_hspcb,openaq,135.0,193.0,,,,,,,,,,,False
2025-11-19 07:00:00+05:30,sector_11_faridabad_hspcb,openaq,129.0,218.0,,,,,,,,,,,False
2025-11-19 08:00:00+05:30,sector_11_faridabad_hspcb,openaq,114.0,179.0,,,,,,,,,,,False
2025-11-19 09:00:00+05:30,sector_11_faridabad_hspcb,openaq,137.0,227.0,,,,,,,,,,,False
2025-11-19 10:00:00+05:30,sector_11_faridabad_hspcb,openaq,126.0,194.0,,,,,,,,,,,False
2025-11-19 11:00:00+05:30,sector_11_faridabad_hspcb,openaq,109.0,161.0,,,,,,,,,,,False
2025-11-19 12:00:00+05:30,sector_11_faridabad_hspcb,openaq,100.0,159.0,,,,,,,,,,,False
2025-11-19 13:00:00+05:30,sector_11_faridabad_hspcb,openaq,94.0,143.0,,,,,,,,,,,False
2025-11-19 14:00:00+05:30,sector_11_faridabad_hspcb,openaq,101.0,180.0,,,,,,,,,,,False
2025-11-19 15:00:00+05:30,sector_11_faridabad_hspcb,openaq,101.0,157.0,,,,,,,,,,,False
2025-11-19 19:00:00+05:30,sector_11_faridabad_hspcb,openaq,128.0,278.0,,,,,,,,,,,False
2025-11-19 20:00:00+05:30,sector_11_faridabad_hspcb,openaq,131.0,286.0,,,,,,,,,,,False
2025-11-19 21:00:00+05:30,sector_11_faridabad_hspcb,openaq,124.0,222.0,,,,,,,,,,,False
2025-11-19 22:00:00+05:30,sector_11_faridabad_hspcb,openaq,122.0,194.0,,,,,,,,,,,False
2025-11-19 23:00:00+05:30,sector_11_faridabad_hspcb,openaq,130.0,197.0,,,,,,,,,,,False
2025-11-20 01:00:00+05:30,sector_11_faridabad_hspcb,openaq,130.0,195.0,,,,,,,,,,,False
2025-11-20 02:00:00+05:30,sector_11_faridabad_hspcb,openaq,125.0,184.0,,,,,,,,,,,False
2025-11-20 03:00:00+05:30,sector_11_faridabad_hspcb,openaq,127.0,186.0,,,,,,,,,,,False
2025-11-20 04:00:00+05:30,sector_11_faridabad_hspcb,openaq,130.0,187.0,,,,,,,,,,,False
2025-11-20 05:00:00+05:30,sector_11_faridabad_hspcb,openaq,104.0,160.0,,,,,,,,,,,False
2025-11-20 06:00:00+05:30,sector_11_faridabad_hspcb,openaq,60.9,142.0,,,,,,,,,,,False
2025-11-20 07:00:00+05:30,sector_11_faridabad_hspcb,openaq,53.9,157.0,,,,,,,,,,,False
2025-11-20 08:00:00+05:30,sector_11_faridabad_hspcb,openaq,112.0,217.0,,,,,,,,,,,False
2025-11-20 09:00:00+05:30,sector_11_faridabad_hspcb,openaq,130.0,215.0,,,,,,,,,,,False
2025-11-20 11:00:00+05:30,sector_11_faridabad_hspcb,openaq,105.0,157.0,,,,,,,,,,,False
2025-11-20 12:00:00+05:30,sector_11_faridabad_hspcb,openaq,97.9,166.0,,,,,,,,,,,False
2025-11-20 13:00:00+05:30,sector_11_faridabad_hspcb,openaq,90.8,141.0,,,,,,,,,,,False
2025-11-20 14:00:00+05:30,sector_11_faridabad_hspcb,openaq,88.9,143.0,,,,,,,,,,,False
2025-11-20 15:00:00+05:30,sector_11_faridabad_hspcb,openaq,84.1,139.0,,,,,,,,,,,False
2025-11-20 16:00:00+05:30,sector_11_faridabad_hspcb,openaq,90.5,173.0,,,,,,,,,,,False
2025-11-20 18:00:00+05:30,sector_11_faridabad_hspcb,openaq,91.2,201.0,,,,,,,,,,,False
2025-11-20 19:00:00+05:30,sector_11_faridabad_hspcb,openaq,104.0,224.0,,,,,,,,,,,False
2025-11-20 20:00:00+05:30,sector_11_faridabad_hspcb,openaq,113.0,226.0,,,,,,,,,,,False
2025-11-20 21:00:00+05:30,sector_11_faridabad_hspcb,openaq,110.0,193.0,,,,,,,,,,,False
2025-11-20 22:00:00+05:30,sector_11_faridabad_hspcb,openaq,107.0,186.0,,,,,,,,,,,False
2025-11-20 23:00:00+05:30,sector_11_faridabad_hspcb,openaq,110.0,181.0,,,,,,,,,,,False
2025-11-21 01:00:00+05:30,sector_11_faridabad_hspcb,openaq,97.8,146.0,,,,,,,,,,,False
2025-11-21 02:00:00+05:30,sector_11_faridabad_hspcb,openaq,92.2,144.0,,,,,,,,,,,False
2025-11-21 03:00:00+05:30,sector_11_faridabad_hspcb,openaq,78.9,134.0,,,,,,,,,,,False
2025-11-21 04:00:00+05:30,sector_11_faridabad_hspcb,openaq,74.1,121.0,,,,,,,,,,,False
2025-11-21 05:00:00+05:30,sector_11_faridabad_hspcb,openaq,74.0,115.0,,,,,,,,,,,False
2025-11-21 06:00:00+05:30,sector_11_faridabad_hspcb,openaq,52.1,97.0,,,,,,,,,,,False
2025-11-21 07:00:00+05:30,sector_11_faridabad_hspcb,openaq,16.7,63.0,,,,,,,,,,,False
2025-11-21 08:00:00+05:30,sector_11_faridabad_hspcb,openaq,77.0,128.0,,,,,,,,,,,False
2025-11-21 09:00:00+05:30,sector_11_faridabad_hspcb,openaq,93.2,145.0,,,,,,,,,,,False
2025-11-21 11:00:00+05:30,sector_11_faridabad_hspcb,openaq,112.0,154.0,,,,,,,,,,,False
2025-11-21 12:00:00+05:30,sector_11_faridabad_hspcb,openaq,105.0,153.0,,,,,,,,,,,False
2025-11-21 13:00:00+05:30,sector_11_faridabad_hspcb,openaq,94.2,150.0,,,,,,,,,,,False
2025-11-21 14:00:00+05:30,sector_11_faridabad_hspcb,openaq,89.6,129.0,,,,,,,,,,,False
2025-11-21 15:00:00+05:30,sector_11_faridabad_hspcb,openaq,92.4,153.0,,,,,,,,,,,False
2025-11-21 16:00:00+05:30,sector_11_faridabad_hspcb,openaq,91.0,170.0,,,,,,,,,,,False
2025-11-21 17:00:00+05:30,sector_11_faridabad_hspcb,openaq,91.8,212.0,,,,,,,,,,,False
2025-11-21 18:00:00+05:30,sector_11_faridabad_hspcb,openaq,92.0,218.0,,,,,,,,,,,False
2025-11-21 19:00:00+05:30,sector_11_faridabad_hspcb,openaq,92.6,187.0,,,,,,,,,,,False
2025-11-21 20:00:00+05:30,sector_11_faridabad_hspcb,openaq,96.4,175.0,,,,,,,,,,,False
2025-11-21 21:00:00+05:30,sector_11_faridabad_hspcb,openaq,103.0,171.0,,,,,,,,,,,False
2025-11-21 22:00:00+05:30,sector_11_faridabad_hspcb,openaq,112.0,176.0,,,,,,,,,,,False
2025-11-22 01:00:00+05:30,sector_11_faridabad_hspcb,openaq,99.0,154.0,,,,,,,,,,,False
2025-11-22 02:00:00+05:30,sector_11_faridabad_hspcb,openaq,90.3,144.0,,,,,,,,,,,False
2025-11-22 03:00:00+05:30,sector_11_faridabad_hspcb,openaq,70.7,111.0,,,,,,,,,,,False
2025-11-22 04:00:00+05:30,sector_11_faridabad_hspcb,openaq,68.3,109.0,,,,,,,,,,,False
2025-11-22 05:00:00+05:30,sector_11_faridabad_hspcb,openaq,60.8,93.6,,,,,,,,,,,False
2025-11-22 06:00:00+05:30,sector_11_faridabad_hspcb,openaq,47.5,78.9,,,,,,,,,,,False
2025-11-22 07:00:00+05:30,sector_11_faridabad_hspcb,openaq,13.3,33.4,,,,,,,,,,,False
2025-11-22 08:00:00+05:30,sector_11_faridabad_hspcb,openaq,45.6,87.6,,,,,,,,,,,False
2025-11-22 09:00:00+05:30,sector_11_faridabad_hspcb,openaq,126.0,193.0,,,,,,,,,,,False
2025-11-22 10:00:00+05:30,sector_11_faridabad_hspcb,openaq,126.0,213.0,,,,,,,,,,,False
2025-11-22 11:00:00+05:30,sector_11_faridabad_hspcb,openaq,109.0,153.0,,,,,,,,,,,False
2025-11-22 13:00:00+05:30,sector_11_faridabad_hspcb,openaq,77.3,111.0,,,,,,,,,,,False
2025-11-22 14:00:00+05:30,sector_11_faridabad_hspcb,openaq,78.9,164.0,,,,,,,,,,,False
2025-11-22 15:00:00+05:30,sector_11_faridabad_hspcb,openaq,73.1,140.0,,,,,,,,,,,False
2025-11-22 17:00:00+05:30,sector_11_faridabad_hspcb,openaq,98.5,269.0,,,,,,,,,,,False
2025-11-22 18:00:00+05:30,sector_11_faridabad_hspcb,openaq,102.0,284.0,,,,,,,,,,,False
2025-11-22 19:00:00+05:30,sector_11_faridabad_hspcb,openaq,105.0,224.0,,,,,,,,,,,False
2025-11-22 20:00:00+05:30,sector_11_faridabad_hspcb,openaq,102.0,207.0,,,,,,,,,,,False
2025-11-22 21:00:00+05:30,sector_11_faridabad_hspcb,openaq,105.0,197.0,,,,,,,,,,,False
2025-11-22 22:00:00+05:30,sector_11_faridabad_hspcb,openaq,110.0,197.0,,,,,,,,,,,False
2025-11-22 23:00:00+05:30,sector_11_faridabad_hspcb,openaq,107.0,170.0,,,,,,,,,,,False
2025-11-23 01:00:00+05:30,sector_11_faridabad_hspcb,openaq,99.9,143.0,,,,,,,,,,,False
2025-11-23 02:00:00+05:30,sector_11_faridabad_hspcb,openaq,131.0,207.0,,,,,,,,,,,False
2025-11-23 03:00:00+05:30,sector_11_faridabad_hspcb,openaq,95.0,197.0,,,,,,,,,,,False
2025-11-23 04:00:00+05:30,sector_11_faridabad_hspcb,openaq,81.3,159.0,,,,,,,,,,,False
2025-11-23 05:00:00+05:30,sector_11_faridabad_hspcb,openaq,98.1,160.0,,,,,,,,,,,False
2025-11-23 06:00:00+05:30,sector_11_faridabad_hspcb,openaq,114.0,163.0,,,,,,,,,,,False
2025-11-23 07:00:00+05:30,sector_11_faridabad_hspcb,openaq,107.0,157.0,,,,,,,,,,,False
2025-11-23 08:00:00+05:30,sector_11_faridabad_hspcb,openaq,105.0,145.0,,,,,,,,,,,False
2025-11-23 09:00:00+05:30,sector_11_faridabad_hspcb,openaq,118.0,192.0,,,,,,,,,,,False
2025-11-23 12:00:00+05:30,sector_11_faridabad_hspcb,openaq,87.5,126.0,,,,,,,,,,,False
2025-11-23 13:00:00+05:30,sector_11_faridabad_hspcb,openaq,86.1,136.0,,,,,,,,,,,False
2025-11-23 14:00:00+05:30,sector_11_faridabad_hspcb,openaq,77.0,122.0,,,,,,,,,,,False
2025-11-23 15:00:00+05:30,sector_11_faridabad_hspcb,openaq,80.3,177.0,,,,,,,,,,,False
2025-11-23 19:00:00+05:30,sector_11_faridabad_hspcb,openaq,99.7,196.0,,,,,,,,,,,False
2025-11-23 20:00:00+05:30,sector_11_faridabad_hspcb,openaq,103.0,170.0,,,,,,,,,,,False
2025-11-23 21:00:00+05:30,sector_11_faridabad_hspcb,openaq,109.0,173.0,,,,,,,,,,,False
2025-11-23 22:00:00+05:30,sector_11_faridabad_hspcb,openaq,106.0,171.0,,,,,,,,,,,False
2025-11-23 23:00:00+05:30,sector_11_faridabad_hspcb,openaq,106.0,200.0,,,,,,,,,,,False
2025-11-24 01:00:00+05:30,sector_11_faridabad_hspcb,openaq,114.0,153.0,,,,,,,,,,,False
2025-11-24 02:00:00+05:30,sector_11_faridabad_hspcb,openaq,117.0,162.0,,,,,,,,,,,False
2025-11-24 03:00:00+05:30,sector_11_faridabad_hspcb,openaq,118.0,156.0,,,,,,,,,,,False
2025-11-24 04:00:00+05:30,sector_11_faridabad_hspcb,openaq,109.0,146.0,,,,,,,,,,,False
2025-11-24 05:00:00+05:30,sector_11_faridabad_hspcb,openaq,109.0,143.0,,,,,,,,,,,False
2025-11-24 06:00:00+05:30,sector_11_faridabad_hspcb,openaq,108.0,155.0,,,,,,,,,,,False
2025-11-24 07:00:00+05:30,sector_11_faridabad_hspcb,openaq,103.0,169.0,,,,,,,,,,,False
2025-11-24 08:00:00+05:30,sector_11_faridabad_hspcb,openaq,90.0,136.0,,,,,,,,,,,False
2025-11-24 09:00:00+05:30,sector_11_faridabad_hspcb,openaq,119.0,204.0,,,,,,,,,,,False
2025-11-24 10:00:00+05:30,sector_11_faridabad_hspcb,openaq,117.0,208.0,,,,,,,,,,,False
2025-11-24 11:00:00+05:30,sector_11_faridabad_hspcb,openaq,95.9,153.0,,,,,,,,,,,False
2025-11-24 12:00:00+05:30,sector_11_faridabad_hspcb,openaq,99.9,162.0,,,,,,,,,,,False
2025-11-24 13:00:00+05:30,sector_11_faridabad_hspcb,openaq,86.0,141.0,,,,,,,,,,,False
2025-11-24 14:00:00+05:30,sector_11_faridabad_hspcb,openaq,76.2,138.0,,,,,,,,,,,False
2025-11-24 15:00:00+05:30,sector_11_faridabad_hspcb,openaq,80.2,146.0,,,,,,,,,,,False
2025-11-24 16:00:00+05:30,sector_11_faridabad_hspcb,openaq,88.8,176.0,,,,,,,,,,,False
2025-11-27 10:00:00+05:30,sector_11_faridabad_hspcb,openaq,51.4,195.0,,,,,,,,,,,False
2025-11-27 13:00:00+05:30,sector_11_faridabad_hspcb,openaq,51.7,197.0,,,,,,,,,,,False
2025-11-27 14:00:00+05:30,sector_11_faridabad_hspcb,openaq,51.5,196.0,,,,,,,,,,,False
2025-11-27 17:00:00+05:30,sector_11_faridabad_hspcb,openaq,51.1,195.0,,,,,,,,,,,False
2025-11-27 18:00:00+05:30,sector_11_faridabad_hspcb,openaq,51.0,194.0,,,,,,,,,,,False
2025-11-27 19:00:00+05:30,sector_11_faridabad_hspcb,openaq,50.3,191.0,,,,,,,,,,,False
2025-11-27 20:00:00+05:30,sector_11_faridabad_hspcb,openaq,49.9,189.0,,,,,,,,,,,False
2025-11-27 21:00:00+05:30,sector_11_faridabad_hspcb,openaq,49.3,187.0,,,,,,,,,,,False
2025-11-27 22:00:00+05:30,sector_11_faridabad_hspcb,openaq,52.0,198.0,,,,,,,,,,,False
2025-11-28 01:00:00+05:30,sector_11_faridabad_hspcb,openaq,49.8,189.0,,,,,,,,,,,False
2025-11-28 02:00:00+05:30,sector_11_faridabad_hspcb,openaq,49.2,187.0,,,,,,,,,,,False
2025-11-28 03:00:00+05:30,sector_11_faridabad_hspcb,openaq,51.2,195.0,,,,,,,,,,,False
2025-11-28 04:00:00+05:30,sector_11_faridabad_hspcb,openaq,49.5,188.0,,,,,,,,,,,False
2025-11-28 05:00:00+05:30,sector_11_faridabad_hspcb,openaq,50.4,192.0,,,,,,,,,,,False
2025-11-28 06:00:00+05:30,sector_11_faridabad_hspcb,openaq,48.5,183.0,,,,,,,,,,,False
2025-11-28 07:00:00+05:30,sector_11_faridabad_hspcb,openaq,50.2,191.0,,,,,,,,,,,False
2025-11-28 08:00:00+05:30,sector_11_faridabad_hspcb,openaq,52.0,198.0,,,,,,,,,,,False
2025-11-28 09:00:00+05:30,sector_11_faridabad_hspcb,openaq,49.5,188.0,,,,,,,,,,,False
2025-11-28 10:00:00+05:30,sector_11_faridabad_hspcb,openaq,48.9,185.0,,,,,,,,,,,False
2025-11-28 11:00:00+05:30,sector_11_faridabad_hspcb,openaq,48.8,185.0,,,,,,,,,,,False
2025-11-28 12:00:00+05:30,sector_11_faridabad_hspcb,openaq,49.0,186.0,,,,,,,,,,,False
2025-11-28 13:00:00+05:30,sector_11_faridabad_hspcb,openaq,49.1,186.0,,,,,,,,,,,False
2025-11-28 14:00:00+05:30,sector_11_faridabad_hspcb,openaq,51.6,197.0,,,,,,,,,,,False
2025-11-28 15:00:00+05:30,sector_11_faridabad_hspcb,openaq,50.6,193.0,,,,,,,,,,,False
2025-11-28 16:00:00+05:30,sector_11_faridabad_hspcb,openaq,153.0,306.0,,,,,,,,,,,False
2025-11-28 17:00:00+05:30,sector_11_faridabad_hspcb,openaq,102.0,204.0,,,,,,,,,,,False
2025-11-28 18:00:00+05:30,sector_11_faridabad_hspcb,openaq,163.0,326.0,,,,,,,,,,,False
2025-11-28 19:00:00+05:30,sector_11_faridabad_hspcb,openaq,183.0,366.0,,,,,,,,,,,False
2025-11-28 20:00:00+05:30,sector_11_faridabad_hspcb,openaq,171.0,341.0,,,,,,,,,,,False
2025-11-28 21:00:00+05:30,sector_11_faridabad_hspcb,openaq,159.0,316.0,,,,,,,,,,,False
2025-11-28 22:00:00+05:30,sector_11_faridabad_hspcb,openaq,165.0,328.0,,,,,,,,,,,False
2025-11-29 01:00:00+05:30,sector_11_faridabad_hspcb,openaq,129.0,257.0,,,,,,,,,,,False
2025-11-29 02:00:00+05:30,sector_11_faridabad_hspcb,openaq,96.1,192.0,,,,,,,,,,,False
2025-11-29 03:00:00+05:30,sector_11_faridabad_hspcb,openaq,93.2,186.0,,,,,,,,,,,False
2025-11-29 04:00:00+05:30,sector_11_faridabad_hspcb,openaq,98.1,196.0,,,,,,,,,,,False
2025-11-29 05:00:00+05:30,sector_11_faridabad_hspcb,openaq,113.0,226.0,,,,,,,,,,,False
2025-11-29 06:00:00+05:30,sector_11_faridabad_hspcb,openaq,119.0,237.0,,,,,,,,,,,False
2025-11-29 07:00:00+05:30,sector_11_faridabad_hspcb,openaq,126.0,252.0,,,,,,,,,,,False
2025-11-29 08:00:00+05:30,sector_11_faridabad_hspcb,openaq,125.0,250.0,,,,,,,,,,,False
2025-11-29 09:00:00+05:30,sector_11_faridabad_hspcb,openaq,87.1,174.0,,,,,,,,,,,False
2025-11-29 10:00:00+05:30,sector_11_faridabad_hspcb,openaq,40.8,81.5,,,,,,,,,,,False
2025-11-29 11:00:00+05:30,sector_11_faridabad_hspcb,openaq,58.8,117.0,,,,,,,,,,,False
2025-11-29 12:00:00+05:30,sector_11_faridabad_hspcb,openaq,54.2,108.0,,,,,,,,,,,False
2025-11-29 13:00:00+05:30,sector_11_faridabad_hspcb,openaq,45.2,90.2,,,,,,,,,,,False
2025-11-29 14:00:00+05:30,sector_11_faridabad_hspcb,openaq,54.8,109.0,,,,,,,,,,,False
2025-11-29 18:00:00+05:30,sector_11_faridabad_hspcb,openaq,86.9,174.0,,,,,,,,,,,False
2025-11-29 19:00:00+05:30,sector_11_faridabad_hspcb,openaq,141.0,281.0,,,,,,,,,,,False
2025-11-29 20:00:00+05:30,sector_11_faridabad_hspcb,openaq,181.0,362.0,,,,,,,,,,,False
2025-11-29 21:00:00+05:30,sector_11_faridabad_hspcb,openaq,102.0,203.0,,,,,,,,,,,False
2025-11-29 22:00:00+05:30,sector_11_faridabad_hspcb,openaq,68.1,136.0,,,,,,,,,,,False
2025-11-30 01:00:00+05:30,sector_11_faridabad_hspcb,openaq,63.2,126.0,,,,,,,,,,,False
2025-11-30 02:00:00+05:30,sector_11_faridabad_hspcb,openaq,77.3,154.0,,,,,,,,,,,False
2025-11-30 03:00:00+05:30,sector_11_faridabad_hspcb,openaq,108.0,215.0,,,,,,,,,,,False
2025-11-30 04:00:00+05:30,sector_11_faridabad_hspcb,openaq,99.7,199.0,,,,,,,,,,,False
2025-11-30 05:00:00+05:30,sector_11_faridabad_hspcb,openaq,86.1,172.0,,,,,,,,,,,False
2025-11-30 06:00:00+05:30,sector_11_faridabad_hspcb,openaq,85.7,171.0,,,,,,,,,,,False
2025-11-30 07:00:00+05:30,sector_11_faridabad_hspcb,openaq,102.0,204.0,,,,,,,,,,,False
2025-11-30 08:00:00+05:30,sector_11_faridabad_hspcb,openaq,120.0,239.0,,,,,,,,,,,False
2025-11-30 09:00:00+05:30,sector_11_faridabad_hspcb,openaq,89.1,178.0,,,,,,,,,,,False
2025-11-30 10:00:00+05:30,sector_11_faridabad_hspcb,openaq,70.7,141.0,,,,,,,,,,,False
2025-11-30 11:00:00+05:30,sector_11_faridabad_hspcb,openaq,64.5,129.0,,,,,,,,,,,False
2025-11-30 12:00:00+05:30,sector_11_faridabad_hspcb,openaq,57.8,115.0,,,,,,,,,,,False
2025-11-30 13:00:00+05:30,sector_11_faridabad_hspcb,openaq,52.5,105.0,,,,,,,,,,,False
2025-11-30 14:00:00+05:30,sector_11_faridabad_hspcb,openaq,42.2,84.2,,,,,,,,,,,False
2025-11-30 15:00:00+05:30,sector_11_faridabad_hspcb,openaq,55.0,110.0,,,,,,,,,,,False
2025-11-30 16:00:00+05:30,sector_11_faridabad_hspcb,openaq,59.6,119.0,,,,,,,,,,,False
2025-11-30 17:00:00+05:30,sector_11_faridabad_hspcb,openaq,59.4,119.0,,,,,,,,,,,False
2025-11-30 18:00:00+05:30,sector_11_faridabad_hspcb,openaq,71.4,143.0,,,,,,,,,,,False
2025-11-30 19:00:00+05:30,sector_11_faridabad_hspcb,openaq,127.0,253.0,,,,,,,,,,,False
2025-11-30 20:00:00+05:30,sector_11_faridabad_hspcb,openaq,207.0,414.0,,,,,,,,,,,False
2025-11-30 21:00:00+05:30,sector_11_faridabad_hspcb,openaq,204.0,406.0,,,,,,,,,,,False
2025-11-30 22:00:00+05:30,sector_11_faridabad_hspcb,openaq,176.0,352.0,,,,,,,,,,,False
2025-12-01 01:00:00+05:30,sector_11_faridabad_hspcb,openaq,127.0,254.0,,,,,,,,,,,False
2025-12-01 02:00:00+05:30,sector_11_faridabad_hspcb,openaq,120.0,239.0,,,,,,,,,,,False
2025-12-01 03:00:00+05:30,sector_11_faridabad_hspcb,openaq,126.0,251.0,,,,,,,,,,,False
2025-12-01 04:00:00+05:30,sector_11_faridabad_hspcb,openaq,130.0,259.0,,,,,,,,,,,False
2025-12-01 05:00:00+05:30,sector_11_faridabad_hspcb,openaq,127.0,253.0,,,,,,,,,,,False
2025-12-01 06:00:00+05:30,sector_11_faridabad_hspcb,openaq,111.0,222.0,,,,,,,,,,,False
2025-12-01 07:00:00+05:30,sector_11_faridabad_hspcb,openaq,138.0,274.0,,,,,,,,,,,False
2025-12-01 08:00:00+05:30,sector_11_faridabad_hspcb,openaq,217.0,433.0,,,,,,,,,,,False
2025-12-01 09:00:00+05:30,sector_11_faridabad_hspcb,openaq,253.0,505.0,,,,,,,,,,,False
2025-12-01 12:00:00+05:30,sector_11_faridabad_hspcb,openaq,74.1,148.0,,,,,,,,,,,False
2025-12-01 13:00:00+05:30,sector_11_faridabad_hspcb,openaq,56.6,113.0,,,,,,,,,,,False
2025-12-01 14:00:00+05:30,sector_11_faridabad_hspcb,openaq,49.7,99.3,,,,,,,,,,,False
2025-12-01 17:00:00+05:30,sector_11_faridabad_hspcb,openaq,111.0,221.0,,,,,,,,,,,False
2025-12-01 20:00:00+05:30,sector_11_faridabad_hspcb,openaq,206.0,411.0,,,,,,,,,,,False
2025-12-01 21:00:00+05:30,sector_11_faridabad_hspcb,openaq,218.0,436.0,,,,,,,,,,,False
2025-12-01 22:00:00+05:30,sector_11_faridabad_hspcb,openaq,235.0,470.0,,,,,,,,,,,False
2025-12-02 01:00:00+05:30,sector_11_faridabad_hspcb,openaq,151.0,302.0,,,,,,,,,,,False
2025-12-02 02:00:00+05:30,sector_11_faridabad_hspcb,openaq,149.0,298.0,,,,,,,,,,,False
2025-12-02 06:00:00+05:30,sector_11_faridabad_hspcb,openaq,118.0,236.0,,,,,,,,,,,False
2025-12-02 07:00:00+05:30,sector_11_faridabad_hspcb,openaq,136.0,271.0,,,,,,,,,,,False
2025-12-02 08:00:00+05:30,sector_11_faridabad_hspcb,openaq,181.0,361.0,,,,,,,,,,,False
2025-12-02 09:00:00+05:30,sector_11_faridabad_hspcb,openaq,205.0,409.0,,,,,,,,,,,False
2025-12-02 10:00:00+05:30,sector_11_faridabad_hspcb,openaq,127.0,253.0,,,,,,,,,,,False
2025-12-02 12:00:00+05:30,sector_11_faridabad_hspcb,openaq,101.0,202.0,,,,,,,,,,,False
2025-12-02 13:00:00+05:30,sector_11_faridabad_hspcb,openaq,95.3,190.0,,,,,,,,,,,False
2025-12-02 14:00:00+05:30,sector_11_faridabad_hspcb,openaq,85.8,171.0,,,,,,,,,,,False
2025-12-02 15:00:00+05:30,sector_11_faridabad_hspcb,openaq,82.8,165.0,,,,,,,,,,,False
2025-12-02 16:00:00+05:30,sector_11_faridabad_hspcb,openaq,89.3,178.0,,,,,,,,,,,False
2025-12-02 17:00:00+05:30,sector_11_faridabad_hspcb,openaq,118.0,235.0,,,,,,,,,,,False
2025-12-02 18:00:00+05:30,sector_11_faridabad_hspcb,openaq,159.0,318.0,,,,,,,,,,,False
2025-12-02 19:00:00+05:30,sector_11_faridabad_hspcb,openaq,177.0,354.0,,,,,,,,,,,False
2025-12-02 20:00:00+05:30,sector_11_faridabad_hspcb,openaq,193.0,385.0,,,,,,,,,,,False
2025-12-02 21:00:00+05:30,sector_11_faridabad_hspcb,openaq,187.0,373.0,,,,,,,,,,,False
2025-12-02 22:00:00+05:30,sector_11_faridabad_hspcb,openaq,146.0,291.0,,,,,,,,,,,False
2025-12-03 01:00:00+05:30,sector_11_faridabad_hspcb,openaq,110.0,220.0,,,,,,,,,,,False
2025-12-03 02:00:00+05:30,sector_11_faridabad_hspcb,openaq,96.8,193.0,,,,,,,,,,,False
2025-12-03 03:00:00+05:30,sector_11_faridabad_hspcb,openaq,89.9,179.0,,,,,,,,,,,False
2025-12-03 04:00:00+05:30,sector_11_faridabad_hspcb,openaq,81.9,164.0,,,,,,,,,,,False
2025-12-03 05:00:00+05:30,sector_11_faridabad_hspcb,openaq,73.3,146.0,,,,,,,,,,,False
2025-12-03 06:00:00+05:30,sector_11_faridabad_hspcb,openaq,70.5,141.0,,,,,,,,,,,False
2025-12-03 07:00:00+05:30,sector_11_faridabad_hspcb,openaq,90.5,181.0,,,,,,,,,,,False
2025-12-03 10:00:00+05:30,sector_11_faridabad_hspcb,openaq,91.8,183.0,,,,,,,,,,,False
2025-12-03 12:00:00+05:30,sector_11_faridabad_hspcb,openaq,82.7,165.0,,,,,,,,,,,False
2025-12-03 13:00:00+05:30,sector_11_faridabad_hspcb,openaq,74.5,149.0,,,,,,,,,,,False
2025-12-03 14:00:00+05:30,sector_11_faridabad_hspcb,openaq,65.6,131.0,,,,,,,,,,,False
2025-12-03 15:00:00+05:30,sector_11_faridabad_hspcb,openaq,64.4,128.0,,,,,,,,,,,False
2025-12-03 16:00:00+05:30,sector_11_faridabad_hspcb,openaq,61.6,123.0,,,,,,,,,,,False
2025-12-03 17:00:00+05:30,sector_11_faridabad_hspcb,openaq,61.1,122.0,,,,,,,,,,,False
2025-12-03 18:00:00+05:30,sector_11_faridabad_hspcb,openaq,74.4,148.0,,,,,,,,,,,False
2025-12-03 19:00:00+05:30,sector_11_faridabad_hspcb,openaq,123.0,246.0,,,,,,,,,,,False
2025-12-03 20:00:00+05:30,sector_11_faridabad_hspcb,openaq,182.0,363.0,,,,,,,,,,,False
2025-12-03 21:00:00+05:30,sector_11_faridabad_hspcb,openaq,160.0,319.0,,,,,,,,,,,False
2025-12-03 22:00:00+05:30,sector_11_faridabad_hspcb,openaq,128.0,256.0,,,,,,,,,,,False
2025-12-04 01:00:00+05:30,sector_11_faridabad_hspcb,openaq,94.5,189.0,,,,,,,,,,,False
2025-12-04 02:00:00+05:30,sector_11_faridabad_hspcb,openaq,87.5,175.0,,,,,,,,,,,False
2025-12-04 03:00:00+05:30,sector_11_faridabad_hspcb,openaq,79.2,158.0,,,,,,,,,,,False
2025-12-04 04:00:00+05:30,sector_11_faridabad_hspcb,openaq,76.3,152.0,,,,,,,,,,,False
2025-12-04 05:00:00+05:30,sector_11_faridabad_hspcb,openaq,78.9,158.0,,,,,,,,,,,False
2025-12-04 06:00:00+05:30,sector_11_faridabad_hspcb,openaq,74.6,149.0,,,,,,,,,,,False
2025-12-04 07:00:00+05:30,sector_11_faridabad_hspcb,openaq,92.9,185.0,,,,,,,,,,,False
2025-12-04 08:00:00+05:30,sector_11_faridabad_hspcb,openaq,113.0,226.0,,,,,,,,,,,False
2025-12-04 09:00:00+05:30,sector_11_faridabad_hspcb,openaq,111.0,222.0,,,,,,,,,,,False
2025-12-04 15:00:00+05:30,sector_11_faridabad_hspcb,openaq,54.1,108.0,,,,,,,,,,,False
2025-12-04 16:00:00+05:30,sector_11_faridabad_hspcb,openaq,57.4,114.0,,,,,,,,,,,False
2025-12-04 17:00:00+05:30,sector_11_faridabad_hspcb,openaq,56.7,113.0,,,,,,,,,,,False
2025-12-04 18:00:00+05:30,sector_11_faridabad_hspcb,openaq,71.4,143.0,,,,,,,,,,,False
2025-12-04 19:00:00+05:30,sector_11_faridabad_hspcb,openaq,130.0,259.0,,,,,,,,,,,False
2025-12-04 20:00:00+05:30,sector_11_faridabad_hspcb,openaq,227.0,453.0,,,,,,,,,,,False
2025-12-04 21:00:00+05:30,sector_11_faridabad_hspcb,openaq,223.0,445.0,,,,,,,,,,,False
2025-12-04 22:00:00+05:30,sector_11_faridabad_hspcb,openaq,188.0,375.0,,,,,,,,,,,False
2025-12-05 01:00:00+05:30,sector_11_faridabad_hspcb,openaq,85.6,171.0,,,,,,,,,,,False
2025-12-05 02:00:00+05:30,sector_11_faridabad_hspcb,openaq,82.1,164.0,,,,,,,,,,,False
2025-12-05 03:00:00+05:30,sector_11_faridabad_hspcb,openaq,125.0,250.0,,,,,,,,,,,False
2025-12-05 04:00:00+05:30,sector_11_faridabad_hspcb,openaq,212.0,424.0,,,,,,,,,,,False
2025-12-05 05:00:00+05:30,sector_11_faridabad_hspcb,openaq,218.0,435.0,,,,,,,,,,,False
2025-12-05 06:00:00+05:30,sector_11_faridabad_hspcb,openaq,192.0,384.0,,,,,,,,,,,False
2025-12-05 07:00:00+05:30,sector_11_faridabad_hspcb,openaq,189.0,376.0,,,,,,,,,,,False
2025-12-05 08:00:00+05:30,sector_11_faridabad_hspcb,openaq,137.0,274.0,,,,,,,,,,,False
2025-12-05 09:00:00+05:30,sector_11_faridabad_hspcb,openaq,103.0,205.0,,,,,,,,,,,False
2025-12-05 10:00:00+05:30,sector_11_faridabad_hspcb,openaq,112.0,223.0,,,,,,,,,,,False
2025-12-05 11:00:00+05:30,sector_11_faridabad_hspcb,openaq,76.1,152.0,,,,,,,,,,,False
2025-12-05 12:00:00+05:30,sector_11_faridabad_hspcb,openaq,58.5,117.0,,,,,,,,,,,False
2025-12-05 13:00:00+05:30,sector_11_faridabad_hspcb,openaq,50.1,100.0,,,,,,,,,,,False
2025-12-05 14:00:00+05:30,sector_11_faridabad_hspcb,openaq,42.9,85.6,,,,,,,,,,,False
2025-12-05 15:00:00+05:30,sector_11_faridabad_hspcb,openaq,52.6,105.0,,,,,,,,,,,False
2025-12-05 16:00:00+05:30,sector_11_faridabad_hspcb,openaq,64.0,128.0,,,,,,,,,,,False
2025-12-05 17:00:00+05:30,sector_11_faridabad_hspcb,openaq,80.2,160.0,,,,,,,,,,,False
2025-12-05 18:00:00+05:30,sector_11_faridabad_hspcb,openaq,106.0,211.0,,,,,,,,,,,False
2025-12-05 19:00:00+05:30,sector_11_faridabad_hspcb,openaq,156.0,310.0,,,,,,,,,,,False
2025-12-05 20:00:00+05:30,sector_11_faridabad_hspcb,openaq,213.0,425.0,,,,,,,,,,,False
2025-12-05 21:00:00+05:30,sector_11_faridabad_hspcb,openaq,207.0,413.0,,,,,,,,,,,False
2025-12-05 22:00:00+05:30,sector_11_faridabad_hspcb,openaq,201.0,401.0,,,,,,,,,,,False
2025-12-06 01:00:00+05:30,sector_11_faridabad_hspcb,openaq,103.0,206.0,,,,,,,,,,,False
2025-12-06 02:00:00+05:30,sector_11_faridabad_hspcb,openaq,73.6,147.0,,,,,,,,,,,False
2025-12-06 03:00:00+05:30,sector_11_faridabad_hspcb,openaq,77.5,155.0,,,,,,,,,,,False
2025-12-06 04:00:00+05:30,sector_11_faridabad_hspcb,openaq,64.1,128.0,,,,,,,,,,,False
2025-12-06 05:00:00+05:30,sector_11_faridabad_hspcb,openaq,67.8,128.0,,,,,,,,,,,False
2025-12-06 06:00:00+05:30,sector_11_faridabad_hspcb,openaq,70.2,140.0,,,,,,,,,,,False
2025-12-06 07:00:00+05:30,sector_11_faridabad_hspcb,openaq,109.0,217.0,,,,,,,,,,,False
2025-12-06 08:00:00+05:30,sector_11_faridabad_hspcb,openaq,108.0,215.0,,,,,,,,,,,False
2025-12-06 09:00:00+05:30,sector_11_faridabad_hspcb,openaq,97.2,194.0,,,,,,,,,,,False
2025-12-06 10:00:00+05:30,sector_11_faridabad_hspcb,openaq,77.7,155.0,,,,,,,,,,,False
2025-12-06 11:00:00+05:30,sector_11_faridabad_hspcb,openaq,71.8,143.0,,,,,,,,,,,False
2025-12-06 12:00:00+05:30,sector_11_faridabad_hspcb,openaq,66.9,134.0,,,,,,,,,,,False
2025-12-06 13:00:00+05:30,sector_11_faridabad_hspcb,openaq,59.3,118.0,,,,,,,,,,,False
2025-12-06 14:00:00+05:30,sector_11_faridabad_hspcb,openaq,47.2,94.2,,,,,,,,,,,False
2025-12-06 15:00:00+05:30,sector_11_faridabad_hspcb,openaq,50.4,100.0,,,,,,,,,,,False
2025-12-06 16:00:00+05:30,sector_11_faridabad_hspcb,openaq,50.7,101.0,,,,,,,,,,,False
2025-12-06 17:00:00+05:30,sector_11_faridabad_hspcb,openaq,54.9,110.0,,,,,,,,,,,False
2025-12-06 18:00:00+05:30,sector_11_faridabad_hspcb,openaq,63.4,127.0,,,,,,,,,,,False
2025-12-06 19:00:00+05:30,sector_11_faridabad_hspcb,openaq,76.7,153.0,,,,,,,,,,,False
2025-12-06 20:00:00+05:30,sector_11_faridabad_hspcb,openaq,101.0,202.0,,,,,,,,,,,False
2025-12-06 21:00:00+05:30,sector_11_faridabad_hspcb,openaq,122.0,244.0,,,,,,,,,,,False
2025-12-06 22:00:00+05:30,sector_11_faridabad_hspcb,openaq,129.0,258.0,,,,,,,,,,,False
2025-12-07 01:00:00+05:30,sector_11_faridabad_hspcb,openaq,100.0,200.0,,,,,,,,,,,False
2025-12-07 02:00:00+05:30,sector_11_faridabad_hspcb,openaq,91.4,183.0,,,,,,,,,,,False
2025-12-07 03:00:00+05:30,sector_11_faridabad_hspcb,openaq,81.7,163.0,,,,,,,,,,,False
2025-12-07 04:00:00+05:30,sector_11_faridabad_hspcb,openaq,71.5,143.0,,,,,,,,,,,False
2025-12-07 05:00:00+05:30,sector_11_faridabad_hspcb,openaq,72.0,144.0,,,,,,,,,,,False
2025-12-07 06:00:00+05:30,sector_11_faridabad_hspcb,openaq,68.9,138.0,,,,,,,,,,,False
2025-12-07 07:00:00+05:30,sector_11_faridabad_hspcb,openaq,73.0,146.0,,,,,,,,,,,False
2025-12-07 08:00:00+05:30,sector_11_faridabad_hspcb,openaq,75.1,150.0,,,,,,,,,,,False
2025-12-07 09:00:00+05:30,sector_11_faridabad_hspcb,openaq,75.5,151.0,,,,,,,,,,,False
2025-12-07 12:00:00+05:30,sector_11_faridabad_hspcb,openaq,74.4,148.0,,,,,,,,,,,False
2025-12-07 13:00:00+05:30,sector_11_faridabad_hspcb,openaq,67.9,136.0,,,,,,,,,,,False
2025-12-07 14:00:00+05:30,sector_11_faridabad_hspcb,openaq,56.4,113.0,,,,,,,,,,,False
2025-12-07 18:00:00+05:30,sector_11_faridabad_hspcb,openaq,72.4,145.0,,,,,,,,,,,False
2025-12-07 19:00:00+05:30,sector_11_faridabad_hspcb,openaq,120.0,240.0,,,,,,,,,,,False
2025-12-07 20:00:00+05:30,sector_11_faridabad_hspcb,openaq,211.0,421.0,,,,,,,,,,,False
2025-12-07 21:00:00+05:30,sector_11_faridabad_hspcb,openaq,221.0,440.0,,,,,,,,,,,False
2025-12-07 22:00:00+05:30,sector_11_faridabad_hspcb,openaq,156.0,312.0,,,,,,,,,,,False
2025-12-08 01:00:00+05:30,sector_11_faridabad_hspcb,openaq,88.0,176.0,,,,,,,,,,,False
2025-12-08 02:00:00+05:30,sector_11_faridabad_hspcb,openaq,50.5,101.0,,,,,,,,,,,False
2025-12-08 03:00:00+05:30,sector_11_faridabad_hspcb,openaq,60.4,121.0,,,,,,,,,,,False
2025-12-08 04:00:00+05:30,sector_11_faridabad_hspcb,openaq,62.2,124.0,,,,,,,,,,,False
2025-12-08 05:00:00+05:30,sector_11_faridabad_hspcb,openaq,66.6,133.0,,,,,,,,,,,False
2025-12-08 06:00:00+05:30,sector_11_faridabad_hspcb,openaq,60.8,122.0,,,,,,,,,,,False
2025-12-08 07:00:00+05:30,sector_11_faridabad_hspcb,openaq,79.9,160.0,,,,,,,,,,,False
2025-12-08 08:00:00+05:30,sector_11_faridabad_hspcb,openaq,91.5,183.0,,,,,,,,,,,False
2025-12-08 09:00:00+05:30,sector_11_faridabad_hspcb,openaq,90.4,180.0,,,,,,,,,,,False
2025-12-08 10:00:00+05:30,sector_11_faridabad_hspcb,openaq,78.8,157.0,,,,,,,,,,,False
2025-12-08 11:00:00+05:30,sector_11_faridabad_hspcb,openaq,83.0,166.0,,,,,,,,,,,False
2025-12-08 12:00:00+05:30,sector_11_faridabad_hspcb,openaq,75.2,150.0,,,,,,,,,,,False
2025-12-08 13:00:00+05:30,sector_11_faridabad_hspcb,openaq,60.2,120.0,,,,,,,,,,,False
2025-12-08 14:00:00+05:30,sector_11_faridabad_hspcb,openaq,53.0,106.0,,,,,,,,,,,False
2025-12-08 15:00:00+05:30,sector_11_faridabad_hspcb,openaq,62.6,125.0,,,,,,,,,,,False
2025-12-08 17:00:00+05:30,sector_11_faridabad_hspcb,openaq,63.8,127.0,,,,,,,,,,,False
2025-12-08 18:00:00+05:30,sector_11_faridabad_hspcb,openaq,68.0,136.0,,,,,,,,,,,False
2025-12-08 19:00:00+05:30,sector_11_faridabad_hspcb,openaq,78.5,157.0,,,,,,,,,,,False
2025-12-08 20:00:00+05:30,sector_11_faridabad_hspcb,openaq,88.3,176.0,,,,,,,,,,,False
2025-12-08 21:00:00+05:30,sector_11_faridabad_hspcb,openaq,84.0,168.0,,,,,,,,,,,False
2025-12-08 22:00:00+05:30,sector_11_faridabad_hspcb,openaq,71.1,142.0,,,,,,,,,,,False
2025-12-09 01:00:00+05:30,sector_11_faridabad_hspcb,openaq,66.2,132.0,,,,,,,,,,,False
2025-12-09 02:00:00+05:30,sector_11_faridabad_hspcb,openaq,61.4,122.0,,,,,,,,,,,False
2025-12-09 03:00:00+05:30,sector_11_faridabad_hspcb,openaq,58.6,117.0,,,,,,,,,,,False
2025-12-09 04:00:00+05:30,sector_11_faridabad_hspcb,openaq,60.7,121.0,,,,,,,,,,,False
2025-12-09 05:00:00+05:30,sector_11_faridabad_hspcb,openaq,62.4,125.0,,,,,,,,,,,False
2025-12-09 06:00:00+05:30,sector_11_faridabad_hspcb,openaq,62.7,125.0,,,,,,,,,,,False
2025-12-09 07:00:00+05:30,sector_11_faridabad_hspcb,openaq,76.9,153.0,,,,,,,,,,,False
2025-12-09 08:00:00+05:30,sector_11_faridabad_hspcb,openaq,94.8,189.0,,,,,,,,,,,False
2025-12-09 09:00:00+05:30,sector_11_faridabad_hspcb,openaq,93.1,188.0,,,,,,,,,,,False
2025-12-09 10:00:00+05:30,sector_11_faridabad_hspcb,openaq,82.1,164.0,,,,,,,,,,,False
2025-12-09 11:00:00+05:30,sector_11_faridabad_hspcb,openaq,75.0,150.0,,,,,,,,,,,False
2025-12-09 13:00:00+05:30,sector_11_faridabad_hspcb,openaq,64.1,128.0,,,,,,,,,,,False
2025-12-09 14:00:00+05:30,sector_11_faridabad_hspcb,openaq,53.7,107.0,,,,,,,,,,,False
2025-12-09 17:00:00+05:30,sector_11_faridabad_hspcb,openaq,52.7,105.0,,,,,,,,,,,False
2025-12-09 18:00:00+05:30,sector_11_faridabad_hspcb,openaq,60.3,120.0,,,,,,,,,,,False
2025-12-09 19:00:00+05:30,sector_11_faridabad_hspcb,openaq,78.0,156.0,,,,,,,,,,,False
2025-12-09 20:00:00+05:30,sector_11_faridabad_hspcb,openaq,97.6,195.0,,,,,,,,,,,False
2025-12-10 06:00:00+05:30,sector_11_faridabad_hspcb,openaq,57.8,115.0,,,,,,,,,,,False
2025-12-10 07:00:00+05:30,sector_11_faridabad_hspcb,openaq,82.3,164.0,,,,,,,,,,,False
2025-12-10 08:00:00+05:30,sector_11_faridabad_hspcb,openaq,101.0,202.0,,,,,,,,,,,False
2025-12-10 09:00:00+05:30,sector_11_faridabad_hspcb,openaq,106.0,211.0,,,,,,,,,,,False
2025-12-10 10:00:00+05:30,sector_11_faridabad_hspcb,openaq,86.2,172.0,,,,,,,,,,,False
2025-12-10 11:00:00+05:30,sector_11_faridabad_hspcb,openaq,63.7,127.0,,,,,,,,,,,False
2025-12-10 12:00:00+05:30,sector_11_faridabad_hspcb,openaq,46.4,92.6,,,,,,,,,,,False
2025-12-10 13:00:00+05:30,sector_11_faridabad_hspcb,openaq,35.7,71.2,,,,,,,,,,,False
2025-12-10 14:00:00+05:30,sector_11_faridabad_hspcb,openaq,25.2,50.2,,,,,,,,,,,False
2025-12-10 15:00:00+05:30,sector_11_faridabad_hspcb,openaq,33.8,67.2,,,,,,,,,,,False
2025-12-10 16:00:00+05:30,sector_11_faridabad_hspcb,openaq,89.8,163.0,,,,,,,,,,,False
2025-12-10 17:00:00+05:30,sector_11_faridabad_hspcb,openaq,86.5,157.0,,,,,,,,,,,False
2025-12-10 18:00:00+05:30,sector_11_faridabad_hspcb,openaq,171.0,284.0,,,,,,,,,,,False
2025-12-10 19:00:00+05:30,sector_11_faridabad_hspcb,openaq,225.0,368.0,,,,,,,,,,,False
2025-12-10 20:00:00+05:30,sector_11_faridabad_hspcb,openaq,298.0,496.0,,,,,,,,,,,False
2025-12-10 21:00:00+05:30,sector_11_faridabad_hspcb,openaq,313.0,521.0,,,,,,,,,,,False
2025-12-10 22:00:00+05:30,sector_11_faridabad_hspcb,openaq,347.0,573.0,,,,,,,,,,,False
2025-12-11 01:00:00+05:30,sector_11_faridabad_hspcb,openaq,217.0,362.0,,,,,,,,,,,False
2025-12-11 02:00:00+05:30,sector_11_faridabad_hspcb,openaq,177.0,295.0,,,,,,,,,,,False
2025-12-11 03:00:00+05:30,sector_11_faridabad_hspcb,openaq,200.0,333.0,,,,,,,,,,,False
2025-12-11 04:00:00+05:30,sector_11_faridabad_hspcb,openaq,195.0,325.0,,,,,,,,,,,False
2025-12-11 05:00:00+05:30,sector_11_faridabad_hspcb,openaq,200.0,333.0,,,,,,,,,,,False
2025-12-11 06:00:00+05:30,sector_11_faridabad_hspcb,openaq,248.0,413.0,,,,,,,,,,,False
2025-12-11 07:00:00+05:30,sector_11_faridabad_hspcb,openaq,273.0,455.0,,,,,,,,,,,False
2025-12-11 10:00:00+05:30,sector_11_faridabad_hspcb,openaq,107.0,179.0,,,,,,,,,,,False
2025-12-11 12:00:00+05:30,sector_11_faridabad_hspcb,openaq,91.6,153.0,,,,,,,,,,,False
2025-12-11 14:00:00+05:30,sector_11_faridabad_hspcb,openaq,42.8,71.3,,,,,,,,,,,False
2025-12-11 15:00:00+05:30,sector_11_faridabad_hspcb,openaq,49.8,82.9,,,,,,,,,,,False
2025-12-11 16:00:00+05:30,sector_11_faridabad_hspcb,openaq,55.0,91.7,,,,,,,,,,,False
2025-12-11 18:00:00+05:30,sector_11_faridabad_hspcb,openaq,79.0,134.0,,,,,,,,,,,False
2025-12-11 19:00:00+05:30,sector_11_faridabad_hspcb,openaq,251.0,427.0,,,,,,,,,,,False
2025-12-11 21:00:00+05:30,sector_11_faridabad_hspcb,openaq,320.0,541.0,,,,,,,,,,,False
2025-12-11 22:00:00+05:30,sector_11_faridabad_hspcb,openaq,342.0,578.0,,,,,,,,,,,False
2025-12-12 01:00:00+05:30,sector_11_faridabad_hspcb,openaq,243.0,413.0,,,,,,,,,,,False
2025-12-12 02:00:00+05:30,sector_11_faridabad_hspcb,openaq,169.0,291.0,,,,,,,,,,,False
2025-12-12 03:00:00+05:30,sector_11_faridabad_hspcb,openaq,141.0,243.0,,,,,,,,,,,False
2025-12-12 04:00:00+05:30,sector_11_faridabad_hspcb,openaq,111.0,193.0,,,,,,,,,,,False
2025-12-12 05:00:00+05:30,sector_11_faridabad_hspcb,openaq,99.1,174.0,,,,,,,,,,,False
2025-12-12 06:00:00+05:30,sector_11_faridabad_hspcb,openaq,131.0,227.0,,,,,,,,,,,False
2025-12-12 07:00:00+05:30,sector_11_faridabad_hspcb,openaq,193.0,330.0,,,,,,,,,,,False
2025-12-12 08:00:00+05:30,sector_11_faridabad_hspcb,openaq,228.0,389.0,,,,,,,,,,,False
2025-12-12 09:00:00+05:30,sector_11_faridabad_hspcb,openaq,224.0,381.0,,,,,,,,,,,False
2025-12-12 10:00:00+05:30,sector_11_faridabad_hspcb,openaq,203.0,346.0,,,,,,,,,,,False
2025-12-12 11:00:00+05:30,sector_11_faridabad_hspcb,openaq,174.0,298.0,,,,,,,,,,,False
2025-12-12 12:00:00+05:30,sector_11_faridabad_hspcb,openaq,142.0,244.0,,,,,,,,,,,False
2025-12-12 13:00:00+05:30,sector_11_faridabad_hspcb,openaq,119.0,207.0,,,,,,,,,,,False
2025-12-12 14:00:00+05:30,sector_11_faridabad_hspcb,openaq,110.0,191.0,,,,,,,,,,,False
2025-12-12 18:00:00+05:30,sector_11_faridabad_hspcb,openaq,226.0,377.0,,,,,,,,,,,False
2025-12-12 19:00:00+05:30,sector_11_faridabad_hspcb,openaq,263.0,446.0,,,,,,,,,,,False
2025-12-12 20:00:00+05:30,sector_11_faridabad_hspcb,openaq,288.0,488.0,,,,,,,,,,,False
2025-12-12 21:00:00+05:30,sector_11_faridabad_hspcb,openaq,274.0,463.0,,,,,,,,,,,False
2025-12-12 22:00:00+05:30,sector_11_faridabad_hspcb,openaq,188.0,313.0,,,,,,,,,,,False
2025-12-13 01:00:00+05:30,sector_11_faridabad_hspcb,openaq,162.0,270.0,,,,,,,,,,,False
2025-12-13 02:00:00+05:30,sector_11_faridabad_hspcb,openaq,183.0,305.0,,,,,,,,,,,False
2025-12-13 03:00:00+05:30,sector_11_faridabad_hspcb,openaq,198.0,330.0,,,,,,,,,,,False
2025-12-13 04:00:00+05:30,sector_11_faridabad_hspcb,openaq,181.0,302.0,,,,,,,,,,,False
2025-12-13 05:00:00+05:30,sector_11_faridabad_hspcb,openaq,147.0,244.0,,,,,,,,,,,False
2025-12-13 06:00:00+05:30,sector_11_faridabad_hspcb,openaq,173.0,288.0,,,,,,,,,,,False
2025-12-13 07:00:00+05:30,sector_11_faridabad_hspcb,openaq,218.0,363.0,,,,,,,,,,,False
2025-12-13 08:00:00+05:30,sector_11_faridabad_hspcb,openaq,224.0,374.0,,,,,,,,,,,False
2025-12-13 09:00:00+05:30,sector_11_faridabad_hspcb,openaq,216.0,360.0,,,,,,,,,,,False
2025-12-13 10:00:00+05:30,sector_11_faridabad_hspcb,openaq,199.0,332.0,,,,,,,,,,,False
2025-12-13 11:00:00+05:30,sector_11_faridabad_hspcb,openaq,196.0,327.0,,,,,,,,,,,False
2025-12-13 12:00:00+05:30,sector_11_faridabad_hspcb,openaq,185.0,308.0,,,,,,,,,,,False
2025-12-13 13:00:00+05:30,sector_11_faridabad_hspcb,openaq,174.0,290.0,,,,,,,,,,,False
2025-12-13 17:00:00+05:30,sector_11_faridabad_hspcb,openaq,219.0,365.0,,,,,,,,,,,False
2025-12-13 19:00:00+05:30,sector_11_faridabad_hspcb,openaq,246.0,410.0,,,,,,,,,,,False
2025-12-13 20:00:00+05:30,sector_11_faridabad_hspcb,openaq,245.0,408.0,,,,,,,,,,,False
2025-12-13 21:00:00+05:30,sector_11_faridabad_hspcb,openaq,241.0,401.0,,,,,,,,,,,False
2025-12-13 22:00:00+05:30,sector_11_faridabad_hspcb,openaq,263.0,439.0,,,,,,,,,,,False
2025-12-14 01:00:00+05:30,sector_11_faridabad_hspcb,openaq,191.0,318.0,,,,,,,,,,,False
2025-12-14 02:00:00+05:30,sector_11_faridabad_hspcb,openaq,202.0,337.0,,,,,,,,,,,False
2025-12-14 03:00:00+05:30,sector_11_faridabad_hspcb,openaq,200.0,334.0,,,,,,,,,,,False
2025-12-14 04:00:00+05:30,sector_11_faridabad_hspcb,openaq,178.0,296.0,,,,,,,,,,,False
2025-12-14 05:00:00+05:30,sector_11_faridabad_hspcb,openaq,155.0,258.0,,,,,,,,,,,False
2025-12-14 06:00:00+05:30,sector_11_faridabad_hspcb,openaq,175.0,291.0,,,,,,,,,,,False
2025-12-14 07:00:00+05:30,sector_11_faridabad_hspcb,openaq,200.0,333.0,,,,,,,,,,,False
2025-12-14 12:00:00+05:30,sector_11_faridabad_hspcb,openaq,170.0,283.0,,,,,,,,,,,False
2025-12-14 13:00:00+05:30,sector_11_faridabad_hspcb,openaq,170.0,283.0,,,,,,,,,,,False
2025-12-14 14:00:00+05:30,sector_11_faridabad_hspcb,openaq,152.0,254.0,,,,,,,,,,,False
2025-12-14 15:00:00+05:30,sector_11_faridabad_hspcb,openaq,152.0,253.0,,,,,,,,,,,False
2025-12-14 16:00:00+05:30,sector_11_faridabad_hspcb,openaq,148.0,247.0,,,,,,,,,,,False
2025-12-14 19:00:00+05:30,sector_11_faridabad_hspcb,openaq,261.0,434.0,,,,,,,,,,,False
2025-12-14 20:00:00+05:30,sector_11_faridabad_hspcb,openaq,271.0,451.0,,,,,,,,,,,False
2025-12-14 21:00:00+05:30,sector_11_faridabad_hspcb,openaq,276.0,460.0,,,,,,,,,,,False
2025-12-14 22:00:00+05:30,sector_11_faridabad_hspcb,openaq,282.0,456.0,,,,,,,,,,,False
2025-12-15 01:00:00+05:30,sector_11_faridabad_hspcb,openaq,171.0,257.0,,,,,,,,,,,False
2025-12-15 02:00:00+05:30,sector_11_faridabad_hspcb,openaq,312.0,462.0,,,,,,,,,,,False
2025-12-15 03:00:00+05:30,sector_11_faridabad_hspcb,openaq,150.0,250.0,,,,,,,,,,,False
2025-12-15 04:00:00+05:30,sector_11_faridabad_hspcb,openaq,75.9,126.0,,,,,,,,,,,False
2025-12-15 05:00:00+05:30,sector_11_faridabad_hspcb,openaq,103.0,171.0,,,,,,,,,,,False
2025-12-15 06:00:00+05:30,sector_11_faridabad_hspcb,openaq,200.0,333.0,,,,,,,,,,,False
2025-12-15 07:00:00+05:30,sector_11_faridabad_hspcb,openaq,199.0,331.0,,,,,,,,,,,False
2025-12-15 08:00:00+05:30,sector_11_faridabad_hspcb,openaq,192.0,319.0,,,,,,,,,,,False
2025-12-15 09:00:00+05:30,sector_11_faridabad_hspcb,openaq,198.0,330.0,,,,,,,,,,,False
2025-12-15 10:00:00+05:30,sector_11_faridabad_hspcb,openaq,222.0,369.0,,,,,,,,,,,False
2025-12-15 11:00:00+05:30,sector_11_faridabad_hspcb,openaq,189.0,314.0,,,,,,,,,,,False
2025-12-15 12:00:00+05:30,sector_11_faridabad_hspcb,openaq,125.0,208.0,,,,,,,,,,,False
2025-12-15 13:00:00+05:30,sector_11_faridabad_hspcb,openaq,164.0,273.0,,,,,,,,,,,False
2025-12-15 14:00:00+05:30,sector_11_faridabad_hspcb,openaq,111.0,185.0,,,,,,,,,,,False
2025-12-15 15:00:00+05:30,sector_11_faridabad_hspcb,openaq,80.0,133.0,,,,,,,,,,,False
2025-12-15 16:00:00+05:30,sector_11_faridabad_hspcb,openaq,69.6,116.0,,,,,,,,,,,False
2025-12-15 17:00:00+05:30,sector_11_faridabad_hspcb,openaq,93.4,156.0,,,,,,,,,,,False
2025-12-15 18:00:00+05:30,sector_11_faridabad_hspcb,openaq,125.0,209.0,,,,,,,,,,,False
2025-12-15 19:00:00+05:30,sector_11_faridabad_hspcb,openaq,198.0,329.0,,,,,,,,,,,False
2025-12-15 20:00:00+05:30,sector_11_faridabad_hspcb,openaq,272.0,453.0,,,,,,,,,,,False
2025-12-15 21:00:00+05:30,sector_11_faridabad_hspcb,openaq,326.0,544.0,,,,,,,,,,,False
2025-12-15 22:00:00+05:30,sector_11_faridabad_hspcb,openaq,248.0,414.0,,,,,,,,,,,False
2025-12-16 01:00:00+05:30,sector_11_faridabad_hspcb,openaq,115.0,192.0,,,,,,,,,,,False
2025-12-16 02:00:00+05:30,sector_11_faridabad_hspcb,openaq,101.0,168.0,,,,,,,,,,,False
2025-12-16 03:00:00+05:30,sector_11_faridabad_hspcb,openaq,110.0,184.0,,,,,,,,,,,False
2025-12-16 04:00:00+05:30,sector_11_faridabad_hspcb,openaq,111.0,186.0,,,,,,,,,,,False
2025-12-16 05:00:00+05:30,sector_11_faridabad_hspcb,openaq,96.3,160.0,,,,,,,,,,,False
2025-12-16 06:00:00+05:30,sector_11_faridabad_hspcb,openaq,94.1,157.0,,,,,,,,,,,False
2025-12-16 07:00:00+05:30,sector_11_faridabad_hspcb,openaq,123.0,205.0,,,,,,,,,,,False
2025-12-16 08:00:00+05:30,sector_11_faridabad_hspcb,openaq,120.0,201.0,,,,,,,,,,,False
2025-12-16 09:00:00+05:30,sector_11_faridabad_hspcb,openaq,90.2,150.0,,,,,,,,,,,False
2025-12-16 10:00:00+05:30,sector_11_faridabad_hspcb,openaq,96.3,160.0,,,,,,,,,,,False
2025-12-16 11:00:00+05:30,sector_11_faridabad_hspcb,openaq,81.3,135.0,,,,,,,,,,,False
2025-12-16 12:00:00+05:30,sector_11_faridabad_hspcb,openaq,74.2,124.0,,,,,,,,,,,False
2025-12-16 13:00:00+05:30,sector_11_faridabad_hspcb,openaq,67.0,112.0,,,,,,,,,,,False
2025-12-16 14:00:00+05:30,sector_11_faridabad_hspcb,openaq,54.1,90.1,,,,,,,,,,,False
2025-12-16 15:00:00+05:30,sector_11_faridabad_hspcb,openaq,60.8,101.0,,,,,,,,,,,False
2025-12-16 16:00:00+05:30,sector_11_faridabad_hspcb,openaq,66.2,110.0,,,,,,,,,,,False
2025-12-16 17:00:00+05:30,sector_11_faridabad_hspcb,openaq,76.6,128.0,,,,,,,,,,,False
2025-12-16 18:00:00+05:30,sector_11_faridabad_hspcb,openaq,99.2,165.0,,,,,,,,,,,False
2025-12-16 19:00:00+05:30,sector_11_faridabad_hspcb,openaq,115.0,191.0,,,,,,,,,,,False
2025-12-16 20:00:00+05:30,sector_11_faridabad_hspcb,openaq,138.0,231.0,,,,,,,,,,,False
2025-12-16 21:00:00+05:30,sector_11_faridabad_hspcb,openaq,152.0,253.0,,,,,,,,,,,False
2025-12-17 01:00:00+05:30,sector_11_faridabad_hspcb,openaq,118.0,197.0,,,,,,,,,,,False
2025-12-17 02:00:00+05:30,sector_11_faridabad_hspcb,openaq,66.9,111.0,,,,,,,,,,,False
2025-12-17 03:00:00+05:30,sector_11_faridabad_hspcb,openaq,89.7,149.0,,,,,,,,,,,False
2025-12-17 04:00:00+05:30,sector_11_faridabad_hspcb,openaq,100.0,167.0,,,,,,,,,,,False
2025-12-17 05:00:00+05:30,sector_11_faridabad_hspcb,openaq,94.1,157.0,,,,,,,,,,,False
2025-12-17 06:00:00+05:30,sector_11_faridabad_hspcb,openaq,94.2,157.0,,,,,,,,,,,False
2025-12-17 07:00:00+05:30,sector_11_faridabad_hspcb,openaq,118.0,196.0,,,,,,,,,,,False
2025-12-17 08:00:00+05:30,sector_11_faridabad_hspcb,openaq,129.0,216.0,,,,,,,,,,,False
2025-12-17 09:00:00+05:30,sector_11_faridabad_hspcb,openaq,121.0,202.0,,,,,,,,,,,False
2025-12-17 10:00:00+05:30,sector_11_faridabad_hspcb,openaq,125.0,208.0,,,,,,,,,,,False
2025-12-17 11:00:00+05:30,sector_11_faridabad_hspcb,openaq,94.0,157.0,,,,,,,,,,,False
2025-12-17 12:00:00+05:30,sector_11_faridabad_hspcb,openaq,70.5,118.0,,,,,,,,,,,False
2025-12-17 13:00:00+05:30,sector_11_faridabad_hspcb,openaq,56.7,94.4,,,,,,,,,,,False
2025-12-17 14:00:00+05:30,sector_11_faridabad_hspcb,openaq,47.6,79.3,,,,,,,,,,,False
2025-12-17 15:00:00+05:30,sector_11_faridabad_hspcb,openaq,68.2,114.0,,,,,,,,,,,False
2025-12-17 16:00:00+05:30,sector_11_faridabad_hspcb,openaq,66.8,111.0,,,,,,,,,,,False
2025-12-17 17:00:00+05:30,sector_11_faridabad_hspcb,openaq,67.8,113.0,,,,,,,,,,,False
2025-12-17 18:00:00+05:30,sector_11_faridabad_hspcb,openaq,84.6,141.0,,,,,,,,,,,False
2025-12-17 19:00:00+05:30,sector_11_faridabad_hspcb,openaq,141.0,235.0,,,,,,,,,,,False
2025-12-17 20:00:00+05:30,sector_11_faridabad_hspcb,openaq,218.0,364.0,,,,,,,,,,,False
2025-12-17 21:00:00+05:30,sector_11_faridabad_hspcb,openaq,245.0,408.0,,,,,,,,,,,False
2025-12-17 22:00:00+05:30,sector_11_faridabad_hspcb,openaq,201.0,336.0,,,,,,,,,,,False
2025-12-18 02:00:00+05:30,sector_11_faridabad_hspcb,openaq,167.0,278.0,,,,,,,,,,,False
2025-12-18 03:00:00+05:30,sector_11_faridabad_hspcb,openaq,172.0,286.0,,,,,,,,,,,False
2025-12-18 04:00:00+05:30,sector_11_faridabad_hspcb,openaq,182.0,304.0,,,,,,,,,,,False
2025-12-18 05:00:00+05:30,sector_11_faridabad_hspcb,openaq,185.0,308.0,,,,,,,,,,,False
2025-12-18 06:00:00+05:30,sector_11_faridabad_hspcb,openaq,175.0,292.0,,,,,,,,,,,False
2025-12-18 07:00:00+05:30,sector_11_faridabad_hspcb,openaq,167.0,279.0,,,,,,,,,,,False
2025-12-18 08:00:00+05:30,sector_11_faridabad_hspcb,openaq,180.0,300.0,,,,,,,,,,,False
2025-12-18 09:00:00+05:30,sector_11_faridabad_hspcb,openaq,195.0,326.0,,,,,,,,,,,False
2025-12-18 10:00:00+05:30,sector_11_faridabad_hspcb,openaq,228.0,380.0,,,,,,,,,,,False
2025-12-18 11:00:00+05:30,sector_11_faridabad_hspcb,openaq,191.0,318.0,,,,,,,,,,,False
2025-12-18 12:00:00+05:30,sector_11_faridabad_hspcb,openaq,165.0,274.0,,,,,,,,,,,False
2025-12-18 13:00:00+05:30,sector_11_faridabad_hspcb,openaq,168.0,280.0,,,,,,,,,,,False
2025-12-18 14:00:00+05:30,sector_11_faridabad_hspcb,openaq,174.0,290.0,,,,,,,,,,,False
2025-12-18 15:00:00+05:30,sector_11_faridabad_hspcb,openaq,193.0,322.0,,,,,,,,,,,False
2025-12-18 16:00:00+05:30,sector_11_faridabad_hspcb,openaq,199.0,331.0,,,,,,,,,,,False
2025-12-18 17:00:00+05:30,sector_11_faridabad_hspcb,openaq,203.0,338.0,,,,,,,,,,,False
2025-12-18 18:00:00+05:30,sector_11_faridabad_hspcb,openaq,209.0,348.0,,,,,,,,,,,False
2025-12-18 19:00:00+05:30,sector_11_faridabad_hspcb,openaq,221.0,369.0,,,,,,,,,,,False
2025-12-18 20:00:00+05:30,sector_11_faridabad_hspcb,openaq,229.0,382.0,,,,,,,,,,,False
2025-12-18 21:00:00+05:30,sector_11_faridabad_hspcb,openaq,228.0,380.0,,,,,,,,,,,False
2025-12-18 22:00:00+05:30,sector_11_faridabad_hspcb,openaq,243.0,405.0,,,,,,,,,,,False
2025-12-19 02:00:00+05:30,sector_11_faridabad_hspcb,openaq,248.0,414.0,,,,,,,,,,,False
2025-12-19 03:00:00+05:30,sector_11_faridabad_hspcb,openaq,167.0,279.0,,,,,,,,,,,False
2025-12-19 04:00:00+05:30,sector_11_faridabad_hspcb,openaq,125.0,208.0,,,,,,,,,,,False
2025-12-19 05:00:00+05:30,sector_11_faridabad_hspcb,openaq,80.3,134.0,,,,,,,,,,,False
2025-12-19 07:00:00+05:30,sector_11_faridabad_hspcb,openaq,154.0,257.0,,,,,,,,,,,False
2025-12-19 08:00:00+05:30,sector_11_faridabad_hspcb,openaq,138.0,230.0,,,,,,,,,,,False
2025-12-19 09:00:00+05:30,sector_11_faridabad_hspcb,openaq,114.0,190.0,,,,,,,,,,,False
2025-12-19 10:00:00+05:30,sector_11_faridabad_hspcb,openaq,108.0,181.0,,,,,,,,,,,False
2025-12-19 11:00:00+05:30,sector_11_faridabad_hspcb,openaq,99.7,166.0,,,,,,,,,,,False
2025-12-19 12:00:00+05:30,sector_11_faridabad_hspcb,openaq,139.0,232.0,,,,,,,,,,,False
2025-12-19 13:00:00+05:30,sector_11_faridabad_hspcb,openaq,147.0,245.0,,,,,,,,,,,False
2025-12-19 14:00:00+05:30,sector_11_faridabad_hspcb,openaq,133.0,221.0,,,,,,,,,,,False
2025-12-19 15:00:00+05:30,sector_11_faridabad_hspcb,openaq,109.0,181.0,,,,,,,,,,,False
2025-12-19 16:00:00+05:30,sector_11_faridabad_hspcb,openaq,88.8,148.0,,,,,,,,,,,False
2025-12-19 17:00:00+05:30,sector_11_faridabad_hspcb,openaq,87.3,146.0,,,,,,,,,,,False
2025-12-19 18:00:00+05:30,sector_11_faridabad_hspcb,openaq,119.0,198.0,,,,,,,,,,,False
2025-12-19 19:00:00+05:30,sector_11_faridabad_hspcb,openaq,203.0,339.0,,,,,,,,,,,False
2025-12-19 20:00:00+05:30,sector_11_faridabad_hspcb,openaq,278.0,463.0,,,,,,,,,,,False
2025-12-19 21:00:00+05:30,sector_11_faridabad_hspcb,openaq,302.0,503.0,,,,,,,,,,,False
2025-12-19 22:00:00+05:30,sector_11_faridabad_hspcb,openaq,237.0,395.0,,,,,,,,,,,False
2025-12-20 01:00:00+05:30,sector_11_faridabad_hspcb,openaq,138.0,230.0,,,,,,,,,,,False
2025-12-20 02:00:00+05:30,sector_11_faridabad_hspcb,openaq,175.0,292.0,,,,,,,,,,,False
2025-12-20 03:00:00+05:30,sector_11_faridabad_hspcb,openaq,173.0,288.0,,,,,,,,,,,False
2025-12-20 04:00:00+05:30,sector_11_faridabad_hspcb,openaq,140.0,233.0,,,,,,,,,,,False
2025-12-20 05:00:00+05:30,sector_11_faridabad_hspcb,openaq,100.0,167.0,,,,,,,,,,,False
2025-12-20 06:00:00+05:30,sector_11_faridabad_hspcb,openaq,88.9,148.0,,,,,,,,,,,False
2025-12-20 07:00:00+05:30,sector_11_faridabad_hspcb,openaq,95.7,160.0,,,,,,,,,,,False
2025-12-20 08:00:00+05:30,sector_11_faridabad_hspcb,openaq,94.5,157.0,,,,,,,,,,,False
2025-12-20 09:00:00+05:30,sector_11_faridabad_hspcb,openaq,78.1,130.0,,,,,,,,,,,False
2025-12-20 10:00:00+05:30,sector_11_faridabad_hspcb,openaq,69.2,115.0,,,,,,,,,,,False
2025-12-20 11:00:00+05:30,sector_11_faridabad_hspcb,openaq,93.0,155.0,,,,,,,,,,,False
2025-12-20 12:00:00+05:30,sector_11_faridabad_hspcb,openaq,113.0,188.0,,,,,,,,,,,False
2025-12-20 13:00:00+05:30,sector_11_faridabad_hspcb,openaq,110.0,184.0,,,,,,,,,,,False
2025-12-20 14:00:00+05:30,sector_11_faridabad_hspcb,openaq,111.0,184.0,,,,,,,,,,,False
2025-12-20 15:00:00+05:30,sector_11_faridabad_hspcb,openaq,119.0,198.0,,,,,,,,,,,False
2025-12-20 16:00:00+05:30,sector_11_faridabad_hspcb,openaq,131.0,218.0,,,,,,,,,,,False
2025-12-20 17:00:00+05:30,sector_11_faridabad_hspcb,openaq,162.0,270.0,,,,,,,,,,,False
2025-12-20 18:00:00+05:30,sector_11_faridabad_hspcb,openaq,172.0,286.0,,,,,,,,,,,False
2025-12-20 19:00:00+05:30,sector_11_faridabad_hspcb,openaq,184.0,307.0,,,,,,,,,,,False
2025-12-20 20:00:00+05:30,sector_11_faridabad_hspcb,openaq,189.0,316.0,,,,,,,,,,,False
2025-12-20 21:00:00+05:30,sector_11_faridabad_hspcb,openaq,175.0,300.0,,,,,,,,,,,False
2025-12-20 22:00:00+05:30,sector_11_faridabad_hspcb,openaq,201.0,335.0,,,,,,,,,,,False
2025-12-21 01:00:00+05:30,sector_11_faridabad_hspcb,openaq,119.0,199.0,,,,,,,,,,,False
2025-12-21 02:00:00+05:30,sector_11_faridabad_hspcb,openaq,122.0,203.0,,,,,,,,,,,False
2025-12-21 03:00:00+05:30,sector_11_faridabad_hspcb,openaq,126.0,209.0,,,,,,,,,,,False
2025-12-21 04:00:00+05:30,sector_11_faridabad_hspcb,openaq,119.0,198.0,,,,,,,,,,,False
2025-12-21 05:00:00+05:30,sector_11_faridabad_hspcb,openaq,111.0,185.0,,,,,,,,,,,False
2025-12-21 06:00:00+05:30,sector_11_faridabad_hspcb,openaq,94.9,158.0,,,,,,,,,,,False
2025-12-21 07:00:00+05:30,sector_11_faridabad_hspcb,openaq,80.1,133.0,,,,,,,,,,,False
2025-12-21 08:00:00+05:30,sector_11_faridabad_hspcb,openaq,72.7,121.0,,,,,,,,,,,False
2025-12-21 09:00:00+05:30,sector_11_faridabad_hspcb,openaq,70.9,118.0,,,,,,,,,,,False
2025-12-21 10:00:00+05:30,sector_11_faridabad_hspcb,openaq,75.5,126.0,,,,,,,,,,,False
2025-12-21 14:00:00+05:30,sector_11_faridabad_hspcb,openaq,53.9,89.8,,,,,,,,,,,False
2025-12-21 15:00:00+05:30,sector_11_faridabad_hspcb,openaq,65.1,108.0,,,,,,,,,,,False
2025-12-21 16:00:00+05:30,sector_11_faridabad_hspcb,openaq,77.8,130.0,,,,,,,,,,,False
2025-12-21 17:00:00+05:30,sector_11_faridabad_hspcb,openaq,92.8,155.0,,,,,,,,,,,False
2025-12-21 18:00:00+05:30,sector_11_faridabad_hspcb,openaq,96.4,161.0,,,,,,,,,,,False
2025-12-21 19:00:00+05:30,sector_11_faridabad_hspcb,openaq,99.4,166.0,,,,,,,,,,,False
2025-12-21 20:00:00+05:30,sector_11_faridabad_hspcb,openaq,102.0,170.0,,,,,,,,,,,False
2025-12-21 21:00:00+05:30,sector_11_faridabad_hspcb,openaq,101.0,169.0,,,,,,,,,,,False
2025-12-21 22:00:00+05:30,sector_11_faridabad_hspcb,openaq,111.0,184.0,,,,,,,,,,,False
2025-12-22 01:00:00+05:30,sector_11_faridabad_hspcb,openaq,137.0,229.0,,,,,,,,,,,False
2025-12-22 02:00:00+05:30,sector_11_faridabad_hspcb,openaq,128.0,213.0,,,,,,,,,,,False
2025-12-22 03:00:00+05:30,sector_11_faridabad_hspcb,openaq,115.0,191.0,,,,,,,,,,,False
2025-12-22 04:00:00+05:30,sector_11_faridabad_hspcb,openaq,108.0,180.0,,,,,,,,,,,False
2025-12-22 05:00:00+05:30,sector_11_faridabad_hspcb,openaq,101.0,168.0,,,,,,,,,,,False
2025-12-22 07:00:00+05:30,sector_11_faridabad_hspcb,openaq,112.0,187.0,,,,,,,,,,,False
2025-12-22 08:00:00+05:30,sector_11_faridabad_hspcb,openaq,116.0,193.0,,,,,,,,,,,False
2025-12-22 09:00:00+05:30,sector_11_faridabad_hspcb,openaq,114.0,190.0,,,,,,,,,,,False
2025-12-22 10:00:00+05:30,sector_11_faridabad_hspcb,openaq,116.0,193.0,,,,,,,,,,,False
2025-12-22 11:00:00+05:30,sector_11_faridabad_hspcb,openaq,115.0,192.0,,,,,,,,,,,False
2025-12-22 12:00:00+05:30,sector_11_faridabad_hspcb,openaq,115.0,192.0,,,,,,,,,,,False
2025-12-22 13:00:00+05:30,sector_11_faridabad_hspcb,openaq,120.0,200.0,,,,,,,,,,,False
2025-12-22 14:00:00+05:30,sector_11_faridabad_hspcb,openaq,120.0,201.0,,,,,,,,,,,False
2025-12-22 15:00:00+05:30,sector_11_faridabad_hspcb,openaq,124.0,207.0,,,,,,,,,,,False
2025-12-22 16:00:00+05:30,sector_11_faridabad_hspcb,openaq,128.0,213.0,,,,,,,,,,,False
2025-12-22 17:00:00+05:30,sector_11_faridabad_hspcb,openaq,133.0,222.0,,,,,,,,,,,False
2025-12-22 18:00:00+05:30,sector_11_faridabad_hspcb,openaq,174.0,290.0,,,,,,,,,,,False
2025-12-22 19:00:00+05:30,sector_11_faridabad_hspcb,openaq,250.0,416.0,,,,,,,,,,,False
2025-12-22 20:00:00+05:30,sector_11_faridabad_hspcb,openaq,215.0,358.0,,,,,,,,,,,False
2025-12-22 21:00:00+05:30,sector_11_faridabad_hspcb,openaq,226.0,377.0,,,,,,,,,,,False
2025-12-22 22:00:00+05:30,sector_11_faridabad_hspcb,openaq,275.0,459.0,,,,,,,,,,,False
2025-12-23 01:00:00+05:30,sector_11_faridabad_hspcb,openaq,148.0,282.0,,,,,,,,,,,False
2025-12-23 02:00:00+05:30,sector_11_faridabad_hspcb,openaq,210.0,350.0,,,,,,,,,,,False
2025-12-23 03:00:00+05:30,sector_11_faridabad_hspcb,openaq,131.0,218.0,,,,,,,,,,,False
2025-12-23 04:00:00+05:30,sector_11_faridabad_hspcb,openaq,65.0,108.0,,,,,,,,,,,False
2025-12-23 05:00:00+05:30,sector_11_faridabad_hspcb,openaq,103.0,172.0,,,,,,,,,,,False
2025-12-23 06:00:00+05:30,sector_11_faridabad_hspcb,openaq,186.0,310.0,,,,,,,,,,,False
2025-12-23 07:00:00+05:30,sector_11_faridabad_hspcb,openaq,176.0,294.0,,,,,,,,,,,False
2025-12-23 08:00:00+05:30,sector_11_faridabad_hspcb,openaq,183.0,304.0,,,,,,,,,,,False
2025-12-23 09:00:00+05:30,sector_11_faridabad_hspcb,openaq,167.0,279.0,,,,,,,,,,,False
2025-12-23 10:00:00+05:30,sector_11_faridabad_hspcb,openaq,43.1,77.6,,,,,,,,,,,False
2025-12-23 11:00:00+05:30,sector_11_faridabad_hspcb,openaq,11.2,29.0,,,,,,,,,,,False
2025-12-23 12:00:00+05:30,sector_11_faridabad_hspcb,openaq,55.2,92.0,,,,,,,,,,,False
2025-12-23 13:00:00+05:30,sector_11_faridabad_hspcb,openaq,89.0,148.0,,,,,,,,,,,False
2025-12-23 16:00:00+05:30,sector_11_faridabad_hspcb,openaq,89.9,150.0,,,,,,,,,,,False
2025-12-23 17:00:00+05:30,sector_11_faridabad_hspcb,openaq,103.0,171.0,,,,,,,,,,,False
2025-12-23 18:00:00+05:30,sector_11_faridabad_hspcb,openaq,121.0,202.0,,,,,,,,,,,False
2025-12-23 19:00:00+05:30,sector_11_faridabad_hspcb,openaq,153.0,256.0,,,,,,,,,,,False
2025-12-23 20:00:00+05:30,sector_11_faridabad_hspcb,openaq,177.0,296.0,,,,,,,,,,,False
2025-12-23 21:00:00+05:30,sector_11_faridabad_hspcb,openaq,150.0,250.0,,,,,,,,,,,False
2025-12-23 22:00:00+05:30,sector_11_faridabad_hspcb,openaq,124.0,207.0,,,,,,,,,,,False
2025-12-24 01:00:00+05:30,sector_11_faridabad_hspcb,openaq,89.8,150.0,,,,,,,,,,,False
2025-12-24 02:00:00+05:30,sector_11_faridabad_hspcb,openaq,93.0,155.0,,,,,,,,,,,False
2025-12-24 03:00:00+05:30,sector_11_faridabad_hspcb,openaq,93.4,156.0,,,,,,,,,,,False
2025-12-24 04:00:00+05:30,sector_11_faridabad_hspcb,openaq,90.1,150.0,,,,,,,,,,,False
2025-12-24 05:00:00+05:30,sector_11_faridabad_hspcb,openaq,94.0,158.0,,,,,,,,,,,False
2025-12-24 06:00:00+05:30,sector_11_faridabad_hspcb,openaq,88.6,148.0,,,,,,,,,,,False
2025-12-24 07:00:00+05:30,sector_11_faridabad_hspcb,openaq,86.4,144.0,,,,,,,,,,,False
2025-12-24 08:00:00+05:30,sector_11_faridabad_hspcb,openaq,78.8,131.0,,,,,,,,,,,False
2025-12-24 09:00:00+05:30,sector_11_faridabad_hspcb,openaq,62.6,104.0,,,,,,,,,,,False
2025-12-24 17:00:00+05:30,sector_11_faridabad_hspcb,openaq,51.5,85.9,,,,,,,,,,,False
2025-12-24 18:00:00+05:30,sector_11_faridabad_hspcb,openaq,58.7,97.8,,,,,,,,,,,False
2025-12-24 19:00:00+05:30,sector_11_faridabad_hspcb,openaq,111.0,185.0,,,,,,,,,,,False
2025-12-24 20:00:00+05:30,sector_11_faridabad_hspcb,openaq,204.0,340.0,,,,,,,,,,,False
2025-12-24 21:00:00+05:30,sector_11_faridabad_hspcb,openaq,230.0,383.0,,,,,,,,,,,False
2025-12-24 22:00:00+05:30,sector_11_faridabad_hspcb,openaq,198.0,330.0,,,,,,,,,,,False
2025-12-25 01:00:00+05:30,sector_11_faridabad_hspcb,openaq,89.2,149.0,,,,,,,,,,,False
2025-12-25 02:00:00+05:30,sector_11_faridabad_hspcb,openaq,76.4,127.0,,,,,,,,,,,False
2025-12-25 03:00:00+05:30,sector_11_faridabad_hspcb,openaq,78.4,131.0,,,,,,,,,,,False
2025-12-25 04:00:00+05:30,sector_11_faridabad_hspcb,openaq,81.0,135.0,,,,,,,,,,,False
2025-12-25 05:00:00+05:30,sector_11_faridabad_hspcb,openaq,111.0,184.0,,,,,,,,,,,False
2025-12-25 06:00:00+05:30,sector_11_faridabad_hspcb,openaq,167.0,279.0,,,,,,,,,,,False
2025-12-25 07:00:00+05:30,sector_11_faridabad_hspcb,openaq,160.0,266.0,,,,,,,,,,,False
2025-12-25 08:00:00+05:30,sector_11_faridabad_hspcb,openaq,147.0,246.0,,,,,,,,,,,False
2025-12-25 09:00:00+05:30,sector_11_faridabad_hspcb,openaq,75.5,126.0,,,,,,,,,,,False
2025-12-25 10:00:00+05:30,sector_11_faridabad_hspcb,openaq,62.6,104.0,,,,,,,,,,,False
2025-12-25 11:00:00+05:30,sector_11_faridabad_hspcb,openaq,65.8,110.0,,,,,,,,,,,False
2025-12-25 12:00:00+05:30,sector_11_faridabad_hspcb,openaq,66.9,111.0,,,,,,,,,,,False
2025-12-25 13:00:00+05:30,sector_11_faridabad_hspcb,openaq,42.7,71.1,,,,,,,,,,,False
2025-12-25 14:00:00+05:30,sector_11_faridabad_hspcb,openaq,35.8,59.6,,,,,,,,,,,False
2025-12-25 15:00:00+05:30,sector_11_faridabad_hspcb,openaq,60.4,101.0,,,,,,,,,,,False
2025-12-25 16:00:00+05:30,sector_11_faridabad_hspcb,openaq,67.6,113.0,,,,,,,,,,,False
2025-12-25 17:00:00+05:30,sector_11_faridabad_hspcb,openaq,79.6,133.0,,,,,,,,,,,False
2025-12-25 18:00:00+05:30,sector_11_faridabad_hspcb,openaq,102.0,170.0,,,,,,,,,,,False
2025-12-25 20:00:00+05:30,sector_11_faridabad_hspcb,openaq,220.0,367.0,,,,,,,,,,,False
2025-12-25 21:00:00+05:30,sector_11_faridabad_hspcb,openaq,230.0,384.0,,,,,,,,,,,False
2025-12-25 22:00:00+05:30,sector_11_faridabad_hspcb,openaq,235.0,392.0,,,,,,,,,,,False
2025-12-26 01:00:00+05:30,sector_11_faridabad_hspcb,openaq,133.0,221.0,,,,,,,,,,,False
2025-12-26 02:00:00+05:30,sector_11_faridabad_hspcb,openaq,213.0,355.0,,,,,,,,,,,False
2025-12-26 03:00:00+05:30,sector_11_faridabad_hspcb,openaq,198.0,331.0,,,,,,,,,,,False
2025-12-26 04:00:00+05:30,sector_11_faridabad_hspcb,openaq,175.0,291.0,,,,,,,,,,,False
2025-12-26 05:00:00+05:30,sector_11_faridabad_hspcb,openaq,160.0,267.0,,,,,,,,,,,False
2025-12-26 06:00:00+05:30,sector_11_faridabad_hspcb,openaq,187.0,311.0,,,,,,,,,,,False
2025-12-26 07:00:00+05:30,sector_11_faridabad_hspcb,openaq,216.0,361.0,,,,,,,,,,,False
2025-12-26 08:00:00+05:30,sector_11_faridabad_hspcb,openaq,119.0,198.0,,,,,,,,,,,False
2025-12-26 09:00:00+05:30,sector_11_faridabad_hspcb,openaq,125.0,208.0,,,,,,,,,,,False
2025-12-26 10:00:00+05:30,sector_11_faridabad_hspcb,openaq,179.0,299.0,,,,,,,,,,,False
2025-12-26 11:00:00+05:30,sector_11_faridabad_hspcb,openaq,61.7,103.0,,,,,,,,,,,False
2025-12-26 12:00:00+05:30,sector_11_faridabad_hspcb,openaq,83.2,139.0,,,,,,,,,,,False
2025-12-26 14:00:00+05:30,sector_11_faridabad_hspcb,openaq,58.2,97.1,,,,,,,,,,,False
2025-12-26 15:00:00+05:30,sector_11_faridabad_hspcb,openaq,54.7,91.3,,,,,,,,,,,False
2025-12-26 16:00:00+05:30,sector_11_faridabad_hspcb,openaq,83.8,140.0,,,,,,,,,,,False
2025-12-26 17:00:00+05:30,sector_11_faridabad_hspcb,openaq,102.0,169.0,,,,,,,,,,,False
2025-12-26 18:00:00+05:30,sector_11_faridabad_hspcb,openaq,123.0,205.0,,,,,,,,,,,False
2025-12-26 19:00:00+05:30,sector_11_faridabad_hspcb,openaq,222.0,371.0,,,,,,,,,,,False
2025-12-26 20:00:00+05:30,sector_11_faridabad_hspcb,openaq,281.0,468.0,,,,,,,,,,,False
2025-12-26 21:00:00+05:30,sector_11_faridabad_hspcb,openaq,262.0,436.0,,,,,,,,,,,False
2025-12-26 22:00:00+05:30,sector_11_faridabad_hspcb,openaq,277.0,461.0,,,,,,,,,,,False
2025-12-27 01:00:00+05:30,sector_11_faridabad_hspcb,openaq,178.0,297.0,,,,,,,,,,,False
2025-12-27 03:00:00+05:30,sector_11_faridabad_hspcb,openaq,189.0,315.0,,,,,,,,,,,False
2025-12-27 04:00:00+05:30,sector_11_faridabad_hspcb,openaq,165.0,275.0,,,,,,,,,,,False
2025-12-27 05:00:00+05:30,sector_11_faridabad_hspcb,openaq,138.0,230.0,,,,,,,,,,,False
2025-12-27 06:00:00+05:30,sector_11_faridabad_hspcb,openaq,167.0,278.0,,,,,,,,,,,False
2025-12-27 07:00:00+05:30,sector_11_faridabad_hspcb,openaq,171.0,286.0,,,,,,,,,,,False
2025-12-27 08:00:00+05:30,sector_11_faridabad_hspcb,openaq,151.0,252.0,,,,,,,,,,,False
2025-12-27 09:00:00+05:30,sector_11_faridabad_hspcb,openaq,119.0,198.0,,,,,,,,,,,False
2025-12-27 10:00:00+05:30,sector_11_faridabad_hspcb,openaq,136.0,227.0,,,,,,,,,,,False
2025-12-27 12:00:00+05:30,sector_11_faridabad_hspcb,openaq,116.0,193.0,,,,,,,,,,,False
2025-12-27 13:00:00+05:30,sector_11_faridabad_hspcb,openaq,86.8,145.0,,,,,,,,,,,False
2025-12-27 14:00:00+05:30,sector_11_faridabad_hspcb,openaq,69.0,115.0,,,,,,,,,,,False
2025-12-27 15:00:00+05:30,sector_11_faridabad_hspcb,openaq,70.0,117.0,,,,,,,,,,,False
2025-12-27 21:00:00+05:30,sector_11_faridabad_hspcb,openaq,169.0,281.0,,,,,,,,,,,False
2025-12-28 01:00:00+05:30,sector_11_faridabad_hspcb,openaq,204.0,340.0,,,,,,,,,,,False
2025-12-28 02:00:00+05:30,sector_11_faridabad_hspcb,openaq,222.0,371.0,,,,,,,,,,,False
2025-12-28 03:00:00+05:30,sector_11_faridabad_hspcb,openaq,176.0,293.0,,,,,,,,,,,False
2025-12-28 04:00:00+05:30,sector_11_faridabad_hspcb,openaq,142.0,237.0,,,,,,,,,,,False
2025-12-28 05:00:00+05:30,sector_11_faridabad_hspcb,openaq,121.0,202.0,,,,,,,,,,,False
2025-12-28 06:00:00+05:30,sector_11_faridabad_hspcb,openaq,168.0,280.0,,,,,,,,,,,False
2025-12-28 07:00:00+05:30,sector_11_faridabad_hspcb,openaq,219.0,365.0,,,,,,,,,,,False
2025-12-28 08:00:00+05:30,sector_11_faridabad_hspcb,openaq,170.0,283.0,,,,,,,,,,,False
2025-12-28 09:00:00+05:30,sector_11_faridabad_hspcb,openaq,160.0,267.0,,,,,,,,,,,False
2025-12-28 10:00:00+05:30,sector_11_faridabad_hspcb,openaq,142.0,237.0,,,,,,,,,,,False
2025-12-28 11:00:00+05:30,sector_11_faridabad_hspcb,openaq,108.0,180.0,,,,,,,,,,,False
2025-12-28 12:00:00+05:30,sector_11_faridabad_hspcb,openaq,137.0,229.0,,,,,,,,,,,False
2025-12-28 13:00:00+05:30,sector_11_faridabad_hspcb,openaq,123.0,205.0,,,,,,,,,,,False
2025-12-28 14:00:00+05:30,sector_11_faridabad_hspcb,openaq,104.0,174.0,,,,,,,,,,,False
2025-12-28 15:00:00+05:30,sector_11_faridabad_hspcb,openaq,138.0,230.0,,,,,,,,,,,False
2025-12-28 18:00:00+05:30,sector_11_faridabad_hspcb,openaq,242.0,403.0,,,,,,,,,,,False
2025-12-28 19:00:00+05:30,sector_11_faridabad_hspcb,openaq,274.0,457.0,,,,,,,,,,,False
2025-12-28 20:00:00+05:30,sector_11_faridabad_hspcb,openaq,256.0,427.0,,,,,,,,,,,False
2025-12-28 21:00:00+05:30,sector_11_faridabad_hspcb,openaq,244.0,407.0,,,,,,,,,,,False
2025-12-28 22:00:00+05:30,sector_11_faridabad_hspcb,openaq,269.0,448.0,,,,,,,,,,,False
2025-12-29 01:00:00+05:30,sector_11_faridabad_hspcb,openaq,118.0,196.0,,,,,,,,,,,False
2025-12-29 02:00:00+05:30,sector_11_faridabad_hspcb,openaq,129.0,215.0,,,,,,,,,,,False
2025-12-29 03:00:00+05:30,sector_11_faridabad_hspcb,openaq,124.0,207.0,,,,,,,,,,,False
2025-12-29 04:00:00+05:30,sector_11_faridabad_hspcb,openaq,98.1,163.0,,,,,,,,,,,False
2025-12-29 05:00:00+05:30,sector_11_faridabad_hspcb,openaq,104.0,173.0,,,,,,,,,,,False
2025-12-29 06:00:00+05:30,sector_11_faridabad_hspcb,openaq,124.0,207.0,,,,,,,,,,,False
2025-12-29 07:00:00+05:30,sector_11_faridabad_hspcb,openaq,126.0,211.0,,,,,,,,,,,False
2025-12-29 08:00:00+05:30,sector_11_faridabad_hspcb,openaq,94.7,158.0,,,,,,,,,,,False
2025-12-29 09:00:00+05:30,sector_11_faridabad_hspcb,openaq,105.0,175.0,,,,,,,,,,,False
2025-12-29 10:00:00+05:30,sector_11_faridabad_hspcb,openaq,145.0,242.0,,,,,,,,,,,False
2025-12-29 11:00:00+05:30,sector_11_faridabad_hspcb,openaq,175.0,291.0,,,,,,,,,,,False
2025-12-29 12:00:00+05:30,sector_11_faridabad_hspcb,openaq,164.0,273.0,,,,,,,,,,,False
2025-12-29 13:00:00+05:30,sector_11_faridabad_hspcb,openaq,124.0,207.0,,,,,,,,,,,False
2025-12-29 14:00:00+05:30,sector_11_faridabad_hspcb,openaq,108.0,179.0,,,,,,,,,,,False
2025-12-29 15:00:00+05:30,sector_11_faridabad_hspcb,openaq,115.0,191.0,,,,,,,,,,,False
2025-12-29 16:00:00+05:30,sector_11_faridabad_hspcb,openaq,115.0,192.0,,,,,,,,,,,False
2025-12-29 17:00:00+05:30,sector_11_faridabad_hspcb,openaq,126.0,210.0,,,,,,,,,,,False
2025-12-29 18:00:00+05:30,sector_11_faridabad_hspcb,openaq,156.0,261.0,,,,,,,,,,,False
2025-12-29 19:00:00+05:30,sector_11_faridabad_hspcb,openaq,182.0,304.0,,,,,,,,,,,False
2025-12-29 20:00:00+05:30,sector_11_faridabad_hspcb,openaq,179.0,298.0,,,,,,,,,,,False
2025-12-29 21:00:00+05:30,sector_11_faridabad_hspcb,openaq,146.0,244.0,,,,,,,,,,,False
2025-12-29 22:00:00+05:30,sector_11_faridabad_hspcb,openaq,134.0,224.0,,,,,,,,,,,False
2025-12-30 02:00:00+05:30,sector_11_faridabad_hspcb,openaq,102.0,171.0,,,,,,,,,,,False
2025-12-30 03:00:00+05:30,sector_11_faridabad_hspcb,openaq,116.0,194.0,,,,,,,,,,,False
2025-12-30 04:00:00+05:30,sector_11_faridabad_hspcb,openaq,120.0,200.0,,,,,,,,,,,False
2025-12-30 05:00:00+05:30,sector_11_faridabad_hspcb,openaq,100.0,167.0,,,,,,,,,,,False
2025-12-30 06:00:00+05:30,sector_11_faridabad_hspcb,openaq,104.0,174.0,,,,,,,,,,,False
2025-12-30 07:00:00+05:30,sector_11_faridabad_hspcb,openaq,106.0,176.0,,,,,,,,,,,False
2025-12-30 09:00:00+05:30,sector_11_faridabad_hspcb,openaq,117.0,194.0,,,,,,,,,,,False
2025-12-30 10:00:00+05:30,sector_11_faridabad_hspcb,openaq,118.0,196.0,,,,,,,,,,,False
2025-12-30 11:00:00+05:30,sector_11_faridabad_hspcb,openaq,123.0,204.0,,,,,,,,,,,False
2025-12-30 14:00:00+05:30,sector_11_faridabad_hspcb,openaq,121.0,201.0,,,,,,,,,,,False
2025-12-30 15:00:00+05:30,sector_11_faridabad_hspcb,openaq,121.0,202.0,,,,,,,,,,,False
2025-12-30 16:00:00+05:30,sector_11_faridabad_hspcb,openaq,153.0,254.0,,,,,,,,,,,False
2025-12-30 17:00:00+05:30,sector_11_faridabad_hspcb,openaq,206.0,344.0,,,,,,,,,,,False
2025-12-30 18:00:00+05:30,sector_11_faridabad_hspcb,openaq,196.0,327.0,,,,,,,,,,,False
2025-12-30 19:00:00+05:30,sector_11_faridabad_hspcb,openaq,247.0,412.0,,,,,,,,,,,False
2025-12-30 20:00:00+05:30,sector_11_faridabad_hspcb,openaq,280.0,466.0,,,,,,,,,,,False
2025-12-30 21:00:00+05:30,sector_11_faridabad_hspcb,openaq,265.0,442.0,,,,,,,,,,,False
2025-12-30 22:00:00+05:30,sector_11_faridabad_hspcb,openaq,243.0,405.0,,,,,,,,,,,False
2025-12-31 01:00:00+05:30,sector_11_faridabad_hspcb,openaq,65.0,108.0,,,,,,,,,,,False
2025-12-31 02:00:00+05:30,sector_11_faridabad_hspcb,openaq,98.9,165.0,,,,,,,,,,,False
2025-12-31 04:00:00+05:30,sector_11_faridabad_hspcb,openaq,78.2,130.0,,,,,,,,,,,False
2025-12-31 05:00:00+05:30,sector_11_faridabad_hspcb,openaq,67.1,112.0,,,,,,,,,,,False
2025-12-31 06:00:00+05:30,sector_11_faridabad_hspcb,openaq,55.7,92.8,,,,,,,,,,,False
2025-12-31 07:00:00+05:30,sector_11_faridabad_hspcb,openaq,66.6,111.0,,,,,,,,,,,False
2025-12-31 08:00:00+05:30,sector_11_faridabad_hspcb,openaq,75.8,126.0,,,,,,,,,,,False
2025-12-31 09:00:00+05:30,sector_11_faridabad_hspcb,openaq,80.9,135.0,,,,,,,,,,,False
2025-12-31 10:00:00+05:30,sector_11_faridabad_hspcb,openaq,74.1,124.0,,,,,,,,,,,False
2025-12-31 11:00:00+05:30,sector_11_faridabad_hspcb,openaq,69.0,115.0,,,,,,,,,,,False
2025-12-31 12:00:00+05:30,sector_11_faridabad_hspcb,openaq,75.9,126.0,,,,,,,,,,,False
2025-12-31 13:00:00+05:30,sector_11_faridabad_hspcb,openaq,80.1,133.0,,,,,,,,,,,False
2025-12-31 14:00:00+05:30,sector_11_faridabad_hspcb,openaq,79.0,132.0,,,,,,,,,,,False
2025-12-31 15:00:00+05:30,sector_11_faridabad_hspcb,openaq,88.8,148.0,,,,,,,,,,,False
2025-12-31 16:00:00+05:30,sector_11_faridabad_hspcb,openaq,109.0,182.0,,,,,,,,,,,False
2025-12-31 17:00:00+05:30,sector_11_faridabad_hspcb,openaq,122.0,203.0,,,,,,,,,,,False
2025-12-31 18:00:00+05:30,sector_11_faridabad_hspcb,openaq,136.0,227.0,,,,,,,,,,,False
2025-12-31 19:00:00+05:30,sector_11_faridabad_hspcb,openaq,166.0,276.0,,,,,,,,,,,False
2025-12-31 20:00:00+05:30,sector_11_faridabad_hspcb,openaq,171.0,284.0,,,,,,,,,,,False
2025-12-31 21:00:00+05:30,sector_11_faridabad_hspcb,openaq,160.0,266.0,,,,,,,,,,,False
2025-12-31 22:00:00+05:30,sector_11_faridabad_hspcb,openaq,141.0,234.0,,,,,,,,,,,False
2026-01-01 01:00:00+05:30,sector_11_faridabad_hspcb,openaq,100.0,167.0,,,,,,,,,,,False
2026-01-01 02:00:00+05:30,sector_11_faridabad_hspcb,openaq,118.0,196.0,,,,,,,,,,,False
2026-01-01 03:00:00+05:30,sector_11_faridabad_hspcb,openaq,120.0,201.0,,,,,,,,,,,False
2026-01-01 04:00:00+05:30,sector_11_faridabad_hspcb,openaq,115.0,191.0,,,,,,,,,,,False
2026-01-01 05:00:00+05:30,sector_11_faridabad_hspcb,openaq,105.0,175.0,,,,,,,,,,,False
2026-01-01 06:00:00+05:30,sector_11_faridabad_hspcb,openaq,104.0,173.0,,,,,,,,,,,False
2026-01-01 07:00:00+05:30,sector_11_faridabad_hspcb,openaq,99.0,165.0,,,,,,,,,,,False
2026-01-01 08:00:00+05:30,sector_11_faridabad_hspcb,openaq,91.6,153.0,,,,,,,,,,,False
2026-01-01 09:00:00+05:30,sector_11_faridabad_hspcb,openaq,92.3,154.0,,,,,,,,,,,False
2026-01-01 10:00:00+05:30,sector_11_faridabad_hspcb,openaq,84.8,141.0,,,,,,,,,,,False
2026-01-01 11:00:00+05:30,sector_11_faridabad_hspcb,openaq,90.7,151.0,,,,,,,,,,,False
2026-01-01 12:00:00+05:30,sector_11_faridabad_hspcb,openaq,92.8,155.0,,,,,,,,,,,False
2026-01-01 13:00:00+05:30,sector_11_faridabad_hspcb,openaq,105.0,174.0,,,,,,,,,,,False
2026-01-01 14:00:00+05:30,sector_11_faridabad_hspcb,openaq,104.0,174.0,,,,,,,,,,,False
2026-01-01 15:00:00+05:30,sector_11_faridabad_hspcb,openaq,111.0,186.0,,,,,,,,,,,False
2026-01-01 16:00:00+05:30,sector_11_faridabad_hspcb,openaq,125.0,208.0,,,,,,,,,,,False
2026-01-01 17:00:00+05:30,sector_11_faridabad_hspcb,openaq,131.0,218.0,,,,,,,,,,,False
2026-01-01 18:00:00+05:30,sector_11_faridabad_hspcb,openaq,135.0,224.0,,,,,,,,,,,False
2026-01-01 19:00:00+05:30,sector_11_faridabad_hspcb,openaq,153.0,255.0,,,,,,,,,,,False
2026-01-01 20:00:00+05:30,sector_11_faridabad_hspcb,openaq,165.0,275.0,,,,,,,,,,,False
2026-01-01 21:00:00+05:30,sector_11_faridabad_hspcb,openaq,162.0,270.0,,,,,,,,,,,False
2026-01-01 22:00:00+05:30,sector_11_faridabad_hspcb,openaq,153.0,255.0,,,,,,,,,,,False
2026-01-02 01:00:00+05:30,sector_11_faridabad_hspcb,openaq,93.9,156.0,,,,,,,,,,,False
2026-01-02 02:00:00+05:30,sector_11_faridabad_hspcb,openaq,63.2,105.0,,,,,,,,,,,False
2026-01-02 03:00:00+05:30,sector_11_faridabad_hspcb,openaq,45.0,75.0,,,,,,,,,,,False
2026-01-02 04:00:00+05:30,sector_11_faridabad_hspcb,openaq,40.0,66.7,,,,,,,,,,,False
2026-01-02 05:00:00+05:30,sector_11_faridabad_hspcb,openaq,39.6,66.0,,,,,,,,,,,False
2026-01-02 06:00:00+05:30,sector_11_faridabad_hspcb,openaq,34.6,57.5,,,,,,,,,,,False
2026-01-02 07:00:00+05:30,sector_11_faridabad_hspcb,openaq,46.5,77.5,,,,,,,,,,,False
2026-01-02 08:00:00+05:30,sector_11_faridabad_hspcb,openaq,65.7,109.0,,,,,,,,,,,False
2026-01-02 09:00:00+05:30,sector_11_faridabad_hspcb,openaq,80.0,133.0,,,,,,,,,,,False
2026-01-02 10:00:00+05:30,sector_11_faridabad_hspcb,openaq,68.4,114.0,,,,,,,,,,,False
2026-01-02 11:00:00+05:30,sector_11_faridabad_hspcb,openaq,52.2,87.0,,,,,,,,,,,False
2026-01-02 16:00:00+05:30,sector_11_faridabad_hspcb,openaq,34.9,58.2,,,,,,,,,,,False
2026-01-02 17:00:00+05:30,sector_11_faridabad_hspcb,openaq,41.5,69.2,,,,,,,,,,,False
2026-01-03 15:00:00+05:30,sector_11_faridabad_hspcb,openaq,46.0,76.7,,,,,,,,,,,False
2026-01-03 16:00:00+05:30,sector_11_faridabad_hspcb,openaq,46.0,76.7,,,,,,,,,,,False
2026-01-03 17:00:00+05:30,sector_11_faridabad_hspcb,openaq,46.0,76.7,,,,,,,,,,,False
2026-01-03 18:00:00+05:30,sector_11_faridabad_hspcb,openaq,46.0,76.7,,,,,,,,,,,False
2026-01-03 19:00:00+05:30,sector_11_faridabad_hspcb,openaq,52.8,150.0,,,,,,,,,,,False
2026-01-03 20:00:00+05:30,sector_11_faridabad_hspcb,openaq,60.7,192.0,,,,,,,,,,,False
2026-01-03 21:00:00+05:30,sector_11_faridabad_hspcb,openaq,118.0,226.0,,,,,,,,,,,False
2026-01-03 22:00:00+05:30,sector_11_faridabad_hspcb,openaq,131.0,218.0,,,,,,,,,,,False
2026-01-04 01:00:00+05:30,sector_11_faridabad_hspcb,openaq,109.0,181.0,,,,,,,,,,,False
2026-01-04 02:00:00+05:30,sector_11_faridabad_hspcb,openaq,103.0,172.0,,,,,,,,,,,False
2026-01-04 03:00:00+05:30,sector_11_faridabad_hspcb,openaq,108.0,180.0,,,,,,,,,,,False
2026-01-04 04:00:00+05:30,sector_11_faridabad_hspcb,openaq,112.0,186.0,,,,,,,,,,,False
2026-01-04 05:00:00+05:30,sector_11_faridabad_hspcb,openaq,125.0,208.0,,,,,,,,,,,False
2026-01-04 06:00:00+05:30,sector_11_faridabad_hspcb,openaq,127.0,212.0,,,,,,,,,,,False
2026-01-04 07:00:00+05:30,sector_11_faridabad_hspcb,openaq,124.0,207.0,,,,,,,,,,,False
2026-01-04 08:00:00+05:30,sector_11_faridabad_hspcb,openaq,132.0,219.0,,,,,,,,,,,False
2026-01-04 09:00:00+05:30,sector_11_faridabad_hspcb,openaq,131.0,218.0,,,,,,,,,,,False
2026-01-04 10:00:00+05:30,sector_11_faridabad_hspcb,openaq,107.0,179.0,,,,,,,,,,,False
2026-01-04 11:00:00+05:30,sector_11_faridabad_hspcb,openaq,90.2,150.0,,,,,,,,,,,False
2026-01-04 12:00:00+05:30,sector_11_faridabad_hspcb,openaq,72.2,120.0,,,,,,,,,,,False
2026-01-04 13:00:00+05:30,sector_11_faridabad_hspcb,openaq,48.7,81.2,,,,,,,,,,,False
2026-01-04 14:00:00+05:30,sector_11_faridabad_hspcb,openaq,50.0,83.3,,,,,,,,,,,False
2026-01-04 15:00:00+05:30,sector_11_faridabad_hspcb,openaq,55.0,91.6,,,,,,,,,,,False
2026-01-04 16:00:00+05:30,sector_11_faridabad_hspcb,openaq,61.8,103.0,,,,,,,,,,,False
2026-01-04 17:00:00+05:30,sector_11_faridabad_hspcb,openaq,58.0,96.6,,,,,,,,,,,False
2026-01-04 18:00:00+05:30,sector_11_faridabad_hspcb,openaq,72.7,121.0,,,,,,,,,,,False
2026-01-04 19:00:00+05:30,sector_11_faridabad_hspcb,openaq,89.5,149.0,,,,,,,,,,,False
2026-01-04 20:00:00+05:30,sector_11_faridabad_hspcb,openaq,93.3,155.0,,,,,,,,,,,False
2026-01-05 01:00:00+05:30,sector_11_faridabad_hspcb,openaq,64.5,107.0,,,,,,,,,,,False
2026-01-05 02:00:00+05:30,sector_11_faridabad_hspcb,openaq,59.4,98.9,,,,,,,,,,,False
2026-01-05 03:00:00+05:30,sector_11_faridabad_hspcb,openaq,59.5,99.1,,,,,,,,,,,False
2026-01-05 04:00:00+05:30,sector_11_faridabad_hspcb,openaq,63.0,105.0,,,,,,,,,,,False
2026-01-05 05:00:00+05:30,sector_11_faridabad_hspcb,openaq,54.6,90.9,,,,,,,,,,,False
2026-01-05 06:00:00+05:30,sector_11_faridabad_hspcb,openaq,51.4,85.7,,,,,,,,,,,False
2026-01-05 07:00:00+05:30,sector_11_faridabad_hspcb,openaq,52.8,87.9,,,,,,,,,,,False
2026-01-05 08:00:00+05:30,sector_11_faridabad_hspcb,openaq,51.3,85.6,,,,,,,,,,,False
2026-01-05 09:00:00+05:30,sector_11_faridabad_hspcb,openaq,50.4,84.1,,,,,,,,,,,False
2026-01-05 10:00:00+05:30,sector_11_faridabad_hspcb,openaq,53.8,89.6,,,,,,,,,,,False
2026-01-05 11:00:00+05:30,sector_11_faridabad_hspcb,openaq,59.5,99.3,,,,,,,,,,,False
2026-01-05 12:00:00+05:30,sector_11_faridabad_hspcb,openaq,63.2,105.0,,,,,,,,,,,False
2026-01-05 13:00:00+05:30,sector_11_faridabad_hspcb,openaq,63.8,106.0,,,,,,,,,,,False
2026-01-05 14:00:00+05:30,sector_11_faridabad_hspcb,openaq,70.5,118.0,,,,,,,,,,,False
2026-01-05 15:00:00+05:30,sector_11_faridabad_hspcb,openaq,76.9,128.0,,,,,,,,,,,False
2026-01-05 16:00:00+05:30,sector_11_faridabad_hspcb,openaq,80.0,133.0,,,,,,,,,,,False
2026-01-05 17:00:00+05:30,sector_11_faridabad_hspcb,openaq,77.9,130.0,,,,,,,,,,,False
2026-01-05 18:00:00+05:30,sector_11_faridabad_hspcb,openaq,85.3,142.0,,,,,,,,,,,False
2026-01-05 19:00:00+05:30,sector_11_faridabad_hspcb,openaq,95.2,159.0,,,,,,,,,,,False
2026-01-05 20:00:00+05:30,sector_11_faridabad_hspcb,openaq,112.0,186.0,,,,,,,,,,,False
2026-01-05 21:00:00+05:30,sector_11_faridabad_hspcb,openaq,128.0,213.0,,,,,,,,,,,False
2026-01-05 22:00:00+05:30,sector_11_faridabad_hspcb,openaq,131.0,218.0,,,,,,,,,,,False
2026-01-06 01:00:00+05:30,sector_11_faridabad_hspcb,openaq,113.0,188.0,,,,,,,,,,,False
2026-01-06 02:00:00+05:30,sector_11_faridabad_hspcb,openaq,108.0,180.0,,,,,,,,,,,False
2026-01-06 03:00:00+05:30,sector_11_faridabad_hspcb,openaq,102.0,170.0,,,,,,,,,,,False
2026-01-06 04:00:00+05:30,sector_11_faridabad_hspcb,openaq,105.0,175.0,,,,,,,,,,,False
2026-01-06 05:00:00+05:30,sector_11_faridabad_hspcb,openaq,83.3,139.0,,,,,,,,,,,False
2026-01-06 06:00:00+05:30,sector_11_faridabad_hspcb,openaq,79.1,132.0,,,,,,,,,,,False
2026-01-06 07:00:00+05:30,sector_11_faridabad_hspcb,openaq,81.7,136.0,,,,,,,,,,,False
2026-01-06 08:00:00+05:30,sector_11_faridabad_hspcb,openaq,85.2,142.0,,,,,,,,,,,False
2026-01-06 09:00:00+05:30,sector_11_faridabad_hspcb,openaq,87.5,146.0,,,,,,,,,,,False
2026-01-06 10:00:00+05:30,sector_11_faridabad_hspcb,openaq,93.0,155.0,,,,,,,,,,,False
2026-01-06 11:00:00+05:30,sector_11_faridabad_hspcb,openaq,87.3,145.0,,,,,,,,,,,False
2026-01-06 12:00:00+05:30,sector_11_faridabad_hspcb,openaq,84.1,140.0,,,,,,,,,,,False
2026-01-06 13:00:00+05:30,sector_11_faridabad_hspcb,openaq,85.1,142.0,,,,,,,,,,,False
2026-01-06 14:00:00+05:30,sector_11_faridabad_hspcb,openaq,85.2,142.0,,,,,,,,,,,False
2026-01-06 15:00:00+05:30,sector_11_faridabad_hspcb,openaq,83.7,140.0,,,,,,,,,,,False
2026-01-06 16:00:00+05:30,sector_11_faridabad_hspcb,openaq,85.5,143.0,,,,,,,,,,,False
2026-01-06 17:00:00+05:30,sector_11_faridabad_hspcb,openaq,84.7,141.0,,,,,,,,,,,False
2026-01-06 18:00:00+05:30,sector_11_faridabad_hspcb,openaq,100.0,167.0,,,,,,,,,,,False
2026-01-06 19:00:00+05:30,sector_11_faridabad_hspcb,openaq,116.0,194.0,,,,,,,,,,,False
2026-01-06 20:00:00+05:30,sector_11_faridabad_hspcb,openaq,131.0,218.0,,,,,,,,,,,False
2026-01-06 21:00:00+05:30,sector_11_faridabad_hspcb,openaq,129.0,214.0,,,,,,,,,,,False
2026-01-06 22:00:00+05:30,sector_11_faridabad_hspcb,openaq,127.0,211.0,,,,,,,,,,,False
2026-01-07 01:00:00+05:30,sector_11_faridabad_hspcb,openaq,104.0,173.0,,,,,,,,,,,False
2026-01-07 02:00:00+05:30,sector_11_faridabad_hspcb,openaq,93.5,156.0,,,,,,,,,,,False
2026-01-07 03:00:00+05:30,sector_11_faridabad_hspcb,openaq,86.5,144.0,,,,,,,,,,,False
2026-01-07 04:00:00+05:30,sector_11_faridabad_hspcb,openaq,81.0,135.0,,,,,,,,,,,False
2026-01-07 05:00:00+05:30,sector_11_faridabad_hspcb,openaq,74.7,124.0,,,,,,,,,,,False
2026-01-07 06:00:00+05:30,sector_11_faridabad_hspcb,openaq,73.3,122.0,,,,,,,,,,,False
2026-01-07 07:00:00+05:30,sector_11_faridabad_hspcb,openaq,69.8,116.0,,,,,,,,,,,False
2026-01-07 08:00:00+05:30,sector_11_faridabad_hspcb,openaq,72.8,121.0,,,,,,,,,,,False
2026-01-07 09:00:00+05:30,sector_11_faridabad_hspcb,openaq,72.1,120.0,,,,,,,,,,,False
2026-01-07 10:00:00+05:30,sector_11_faridabad_hspcb,openaq,74.0,123.0,,,,,,,,,,,False
2026-01-07 11:00:00+05:30,sector_11_faridabad_hspcb,openaq,76.2,127.0,,,,,,,,,,,False
2026-01-07 12:00:00+05:30,sector_11_faridabad_hspcb,openaq,0.0,0.0,,,,,,,,,,,False
2026-01-07 13:00:00+05:30,sector_11_faridabad_hspcb,openaq,0.0,0.0,,,,,,,,,,,False
2026-01-07 14:00:00+05:30,sector_11_faridabad_hspcb,openaq,0.0,0.0,,,,,,,,,,,False
2026-01-07 15:00:00+05:30,sector_11_faridabad_hspcb,openaq,0.0,0.0,,,,,,,,,,,False
2026-01-07 16:00:00+05:30,sector_11_faridabad_hspcb,openaq,0.0,0.0,,,,,,,,,,,False
2026-01-07 18:00:00+05:30,sector_11_faridabad_hspcb,openaq,112.0,187.0,,,,,,,,,,,False
2026-01-07 19:00:00+05:30,sector_11_faridabad_hspcb,openaq,130.0,217.0,,,,,,,,,,,False
2026-01-07 20:00:00+05:30,sector_11_faridabad_hspcb,openaq,134.0,223.0,,,,,,,,,,,False
2026-01-07 21:00:00+05:30,sector_11_faridabad_hspcb,openaq,134.0,223.0,,,,,,,,,,,False
2026-01-07 22:00:00+05:30,sector_11_faridabad_hspcb,openaq,150.0,250.0,,,,,,,,,,,False
2026-01-08 01:00:00+05:30,sector_11_faridabad_hspcb,openaq,132.0,220.0,,,,,,,,,,,False
2026-01-08 02:00:00+05:30,sector_11_faridabad_hspcb,openaq,108.0,180.0,,,,,,,,,,,False
2026-01-08 03:00:00+05:30,sector_11_faridabad_hspcb,openaq,82.0,137.0,,,,,,,,,,,False
2026-01-08 04:00:00+05:30,sector_11_faridabad_hspcb,openaq,66.5,109.0,,,,,,,,,,,False
2026-01-08 05:00:00+05:30,sector_11_faridabad_hspcb,openaq,54.7,91.1,,,,,,,,,,,False
2026-01-08 06:00:00+05:30,sector_11_faridabad_hspcb,openaq,51.7,86.2,,,,,,,,,,,False
2026-01-08 07:00:00+05:30,sector_11_faridabad_hspcb,openaq,56.3,93.8,,,,,,,,,,,False
2026-01-08 08:00:00+05:30,sector_11_faridabad_hspcb,openaq,59.9,99.8,,,,,,,,,,,False
2026-01-08 09:00:00+05:30,sector_11_faridabad_hspcb,openaq,63.4,106.0,,,,,,,,,,,False
2026-01-08 10:00:00+05:30,sector_11_faridabad_hspcb,openaq,88.2,147.0,,,,,,,,,,,False
2026-01-08 11:00:00+05:30,sector_11_faridabad_hspcb,openaq,97.0,162.0,,,,,,,,,,,False
2026-01-08 12:00:00+05:30,sector_11_faridabad_hspcb,openaq,97.8,163.0,,,,,,,,,,,False
2026-01-08 13:00:00+05:30,sector_11_faridabad_hspcb,openaq,94.0,157.0,,,,,,,,,,,False
2026-01-08 14:00:00+05:30,sector_11_faridabad_hspcb,openaq,97.1,162.0,,,,,,,,,,,False
2026-01-08 16:00:00+05:30,sector_11_faridabad_hspcb,openaq,123.0,204.0,,,,,,,,,,,False
2026-01-08 17:00:00+05:30,sector_11_faridabad_hspcb,openaq,99.9,163.0,,,,,,,,,,,False
2026-01-08 18:00:00+05:30,sector_11_faridabad_hspcb,openaq,72.6,121.0,,,,,,,,,,,False
2026-01-08 19:00:00+05:30,sector_11_faridabad_hspcb,openaq,55.5,92.5,,,,,,,,,,,False
2026-01-08 20:00:00+05:30,sector_11_faridabad_hspcb,openaq,42.8,70.0,,,,,,,,,,,False
2026-01-08 21:00:00+05:30,sector_11_faridabad_hspcb,openaq,29.2,48.7,,,,,,,,,,,False
2026-01-08 22:00:00+05:30,sector_11_faridabad_hspcb,openaq,20.8,35.6,,,,,,,,,,,False
2026-01-09 01:00:00+05:30,sector_11_faridabad_hspcb,openaq,11.7,19.5,,,,,,,,,,,False
2026-01-09 02:00:00+05:30,sector_11_faridabad_hspcb,openaq,7.53,12.5,,,,,,,,,,,False
2026-01-09 03:00:00+05:30,sector_11_faridabad_hspcb,openaq,4.18,6.95,,,,,,,,,,,False
2026-01-09 04:00:00+05:30,sector_11_faridabad_hspcb,openaq,9.18,15.3,,,,,,,,,,,False
2026-01-09 05:00:00+05:30,sector_11_faridabad_hspcb,openaq,11.6,19.4,,,,,,,,,,,False
2026-01-09 06:00:00+05:30,sector_11_faridabad_hspcb,openaq,8.73,14.6,,,,,,,,,,,False
2026-01-09 07:00:00+05:30,sector_11_faridabad_hspcb,openaq,7.6,12.7,,,,,,,,,,,False
2026-01-09 08:00:00+05:30,sector_11_faridabad_hspcb,openaq,6.6,11.0,,,,,,,,,,,False
2026-01-09 09:00:00+05:30,sector_11_faridabad_hspcb,openaq,12.1,20.2,,,,,,,,,,,False
2026-01-09 12:00:00+05:30,sector_11_faridabad_hspcb,openaq,62.6,199.0,,,,,,,,,,,False
2026-01-09 13:00:00+05:30,sector_11_faridabad_hspcb,openaq,57.7,182.0,,,,,,,,,,,False
2026-01-09 14:00:00+05:30,sector_11_faridabad_hspcb,openaq,61.7,196.0,,,,,,,,,,,False
2026-01-09 15:00:00+05:30,sector_11_faridabad_hspcb,openaq,58.6,185.0,,,,,,,,,,,False
2026-01-09 16:00:00+05:30,sector_11_faridabad_hspcb,openaq,62.7,199.0,,,,,,,,,,,False
2026-01-09 17:00:00+05:30,sector_11_faridabad_hspcb,openaq,59.7,189.0,,,,,,,,,,,False
2026-01-09 18:00:00+05:30,sector_11_faridabad_hspcb,openaq,60.5,192.0,,,,,,,,,,,False
2026-01-09 19:00:00+05:30,sector_11_faridabad_hspcb,openaq,60.6,192.0,,,,,,,,,,,False
2026-01-09 20:00:00+05:30,sector_11_faridabad_hspcb,openaq,58.3,184.0,,,,,,,,,,,False
2026-01-09 21:00:00+05:30,sector_11_faridabad_hspcb,openaq,56.5,178.0,,,,,,,,,,,False
2026-01-09 22:00:00+05:30,sector_11_faridabad_hspcb,openaq,59.2,187.0,,,,,,,,,,,False
2026-01-10 01:00:00+05:30,sector_11_faridabad_hspcb,openaq,61.0,193.0,,,,,,,,,,,False
2026-01-10 02:00:00+05:30,sector_11_faridabad_hspcb,openaq,59.7,189.0,,,,,,,,,,,False
2026-01-10 03:00:00+05:30,sector_11_faridabad_hspcb,openaq,62.3,198.0,,,,,,,,,,,False
2026-01-10 04:00:00+05:30,sector_11_faridabad_hspcb,openaq,59.6,189.0,,,,,,,,,,,False
2026-01-10 05:00:00+05:30,sector_11_faridabad_hspcb,openaq,60.8,193.0,,,,,,,,,,,False
2026-01-10 06:00:00+05:30,sector_11_faridabad_hspcb,openaq,58.9,186.0,,,,,,,,,,,False
2026-01-10 07:00:00+05:30,sector_11_faridabad_hspcb,openaq,62.6,199.0,,,,,,,,,,,False
2026-01-10 08:00:00+05:30,sector_11_faridabad_hspcb,openaq,59.4,188.0,,,,,,,,,,,False
2026-01-10 09:00:00+05:30,sector_11_faridabad_hspcb,openaq,58.9,186.0,,,,,,,,,,,False
2026-01-10 10:00:00+05:30,sector_11_faridabad_hspcb,openaq,62.2,197.0,,,,,,,,,,,False
2026-01-10 11:00:00+05:30,sector_11_faridabad_hspcb,openaq,59.6,189.0,,,,,,,,,,,False
2026-01-10 13:00:00+05:30,sector_11_faridabad_hspcb,openaq,70.7,152.0,,,,,,,,,,,False
2026-01-10 15:00:00+05:30,sector_11_faridabad_hspcb,openaq,75.2,137.0,,,,,,,,,,,False
2026-01-10 16:00:00+05:30,sector_11_faridabad_hspcb,openaq,76.1,138.0,,,,,,,,,,,False
2026-01-10 17:00:00+05:30,sector_11_faridabad_hspcb,openaq,71.6,130.0,,,,,,,,,,,False
2026-01-20 21:00:00+05:30,sector_11_faridabad_hspcb,openaq,277.0,462.0,,,,,,,,,,,False
2026-01-20 22:00:00+05:30,sector_11_faridabad_hspcb,openaq,200.0,333.0,,,,,,,,,,,False
2026-01-21 01:00:00+05:30,sector_11_faridabad_hspcb,openaq,158.0,263.0,,,,,,,,,,,False
2026-01-21 02:00:00+05:30,sector_11_faridabad_hspcb,openaq,137.0,228.0,,,,,,,,,,,False
2026-01-21 03:00:00+05:30,sector_11_faridabad_hspcb,openaq,136.0,226.0,,,,,,,,,,,False
2026-01-21 04:00:00+05:30,sector_11_faridabad_hspcb,openaq,117.0,195.0,,,,,,,,,,,False
2026-01-21 05:00:00+05:30,sector_11_faridabad_hspcb,openaq,110.0,184.0,,,,,,,,,,,False
2026-01-21 06:00:00+05:30,sector_11_faridabad_hspcb,openaq,118.0,197.0,,,,,,,,,,,False
2026-01-21 07:00:00+05:30,sector_11_faridabad_hspcb,openaq,173.0,289.0,,,,,,,,,,,False
2026-01-21 08:00:00+05:30,sector_11_faridabad_hspcb,openaq,218.0,363.0,,,,,,,,,,,False
2026-01-21 09:00:00+05:30,sector_11_faridabad_hspcb,openaq,133.0,270.0,,,,,,,,,,,False
2026-01-21 10:00:00+05:30,sector_11_faridabad_hspcb,openaq,18.9,43.4,,,,,,,,,,,False
2026-01-21 11:00:00+05:30,sector_11_faridabad_hspcb,openaq,100.0,167.0,,,,,,,,,,,False
2026-01-21 12:00:00+05:30,sector_11_faridabad_hspcb,openaq,85.4,142.0,,,,,,,,,,,False
2026-01-21 13:00:00+05:30,sector_11_faridabad_hspcb,openaq,72.1,120.0,,,,,,,,,,,False
2026-01-21 14:00:00+05:30,sector_11_faridabad_hspcb,openaq,66.1,110.0,,,,,,,,,,,False
2026-01-21 15:00:00+05:30,sector_11_faridabad_hspcb,openaq,47.5,79.2,,,,,,,,,,,False
2026-01-21 17:00:00+05:30,sector_11_faridabad_hspcb,openaq,51.7,86.1,,,,,,,,,,,False
2026-01-21 18:00:00+05:30,sector_11_faridabad_hspcb,openaq,101.0,168.0,,,,,,,,,,,False
2026-01-21 19:00:00+05:30,sector_11_faridabad_hspcb,openaq,121.0,202.0,,,,,,,,,,,False
2026-01-21 20:00:00+05:30,sector_11_faridabad_hspcb,openaq,181.0,302.0,,,,,,,,,,,False
2026-01-21 21:00:00+05:30,sector_11_faridabad_hspcb,openaq,167.0,279.0,,,,,,,,,,,False
2026-01-21 22:00:00+05:30,sector_11_faridabad_hspcb,openaq,177.0,295.0,,,,,,,,,,,False
2026-01-22 01:00:00+05:30,sector_11_faridabad_hspcb,openaq,192.0,320.0,,,,,,,,,,,False
2026-01-22 02:00:00+05:30,sector_11_faridabad_hspcb,openaq,151.0,252.0,,,,,,,,,,,False
2026-01-22 03:00:00+05:30,sector_11_faridabad_hspcb,openaq,137.0,228.0,,,,,,,,,,,False
2026-01-22 04:00:00+05:30,sector_11_faridabad_hspcb,openaq,107.0,178.0,,,,,,,,,,,False
2026-01-22 05:00:00+05:30,sector_11_faridabad_hspcb,openaq,82.3,137.0,,,,,,,,,,,False
2026-01-22 06:00:00+05:30,sector_11_faridabad_hspcb,openaq,94.5,157.0,,,,,,,,,,,False
2026-01-22 07:00:00+05:30,sector_11_faridabad_hspcb,openaq,194.0,323.0,,,,,,,,,,,False
2026-01-22 08:00:00+05:30,sector_11_faridabad_hspcb,openaq,246.0,410.0,,,,,,,,,,,False
2026-01-22 09:00:00+05:30,sector_11_faridabad_hspcb,openaq,156.0,260.0,,,,,,,,,,,False
2026-01-22 10:00:00+05:30,sector_11_faridabad_hspcb,openaq,172.0,286.0,,,,,,,,,,,False
2026-01-22 11:00:00+05:30,sector_11_faridabad_hspcb,openaq,177.0,294.0,,,,,,,,,,,False
2026-01-22 12:00:00+05:30,sector_11_faridabad_hspcb,openaq,126.0,210.0,,,,,,,,,,,False
2026-01-22 13:00:00+05:30,sector_11_faridabad_hspcb,openaq,96.5,161.0,,,,,,,,,,,False
2026-01-22 14:00:00+05:30,sector_11_faridabad_hspcb,openaq,69.0,115.0,,,,,,,,,,,False
2026-01-22 17:00:00+05:30,sector_11_faridabad_hspcb,openaq,91.4,152.0,,,,,,,,,,,False
2026-01-22 18:00:00+05:30,sector_11_faridabad_hspcb,openaq,120.0,200.0,,,,,,,,,,,False
2026-01-22 19:00:00+05:30,sector_11_faridabad_hspcb,openaq,147.0,245.0,,,,,,,,,,,False
2026-01-22 20:00:00+05:30,sector_11_faridabad_hspcb,openaq,160.0,267.0,,,,,,,,,,,False
2026-01-22 21:00:00+05:30,sector_11_faridabad_hspcb,openaq,118.0,197.0,,,,,,,,,,,False
2026-01-22 22:00:00+05:30,sector_11_faridabad_hspcb,openaq,96.9,161.0,,,,,,,,,,,False
2026-01-23 01:00:00+05:30,sector_11_faridabad_hspcb,openaq,76.4,127.0,,,,,,,,,,,False
2026-01-23 02:00:00+05:30,sector_11_faridabad_hspcb,openaq,70.2,117.0,,,,,,,,,,,False
2026-01-23 03:00:00+05:30,sector_11_faridabad_hspcb,openaq,63.3,105.0,,,,,,,,,,,False
2026-01-23 04:00:00+05:30,sector_11_faridabad_hspcb,openaq,67.3,112.0,,,,,,,,,,,False
2026-01-23 05:00:00+05:30,sector_11_faridabad_hspcb,openaq,73.2,122.0,,,,,,,,,,,False
2026-01-23 06:00:00+05:30,sector_11_faridabad_hspcb,openaq,75.3,125.0,,,,,,,,,,,False
2026-01-23 07:00:00+05:30,sector_11_faridabad_hspcb,openaq,81.4,136.0,,,,,,,,,,,False
2026-01-23 08:00:00+05:30,sector_11_faridabad_hspcb,openaq,93.4,156.0,,,,,,,,,,,False
2026-01-23 11:00:00+05:30,sector_11_faridabad_hspcb,openaq,115.0,192.0,,,,,,,,,,,False
2026-01-23 12:00:00+05:30,sector_11_faridabad_hspcb,openaq,111.0,185.0,,,,,,,,,,,False
2026-01-23 15:00:00+05:30,sector_11_faridabad_hspcb,openaq,46.0,76.6,,,,,,,,,,,False
2026-01-23 16:00:00+05:30,sector_11_faridabad_hspcb,openaq,74.6,124.0,,,,,,,,,,,False
2026-01-23 17:00:00+05:30,sector_11_faridabad_hspcb,openaq,100.0,167.0,,,,,,,,,,,False
2026-01-23 18:00:00+05:30,sector_11_faridabad_hspcb,openaq,102.0,171.0,,,,,,,,,,,False
2026-01-23 19:00:00+05:30,sector_11_faridabad_hspcb,openaq,113.0,189.0,,,,,,,,,,,False
2026-01-23 20:00:00+05:30,sector_11_faridabad_hspcb,openaq,104.0,174.0,,,,,,,,,,,False
2026-01-23 21:00:00+05:30,sector_11_faridabad_hspcb,openaq,97.0,162.0,,,,,,,,,,,False
2026-01-23 22:00:00+05:30,sector_11_faridabad_hspcb,openaq,94.8,158.0,,,,,,,,,,,False
2026-01-24 01:00:00+05:30,sector_11_faridabad_hspcb,openaq,100.0,167.0,,,,,,,,,,,False
2026-01-24 02:00:00+05:30,sector_11_faridabad_hspcb,openaq,97.9,163.0,,,,,,,,,,,False
2026-01-24 03:00:00+05:30,sector_11_faridabad_hspcb,openaq,101.0,169.0,,,,,,,,,,,False
2026-01-24 04:00:00+05:30,sector_11_faridabad_hspcb,openaq,68.2,139.0,,,,,,,,,,,False
2026-01-24 05:00:00+05:30,sector_11_faridabad_hspcb,openaq,0.0,0.0,,,,,,,,,,,False
2026-01-24 06:00:00+05:30,sector_11_faridabad_hspcb,openaq,7.88,18.2,,,,,,,,,,,False
2026-01-24 07:00:00+05:30,sector_11_faridabad_hspcb,openaq,48.2,80.3,,,,,,,,,,,False
2026-01-24 08:00:00+05:30,sector_11_faridabad_hspcb,openaq,68.5,114.0,,,,,,,,,,,False
2026-01-24 09:00:00+05:30,sector_11_faridabad_hspcb,openaq,68.7,115.0,,,,,,,,,,,False
2026-01-24 10:00:00+05:30,sector_11_faridabad_hspcb,openaq,75.5,126.0,,,,,,,,,,,False
2026-01-24 11:00:00+05:30,sector_11_faridabad_hspcb,openaq,76.0,127.0,,,,,,,,,,,False
2026-01-24 12:00:00+05:30,sector_11_faridabad_hspcb,openaq,74.9,125.0,,,,,,,,,,,False
2026-01-24 13:00:00+05:30,sector_11_faridabad_hspcb,openaq,73.0,122.0,,,,,,,,,,,False
2026-01-24 14:00:00+05:30,sector_11_faridabad_hspcb,openaq,62.2,104.0,,,,,,,,,,,False
2026-01-24 15:00:00+05:30,sector_11_faridabad_hspcb,openaq,57.7,96.1,,,,,,,,,,,False
2026-01-24 17:00:00+05:30,sector_11_faridabad_hspcb,openaq,65.2,109.0,,,,,,,,,,,False
2026-01-24 18:00:00+05:30,sector_11_faridabad_hspcb,openaq,82.6,138.0,,,,,,,,,,,False
2026-01-24 19:00:00+05:30,sector_11_faridabad_hspcb,openaq,87.3,145.0,,,,,,,,,,,False
2026-01-24 20:00:00+05:30,sector_11_faridabad_hspcb,openaq,95.1,158.0,,,,,,,,,,,False
2026-01-24 21:00:00+05:30,sector_11_faridabad_hspcb,openaq,85.8,143.0,,,,,,,,,,,False
2026-01-24 22:00:00+05:30,sector_11_faridabad_hspcb,openaq,72.2,120.0,,,,,,,,,,,False
2026-01-25 01:00:00+05:30,sector_11_faridabad_hspcb,openaq,46.9,78.1,,,,,,,,,,,False
2026-01-25 02:00:00+05:30,sector_11_faridabad_hspcb,openaq,46.4,77.3,,,,,,,,,,,False
2026-01-25 03:00:00+05:30,sector_11_faridabad_hspcb,openaq,36.3,60.4,,,,,,,,,,,False
2026-01-25 04:00:00+05:30,sector_11_faridabad_hspcb,openaq,45.0,74.9,,,,,,,,,,,False
2026-01-25 05:00:00+05:30,sector_11_faridabad_hspcb,openaq,47.3,79.2,,,,,,,,,,,False
2026-01-25 06:00:00+05:30,sector_11_faridabad_hspcb,openaq,51.5,85.9,,,,,,,,,,,False
2026-01-25 07:00:00+05:30,sector_11_faridabad_hspcb,openaq,56.2,93.7,,,,,,,,,,,False
2026-01-25 08:00:00+05:30,sector_11_faridabad_hspcb,openaq,60.6,101.0,,,,,,,,,,,False
2026-01-25 09:00:00+05:30,sector_11_faridabad_hspcb,openaq,59.4,99.1,,,,,,,,,,,False
2026-01-25 10:00:00+05:30,sector_11_faridabad_hspcb,openaq,55.0,91.6,,,,,,,,,,,False
2026-01-25 11:00:00+05:30,sector_11_faridabad_hspcb,openaq,45.6,75.9,,,,,,,,,,,False
2026-01-25 12:00:00+05:30,sector_11_faridabad_hspcb,openaq,46.6,77.6,,,,,,,,,,,False
2026-01-25 13:00:00+05:30,sector_11_faridabad_hspcb,openaq,48.6,81.0,,,,,,,,,,,False
2026-01-25 14:00:00+05:30,sector_11_faridabad_hspcb,openaq,53.3,88.9,,,,,,,,,,,False
2026-01-25 15:00:00+05:30,sector_11_faridabad_hspcb,openaq,52.7,87.9,,,,,,,,,,,False
2026-01-25 16:00:00+05:30,sector_11_faridabad_hspcb,openaq,51.9,86.5,,,,,,,,,,,False
2026-01-25 17:00:00+05:30,sector_11_faridabad_hspcb,openaq,60.2,100.0,,,,,,,,,,,False
2026-01-25 18:00:00+05:30,sector_11_faridabad_hspcb,openaq,74.5,124.0,,,,,,,,,,,False
2026-01-25 19:00:00+05:30,sector_11_faridabad_hspcb,openaq,96.5,161.0,,,,,,,,,,,False
2026-01-25 20:00:00+05:30,sector_11_faridabad_hspcb,openaq,112.0,187.0,,,,,,,,,,,False
2026-01-25 21:00:00+05:30,sector_11_faridabad_hspcb,openaq,143.0,238.0,,,,,,,,,,,False
2026-01-25 22:00:00+05:30,sector_11_faridabad_hspcb,openaq,162.0,270.0,,,,,,,,,,,False
2026-01-26 01:00:00+05:30,sector_11_faridabad_hspcb,openaq,153.0,254.0,,,,,,,,,,,False
2026-01-26 02:00:00+05:30,sector_11_faridabad_hspcb,openaq,166.0,277.0,,,,,,,,,,,False
2026-01-26 03:00:00+05:30,sector_11_faridabad_hspcb,openaq,178.0,297.0,,,,,,,,,,,False
2026-01-26 04:00:00+05:30,sector_11_faridabad_hspcb,openaq,190.0,317.0,,,,,,,,,,,False
2026-01-26 05:00:00+05:30,sector_11_faridabad_hspcb,openaq,165.0,275.0,,,,,,,,,,,False
2026-01-26 06:00:00+05:30,sector_11_faridabad_hspcb,openaq,132.0,220.0,,,,,,,,,,,False
2026-01-26 07:00:00+05:30,sector_11_faridabad_hspcb,openaq,133.0,222.0,,,,,,,,,,,False
2026-01-26 08:00:00+05:30,sector_11_faridabad_hspcb,openaq,118.0,196.0,,,,,,,,,,,False
2026-01-26 09:00:00+05:30,sector_11_faridabad_hspcb,openaq,88.9,148.0,,,,,,,,,,,False
2026-01-26 10:00:00+05:30,sector_11_faridabad_hspcb,openaq,83.2,139.0,,,,,,,,,,,False
2026-01-26 11:00:00+05:30,sector_11_faridabad_hspcb,openaq,68.5,114.0,,,,,,,,,,,False
2026-01-26 12:00:00+05:30,sector_11_faridabad_hspcb,openaq,66.8,111.0,,,,,,,,,,,False
2026-01-26 13:00:00+05:30,sector_11_faridabad_hspcb,openaq,71.1,118.0,,,,,,,,,,,False
2026-01-26 14:00:00+05:30,sector_11_faridabad_hspcb,openaq,58.2,97.1,,,,,,,,,,,False
2026-01-26 15:00:00+05:30,sector_11_faridabad_hspcb,openaq,51.0,85.0,,,,,,,,,,,False
2026-01-26 16:00:00+05:30,sector_11_faridabad_hspcb,openaq,54.7,91.1,,,,,,,,,,,False
2026-01-26 17:00:00+05:30,sector_11_faridabad_hspcb,openaq,57.1,95.1,,,,,,,,,,,False
2026-01-26 18:00:00+05:30,sector_11_faridabad_hspcb,openaq,66.7,138.0,,,,,,,,,,,False
2026-01-26 19:00:00+05:30,sector_11_faridabad_hspcb,openaq,161.0,268.0,,,,,,,,,,,False
2026-01-26 20:00:00+05:30,sector_11_faridabad_hspcb,openaq,203.0,339.0,,,,,,,,,,,False
2026-01-26 21:00:00+05:30,sector_11_faridabad_hspcb,openaq,264.0,439.0,,,,,,,,,,,False
2026-01-26 22:00:00+05:30,sector_11_faridabad_hspcb,openaq,255.0,426.0,,,,,,,,,,,False
2026-01-27 01:00:00+05:30,sector_11_faridabad_hspcb,openaq,183.0,305.0,,,,,,,,,,,False
2026-01-27 02:00:00+05:30,sector_11_faridabad_hspcb,openaq,142.0,237.0,,,,,,,,,,,False
2026-01-27 03:00:00+05:30,sector_11_faridabad_hspcb,openaq,168.0,280.0,,,,,,,,,,,False
2026-01-27 04:00:00+05:30,sector_11_faridabad_hspcb,openaq,116.0,193.0,,,,,,,,,,,False
2026-01-27 05:00:00+05:30,sector_11_faridabad_hspcb,openaq,95.0,158.0,,,,,,,,,,,False
2026-01-27 06:00:00+05:30,sector_11_faridabad_hspcb,openaq,93.4,156.0,,,,,,,,,,,False
2026-01-27 07:00:00+05:30,sector_11_faridabad_hspcb,openaq,118.0,196.0,,,,,,,,,,,False
2026-01-27 08:00:00+05:30,sector_11_faridabad_hspcb,openaq,139.0,232.0,,,,,,,,,,,False
2026-01-27 09:00:00+05:30,sector_11_faridabad_hspcb,openaq,113.0,188.0,,,,,,,,,,,False
2026-01-27 12:00:00+05:30,sector_11_faridabad_hspcb,openaq,137.0,228.0,,,,,,,,,,,False
2026-01-27 13:00:00+05:30,sector_11_faridabad_hspcb,openaq,155.0,259.0,,,,,,,,,,,False
2026-01-27 14:00:00+05:30,sector_11_faridabad_hspcb,openaq,110.0,184.0,,,,,,,,,,,False
2026-01-27 15:00:00+05:30,sector_11_faridabad_hspcb,openaq,93.2,155.0,,,,,,,,,,,False
2026-01-27 16:00:00+05:30,sector_11_faridabad_hspcb,openaq,95.9,160.0,,,,,,,,,,,False
2026-01-27 17:00:00+05:30,sector_11_faridabad_hspcb,openaq,101.0,168.0,,,,,,,,,,,False
2026-01-27 18:00:00+05:30,sector_11_faridabad_hspcb,openaq,88.6,148.0,,,,,,,,,,,False
2026-01-27 19:00:00+05:30,sector_11_faridabad_hspcb,openaq,82.2,137.0,,,,,,,,,,,False
2026-01-27 20:00:00+05:30,sector_11_faridabad_hspcb,openaq,82.8,138.0,,,,,,,,,,,False
2026-01-27 21:00:00+05:30,sector_11_faridabad_hspcb,openaq,86.4,144.0,,,,,,,,,,,False
2026-01-27 22:00:00+05:30,sector_11_faridabad_hspcb,openaq,76.0,127.0,,,,,,,,,,,False
2026-01-28 01:00:00+05:30,sector_11_faridabad_hspcb,openaq,59.1,98.5,,,,,,,,,,,False
2026-01-28 02:00:00+05:30,sector_11_faridabad_hspcb,openaq,59.1,98.5,,,,,,,,,,,False
2026-01-28 03:00:00+05:30,sector_11_faridabad_hspcb,openaq,57.2,95.3,,,,,,,,,,,False
2026-01-28 04:00:00+05:30,sector_11_faridabad_hspcb,openaq,48.9,81.5,,,,,,,,,,,False
2026-01-28 05:00:00+05:30,sector_11_faridabad_hspcb,openaq,45.7,76.2,,,,,,,,,,,False
2026-01-28 06:00:00+05:30,sector_11_faridabad_hspcb,openaq,47.2,78.7,,,,,,,,,,,False
2026-01-28 07:00:00+05:30,sector_11_faridabad_hspcb,openaq,52.5,87.5,,,,,,,,,,,False
2026-01-28 08:00:00+05:30,sector_11_faridabad_hspcb,openaq,62.1,103.0,,,,,,,,,,,False
2026-01-28 09:00:00+05:30,sector_11_faridabad_hspcb,openaq,79.5,133.0,,,,,,,,,,,False
2026-01-28 10:00:00+05:30,sector_11_faridabad_hspcb,openaq,89.3,149.0,,,,,,,,,,,False
2026-01-28 11:00:00+05:30,sector_11_faridabad_hspcb,openaq,91.1,152.0,,,,,,,,,,,False
2026-01-28 12:00:00+05:30,sector_11_faridabad_hspcb,openaq,84.6,141.0,,,,,,,,,,,False
2026-01-28 13:00:00+05:30,sector_11_faridabad_hspcb,openaq,77.8,130.0,,,,,,,,,,,False
2026-01-28 14:00:00+05:30,sector_11_faridabad_hspcb,openaq,79.1,132.0,,,,,,,,,,,False
2026-01-28 15:00:00+05:30,sector_11_faridabad_hspcb,openaq,83.4,139.0,,,,,,,,,,,False
2026-01-28 16:00:00+05:30,sector_11_faridabad_hspcb,openaq,81.5,136.0,,,,,,,,,,,False
2026-01-28 17:00:00+05:30,sector_11_faridabad_hspcb,openaq,82.4,137.0,,,,,,,,,,,False
2026-01-28 18:00:00+05:30,sector_11_faridabad_hspcb,openaq,85.2,142.0,,,,,,,,,,,False
2026-01-28 19:00:00+05:30,sector_11_faridabad_hspcb,openaq,112.0,186.0,,,,,,,,,,,False
2026-01-28 20:00:00+05:30,sector_11_faridabad_hspcb,openaq,182.0,303.0,,,,,,,,,,,False
2026-01-28 21:00:00+05:30,sector_11_faridabad_hspcb,openaq,145.0,241.0,,,,,,,,,,,False
2026-01-28 22:00:00+05:30,sector_11_faridabad_hspcb,openaq,140.0,233.0,,,,,,,,,,,False
2026-01-29 01:00:00+05:30,sector_11_faridabad_hspcb,openaq,118.0,197.0,,,,,,,,,,,False
2026-01-29 02:00:00+05:30,sector_11_faridabad_hspcb,openaq,108.0,180.0,,,,,,,,,,,False
2026-01-29 03:00:00+05:30,sector_11_faridabad_hspcb,openaq,91.4,152.0,,,,,,,,,,,False
2026-01-29 04:00:00+05:30,sector_11_faridabad_hspcb,openaq,103.0,171.0,,,,,,,,,,,False
2026-01-29 05:00:00+05:30,sector_11_faridabad_hspcb,openaq,79.4,132.0,,,,,,,,,,,False
2026-01-29 06:00:00+05:30,sector_11_faridabad_hspcb,openaq,44.6,74.3,,,,,,,,,,,False
2026-01-29 07:00:00+05:30,sector_11_faridabad_hspcb,openaq,56.2,93.8,,,,,,,,,,,False
2026-01-29 08:00:00+05:30,sector_11_faridabad_hspcb,openaq,67.0,112.0,,,,,,,,,,,False
2026-01-29 09:00:00+05:30,sector_11_faridabad_hspcb,openaq,64.2,107.0,,,,,,,,,,,False
2026-01-29 10:00:00+05:30,sector_11_faridabad_hspcb,openaq,58.9,98.2,,,,,,,,,,,False
2026-01-29 11:00:00+05:30,sector_11_faridabad_hspcb,openaq,28.7,47.7,,,,,,,,,,,False
2026-01-29 12:00:00+05:30,sector_11_faridabad_hspcb,openaq,46.0,76.7,,,,,,,,,,,False
2026-01-29 13:00:00+05:30,sector_11_faridabad_hspcb,openaq,46.2,76.9,,,,,,,,,,,False
2026-01-29 14:00:00+05:30,sector_11_faridabad_hspcb,openaq,56.6,94.4,,,,,,,,,,,False
2026-01-29 15:00:00+05:30,sector_11_faridabad_hspcb,openaq,44.5,74.2,,,,,,,,,,,False
2026-01-29 16:00:00+05:30,sector_11_faridabad_hspcb,openaq,49.2,81.9,,,,,,,,,,,False
2026-01-29 17:00:00+05:30,sector_11_faridabad_hspcb,openaq,57.1,95.2,,,,,,,,,,,False
2026-01-29 18:00:00+05:30,sector_11_faridabad_hspcb,openaq,78.3,130.0,,,,,,,,,,,False
2026-01-29 19:00:00+05:30,sector_11_faridabad_hspcb,openaq,106.0,177.0,,,,,,,,,,,False
2026-01-29 20:00:00+05:30,sector_11_faridabad_hspcb,openaq,132.0,219.0,,,,,,,,,,,False
2026-01-29 21:00:00+05:30,sector_11_faridabad_hspcb,openaq,145.0,242.0,,,,,,,,,,,False
2026-01-29 22:00:00+05:30,sector_11_faridabad_hspcb,openaq,161.0,268.0,,,,,,,,,,,False
2026-01-30 01:00:00+05:30,sector_11_faridabad_hspcb,openaq,95.4,159.0,,,,,,,,,,,False
2026-01-30 02:00:00+05:30,sector_11_faridabad_hspcb,openaq,69.3,115.0,,,,,,,,,,,False
2026-01-30 03:00:00+05:30,sector_11_faridabad_hspcb,openaq,93.7,156.0,,,,,,,,,,,False
2026-01-30 04:00:00+05:30,sector_11_faridabad_hspcb,openaq,80.6,134.0,,,,,,,,,,,False
2026-01-30 05:00:00+05:30,sector_11_faridabad_hspcb,openaq,95.8,160.0,,,,,,,,,,,False
2026-01-30 06:00:00+05:30,sector_11_faridabad_hspcb,openaq,108.0,180.0,,,,,,,,,,,False
2026-01-30 07:00:00+05:30,sector_11_faridabad_hspcb,openaq,140.0,233.0,,,,,,,,,,,False
2026-01-30 08:00:00+05:30,sector_11_faridabad_hspcb,openaq,,273.0,,,,,,,,,,,False
2026-01-30 09:00:00+05:30,sector_11_faridabad_hspcb,openaq,113.0,229.0,,,,,,,,,,,False
2026-01-30 10:00:00+05:30,sector_11_faridabad_hspcb,openaq,7.13,15.4,,,,,,,,,,,False
2026-01-30 11:00:00+05:30,sector_11_faridabad_hspcb,openaq,32.2,53.7,,,,,,,,,,,False
2026-01-30 14:00:00+05:30,sector_11_faridabad_hspcb,openaq,,87.0,,,,,,,,,,,False
2026-01-30 15:00:00+05:30,sector_11_faridabad_hspcb,openaq,47.4,78.8,,,,,,,,,,,False
2026-01-30 16:00:00+05:30,sector_11_faridabad_hspcb,openaq,52.7,87.8,,,,,,,,,,,False
2026-01-30 17:00:00+05:30,sector_11_faridabad_hspcb,openaq,75.2,125.0,,,,,,,,,,,False
2026-01-30 18:00:00+05:30,sector_11_faridabad_hspcb,openaq,93.5,156.0,,,,,,,,,,,False
2026-01-30 19:00:00+05:30,sector_11_faridabad_hspcb,openaq,145.0,242.0,,,,,,,,,,,False
2026-01-30 20:00:00+05:30,sector_11_faridabad_hspcb,openaq,244.0,407.0,,,,,,,,,,,False
2026-01-30 21:00:00+05:30,sector_11_faridabad_hspcb,openaq,290.0,484.0,,,,,,,,,,,False
2026-01-30 22:00:00+05:30,sector_11_faridabad_hspcb,openaq,293.0,489.0,,,,,,,,,,,False
2026-01-31 01:00:00+05:30,sector_11_faridabad_hspcb,openaq,198.0,330.0,,,,,,,,,,,False
2026-01-31 02:00:00+05:30,sector_11_faridabad_hspcb,openaq,188.0,313.0,,,,,,,,,,,False
2026-01-31 03:00:00+05:30,sector_11_faridabad_hspcb,openaq,234.0,390.0,,,,,,,,,,,False
2026-01-31 04:00:00+05:30,sector_11_faridabad_hspcb,openaq,187.0,312.0,,,,,,,,,,,False
2026-01-31 05:00:00+05:30,sector_11_faridabad_hspcb,openaq,133.0,221.0,,,,,,,,,,,False
2026-01-31 06:00:00+05:30,sector_11_faridabad_hspcb,openaq,94.4,158.0,,,,,,,,,,,False
2026-01-31 07:00:00+05:30,sector_11_faridabad_hspcb,openaq,103.0,172.0,,,,,,,,,,,False
2026-01-31 08:00:00+05:30,sector_11_faridabad_hspcb,openaq,169.0,282.0,,,,,,,,,,,False
2026-01-31 09:00:00+05:30,sector_11_faridabad_hspcb,openaq,148.0,246.0,,,,,,,,,,,False
2026-01-31 10:00:00+05:30,sector_11_faridabad_hspcb,openaq,39.3,65.6,,,,,,,,,,,False
2026-01-31 11:00:00+05:30,sector_11_faridabad_hspcb,openaq,50.6,84.4,,,,,,,,,,,False
2026-01-31 12:00:00+05:30,sector_11_faridabad_hspcb,openaq,71.1,119.0,,,,,,,,,,,False
2026-01-31 13:00:00+05:30,sector_11_faridabad_hspcb,openaq,91.4,152.0,,,,,,,,,,,False
2026-01-31 14:00:00+05:30,sector_11_faridabad_hspcb,openaq,84.8,141.0,,,,,,,,,,,False
2026-01-31 15:00:00+05:30,sector_11_faridabad_hspcb,openaq,70.8,118.0,,,,,,,,,,,False
2026-01-31 16:00:00+05:30,sector_11_faridabad_hspcb,openaq,110.0,183.0,,,,,,,,,,,False
2026-01-31 18:00:00+05:30,sector_11_faridabad_hspcb,openaq,146.0,242.0,,,,,,,,,,,False
2026-01-31 19:00:00+05:30,sector_11_faridabad_hspcb,openaq,155.0,258.0,,,,,,,,,,,False
2026-01-31 20:00:00+05:30,sector_11_faridabad_hspcb,openaq,143.0,239.0,,,,,,,,,,,False
2026-01-31 21:00:00+05:30,sector_11_faridabad_hspcb,openaq,132.0,220.0,,,,,,,,,,,False
2026-01-31 22:00:00+05:30,sector_11_faridabad_hspcb,openaq,108.0,180.0,,,,,,,,,,,False
2026-02-01 01:00:00+05:30,sector_11_faridabad_hspcb,openaq,105.0,175.0,,,,,,,,,,,False
2026-02-01 02:00:00+05:30,sector_11_faridabad_hspcb,openaq,94.0,157.0,,,,,,,,,,,False
2026-02-01 03:00:00+05:30,sector_11_faridabad_hspcb,openaq,75.2,125.0,,,,,,,,,,,False
2026-02-01 04:00:00+05:30,sector_11_faridabad_hspcb,openaq,76.3,127.0,,,,,,,,,,,False
2026-02-01 05:00:00+05:30,sector_11_faridabad_hspcb,openaq,80.6,134.0,,,,,,,,,,,False
2026-02-01 06:00:00+05:30,sector_11_faridabad_hspcb,openaq,76.6,128.0,,,,,,,,,,,False
2026-02-01 07:00:00+05:30,sector_11_faridabad_hspcb,openaq,83.9,140.0,,,,,,,,,,,False
2026-02-01 08:00:00+05:30,sector_11_faridabad_hspcb,openaq,75.5,126.0,,,,,,,,,,,False
2026-02-01 09:00:00+05:30,sector_11_faridabad_hspcb,openaq,71.3,145.0,,,,,,,,,,,False
2026-02-01 10:00:00+05:30,sector_11_faridabad_hspcb,openaq,2.03,3.35,,,,,,,,,,,False
2026-02-01 11:00:00+05:30,sector_11_faridabad_hspcb,openaq,9.63,18.2,,,,,,,,,,,False
2026-02-01 12:00:00+05:30,sector_11_faridabad_hspcb,openaq,28.9,48.2,,,,,,,,,,,False
2026-02-01 13:00:00+05:30,sector_11_faridabad_hspcb,openaq,43.2,72.0,,,,,,,,,,,False
2026-02-01 14:00:00+05:30,sector_11_faridabad_hspcb,openaq,29.8,55.3,,,,,,,,,,,False
2026-02-01 15:00:00+05:30,sector_11_faridabad_hspcb,openaq,14.6,24.2,,,,,,,,,,,False
2026-02-01 16:00:00+05:30,sector_11_faridabad_hspcb,openaq,20.8,38.2,,,,,,,,,,,False
2026-02-01 17:00:00+05:30,sector_11_faridabad_hspcb,openaq,47.7,79.5,,,,,,,,,,,False
2026-02-01 18:00:00+05:30,sector_11_faridabad_hspcb,openaq,57.1,95.2,,,,,,,,,,,False
2026-02-01 19:00:00+05:30,sector_11_faridabad_hspcb,openaq,70.8,118.0,,,,,,,,,,,False
2026-02-01 20:00:00+05:30,sector_11_faridabad_hspcb,openaq,122.0,203.0,,,,,,,,,,,False
2026-02-01 21:00:00+05:30,sector_11_faridabad_hspcb,openaq,146.0,244.0,,,,,,,,,,,False
2026-02-01 22:00:00+05:30,sector_11_faridabad_hspcb,openaq,202.0,336.0,,,,,,,,,,,False
2026-02-02 01:00:00+05:30,sector_11_faridabad_hspcb,openaq,133.0,221.0,,,,,,,,,,,False
2026-02-02 02:00:00+05:30,sector_11_faridabad_hspcb,openaq,55.7,92.7,,,,,,,,,,,False
2026-02-02 03:00:00+05:30,sector_11_faridabad_hspcb,openaq,128.0,213.0,,,,,,,,,,,False
2026-02-02 04:00:00+05:30,sector_11_faridabad_hspcb,openaq,96.1,160.0,,,,,,,,,,,False
2026-02-02 05:00:00+05:30,sector_11_faridabad_hspcb,openaq,100.0,167.0,,,,,,,,,,,False
2026-02-02 06:00:00+05:30,sector_11_faridabad_hspcb,openaq,72.0,120.0,,,,,,,,,,,False
2026-02-02 07:00:00+05:30,sector_11_faridabad_hspcb,openaq,98.8,165.0,,,,,,,,,,,False
2026-02-02 08:00:00+05:30,sector_11_faridabad_hspcb,openaq,58.8,98.1,,,,,,,,,,,False
2026-02-02 09:00:00+05:30,sector_11_faridabad_hspcb,openaq,75.0,125.0,,,,,,,,,,,False
2026-02-02 10:00:00+05:30,sector_11_faridabad_hspcb,openaq,85.0,142.0,,,,,,,,,,,False
2026-02-02 11:00:00+05:30,sector_11_faridabad_hspcb,openaq,79.3,132.0,,,,,,,,,,,False
2026-02-02 12:00:00+05:30,sector_11_faridabad_hspcb,openaq,78.5,131.0,,,,,,,,,,,False
2026-02-02 13:00:00+05:30,sector_11_faridabad_hspcb,openaq,46.3,77.2,,,,,,,,,,,False
2026-02-02 14:00:00+05:30,sector_11_faridabad_hspcb,openaq,41.9,69.7,,,,,,,,,,,False
2026-02-02 15:00:00+05:30,sector_11_faridabad_hspcb,openaq,48.1,80.3,,,,,,,,,,,False
2026-02-02 16:00:00+05:30,sector_11_faridabad_hspcb,openaq,76.3,127.0,,,,,,,,,,,False
2026-02-02 17:00:00+05:30,sector_11_faridabad_hspcb,openaq,102.0,170.0,,,,,,,,,,,False
2026-02-02 18:00:00+05:30,sector_11_faridabad_hspcb,openaq,121.0,201.0,,,,,,,,,,,False
2026-02-02 21:00:00+05:30,sector_11_faridabad_hspcb,openaq,113.0,189.0,,,,,,,,,,,False
2026-02-02 22:00:00+05:30,sector_11_faridabad_hspcb,openaq,139.0,231.0,,,,,,,,,,,False
2026-02-03 01:00:00+05:30,sector_11_faridabad_hspcb,openaq,191.0,318.0,,,,,,,,,,,False
2026-02-03 02:00:00+05:30,sector_11_faridabad_hspcb,openaq,161.0,269.0,,,,,,,,,,,False
2026-02-03 03:00:00+05:30,sector_11_faridabad_hspcb,openaq,126.0,210.0,,,,,,,,,,,False
2026-02-03 04:00:00+05:30,sector_11_faridabad_hspcb,openaq,78.8,131.0,,,,,,,,,,,False
2026-02-03 05:00:00+05:30,sector_11_faridabad_hspcb,openaq,40.8,68.0,,,,,,,,,,,False
2026-02-03 06:00:00+05:30,sector_11_faridabad_hspcb,openaq,53.6,89.5,,,,,,,,,,,False
2026-02-03 07:00:00+05:30,sector_11_faridabad_hspcb,openaq,64.3,107.0,,,,,,,,,,,False
2026-02-03 08:00:00+05:30,sector_11_faridabad_hspcb,openaq,65.9,110.0,,,,,,,,,,,False
2026-02-03 09:00:00+05:30,sector_11_faridabad_hspcb,openaq,64.3,107.0,,,,,,,,,,,False
2026-02-03 10:00:00+05:30,sector_11_faridabad_hspcb,openaq,83.6,139.0,,,,,,,,,,,False
2026-02-03 11:00:00+05:30,sector_11_faridabad_hspcb,openaq,60.3,100.0,,,,,,,,,,,False
2026-02-03 12:00:00+05:30,sector_11_faridabad_hspcb,openaq,59.2,98.6,,,,,,,,,,,False
2026-02-03 13:00:00+05:30,sector_11_faridabad_hspcb,openaq,92.5,154.0,,,,,,,,,,,False
2026-02-04 07:00:00+05:30,sector_11_faridabad_hspcb,openaq,156.0,259.0,,,,,,,,,,,False
2026-02-04 13:00:00+05:30,sector_11_faridabad_hspcb,openaq,181.0,302.0,,,,,,,,,,,False
2026-02-04 15:00:00+05:30,sector_11_faridabad_hspcb,openaq,52.2,87.1,,,,,,,,,,,False
2026-02-04 16:00:00+05:30,sector_11_faridabad_hspcb,openaq,72.5,121.0,,,,,,,,,,,False
2026-02-04 17:00:00+05:30,sector_11_faridabad_hspcb,openaq,64.0,107.0,,,,,,,,,,,False
2026-02-04 18:00:00+05:30,sector_11_faridabad_hspcb,openaq,86.0,143.0,,,,,,,,,,,False
2026-02-04 19:00:00+05:30,sector_11_faridabad_hspcb,openaq,118.0,196.0,,,,,,,,,,,False
2026-02-05 01:00:00+05:30,sector_11_faridabad_hspcb,openaq,130.0,216.0,,,,,,,,,,,False
2026-02-05 02:00:00+05:30,sector_11_faridabad_hspcb,openaq,124.0,207.0,,,,,,,,,,,False
2026-02-05 03:00:00+05:30,sector_11_faridabad_hspcb,openaq,103.0,172.0,,,,,,,,,,,False
2026-02-05 04:00:00+05:30,sector_11_faridabad_hspcb,openaq,82.1,137.0,,,,,,,,,,,False
2026-02-05 05:00:00+05:30,sector_11_faridabad_hspcb,openaq,91.8,153.0,,,,,,,,,,,False
2026-02-05 06:00:00+05:30,sector_11_faridabad_hspcb,openaq,76.6,128.0,,,,,,,,,,,False
2026-02-05 07:00:00+05:30,sector_11_faridabad_hspcb,openaq,75.2,125.0,,,,,,,,,,,False
2026-02-05 10:00:00+05:30,sector_11_faridabad_hspcb,openaq,46.1,76.8,,,,,,,,,,,False
2026-02-05 11:00:00+05:30,sector_11_faridabad_hspcb,openaq,48.5,80.9,,,,,,,,,,,False
2026-02-05 12:00:00+05:30,sector_11_faridabad_hspcb,openaq,46.6,77.7,,,,,,,,,,,False
2026-02-05 13:00:00+05:30,sector_11_faridabad_hspcb,openaq,43.0,71.6,,,,,,,,,,,False
2026-02-05 14:00:00+05:30,sector_11_faridabad_hspcb,openaq,36.2,60.3,,,,,,,,,,,False
2026-02-05 15:00:00+05:30,sector_11_faridabad_hspcb,openaq,37.9,63.2,,,,,,,,,,,False
2026-02-05 16:00:00+05:30,sector_11_faridabad_hspcb,openaq,42.4,70.7,,,,,,,,,,,False
2026-02-05 17:00:00+05:30,sector_11_faridabad_hspcb,openaq,46.6,77.5,,,,,,,,,,,False
2026-02-05 18:00:00+05:30,sector_11_faridabad_hspcb,openaq,58.5,97.4,,,,,,,,,,,False
2026-02-05 19:00:00+05:30,sector_11_faridabad_hspcb,openaq,70.4,117.0,,,,,,,,,,,False
2026-02-05 20:00:00+05:30,sector_11_faridabad_hspcb,openaq,101.0,168.0,,,,,,,,,,,False
2026-02-05 21:00:00+05:30,sector_11_faridabad_hspcb,openaq,94.0,157.0,,,,,,,,,,,False
2026-02-05 22:00:00+05:30,sector_11_faridabad_hspcb,openaq,157.0,262.0,,,,,,,,,,,False
2026-02-06 01:00:00+05:30,sector_11_faridabad_hspcb,openaq,101.0,169.0,,,,,,,,,,,False
2026-02-06 02:00:00+05:30,sector_11_faridabad_hspcb,openaq,100.0,167.0,,,,,,,,,,,False
2026-02-06 03:00:00+05:30,sector_11_faridabad_hspcb,openaq,56.0,93.3,,,,,,,,,,,False
2026-02-06 04:00:00+05:30,sector_11_faridabad_hspcb,openaq,63.5,106.0,,,,,,,,,,,False
2026-02-06 05:00:00+05:30,sector_11_faridabad_hspcb,openaq,60.1,100.0,,,,,,,,,,,False
2026-02-06 06:00:00+05:30,sector_11_faridabad_hspcb,openaq,86.0,143.0,,,,,,,,,,,False
2026-02-06 07:00:00+05:30,sector_11_faridabad_hspcb,openaq,98.4,164.0,,,,,,,,,,,False
2026-02-06 08:00:00+05:30,sector_11_faridabad_hspcb,openaq,87.9,146.0,,,,,,,,,,,False
2026-02-06 09:00:00+05:30,sector_11_faridabad_hspcb,openaq,62.0,103.0,,,,,,,,,,,False
2026-02-06 10:00:00+05:30,sector_11_faridabad_hspcb,openaq,66.3,110.0,,,,,,,,,,,False
2026-02-06 11:00:00+05:30,sector_11_faridabad_hspcb,openaq,63.1,105.0,,,,,,,,,,,False
2026-02-06 12:00:00+05:30,sector_11_faridabad_hspcb,openaq,62.7,104.0,,,,,,,,,,,False
2026-02-06 13:00:00+05:30,sector_11_faridabad_hspcb,openaq,55.6,92.6,,,,,,,,,,,False
2026-02-06 14:00:00+05:30,sector_11_faridabad_hspcb,openaq,56.0,93.3,,,,,,,,,,,False
2026-02-06 15:00:00+05:30,sector_11_faridabad_hspcb,openaq,52.5,87.6,,,,,,,,,,,False
2026-02-06 16:00:00+05:30,sector_11_faridabad_hspcb,openaq,48.6,81.0,,,,,,,,,,,False
2026-02-06 17:00:00+05:30,sector_11_faridabad_hspcb,openaq,57.2,95.3,,,,,,,,,,,False
2026-02-06 18:00:00+05:30,sector_11_faridabad_hspcb,openaq,64.1,107.0,,,,,,,,,,,False
2026-02-06 19:00:00+05:30,sector_11_faridabad_hspcb,openaq,74.1,124.0,,,,,,,,,,,False
2026-02-06 20:00:00+05:30,sector_11_faridabad_hspcb,openaq,84.1,140.0,,,,,,,,,,,False
2026-02-06 21:00:00+05:30,sector_11_faridabad_hspcb,openaq,89.8,150.0,,,,,,,,,,,False
2026-02-06 22:00:00+05:30,sector_11_faridabad_hspcb,openaq,93.1,155.0,,,,,,,,,,,False
2026-02-07 01:00:00+05:30,sector_11_faridabad_hspcb,openaq,105.0,176.0,,,,,,,,,,,False
2026-02-07 02:00:00+05:30,sector_11_faridabad_hspcb,openaq,103.0,171.0,,,,,,,,,,,False
2026-02-07 03:00:00+05:30,sector_11_faridabad_hspcb,openaq,103.0,172.0,,,,,,,,,,,False
2026-02-07 04:00:00+05:30,sector_11_faridabad_hspcb,openaq,102.0,169.0,,,,,,,,,,,False
2026-02-07 05:00:00+05:30,sector_11_faridabad_hspcb,openaq,101.0,169.0,,,,,,,,,,,False
2026-02-07 06:00:00+05:30,sector_11_faridabad_hspcb,openaq,101.0,168.0,,,,,,,,,,,False
2026-02-07 07:00:00+05:30,sector_11_faridabad_hspcb,openaq,110.0,183.0,,,,,,,,,,,False
2026-02-07 08:00:00+05:30,sector_11_faridabad_hspcb,openaq,94.5,158.0,,,,,,,,,,,False
2026-02-07 09:00:00+05:30,sector_11_faridabad_hspcb,openaq,83.3,139.0,,,,,,,,,,,False
2026-02-07 10:00:00+05:30,sector_11_faridabad_hspcb,openaq,90.6,151.0,,,,,,,,,,,False
2026-02-07 11:00:00+05:30,sector_11_faridabad_hspcb,openaq,68.2,114.0,,,,,,,,,,,False
2026-02-07 12:00:00+05:30,sector_11_faridabad_hspcb,openaq,67.0,112.0,,,,,,,,,,,False
2026-02-07 13:00:00+05:30,sector_11_faridabad_hspcb,openaq,66.0,110.0,,,,,,,,,,,False
2026-02-07 14:00:00+05:30,sector_11_faridabad_hspcb,openaq,65.1,108.0,,,,,,,,,,,False
2026-02-07 15:00:00+05:30,sector_11_faridabad_hspcb,openaq,54.2,90.3,,,,,,,,,,,False
2026-02-07 16:00:00+05:30,sector_11_faridabad_hspcb,openaq,54.7,91.2,,,,,,,,,,,False
2026-02-07 17:00:00+05:30,sector_11_faridabad_hspcb,openaq,52.0,86.6,,,,,,,,,,,False
2026-02-07 18:00:00+05:30,sector_11_faridabad_hspcb,openaq,52.6,87.6,,,,,,,,,,,False
2026-02-07 19:00:00+05:30,sector_11_faridabad_hspcb,openaq,55.8,93.0,,,,,,,,,,,False
2026-02-07 20:00:00+05:30,sector_11_faridabad_hspcb,openaq,68.5,114.0,,,,,,,,,,,False
2026-02-07 21:00:00+05:30,sector_11_faridabad_hspcb,openaq,92.3,154.0,,,,,,,,,,,False
2026-02-07 22:00:00+05:30,sector_11_faridabad_hspcb,openaq,97.1,162.0,,,,,,,,,,,False
2026-02-08 21:00:00+05:30,sector_11_faridabad_hspcb,openaq,104.0,174.0,,,,,,,,,,,False
2026-02-08 22:00:00+05:30,sector_11_faridabad_hspcb,openaq,141.0,235.0,,,,,,,,,,,False
2026-02-09 01:00:00+05:30,sector_11_faridabad_hspcb,openaq,210.0,350.0,,,,,,,,,,,False
2026-02-09 02:00:00+05:30,sector_11_faridabad_hspcb,openaq,170.0,284.0,,,,,,,,,,,False
2026-02-09 03:00:00+05:30,sector_11_faridabad_hspcb,openaq,134.0,224.0,,,,,,,,,,,False
2026-02-09 04:00:00+05:30,sector_11_faridabad_hspcb,openaq,116.0,194.0,,,,,,,,,,,False
2026-02-09 05:00:00+05:30,sector_11_faridabad_hspcb,openaq,88.0,147.0,,,,,,,,,,,False
2026-02-09 07:00:00+05:30,sector_11_faridabad_hspcb,openaq,170.0,283.0,,,,,,,,,,,False
2026-02-09 08:00:00+05:30,sector_11_faridabad_hspcb,openaq,230.0,383.0,,,,,,,,,,,False
2026-02-09 09:00:00+05:30,sector_11_faridabad_hspcb,openaq,95.6,159.0,,,,,,,,,,,False
2026-02-09 10:00:00+05:30,sector_11_faridabad_hspcb,openaq,119.0,199.0,,,,,,,,,,,False
2026-02-09 14:00:00+05:30,sector_11_faridabad_hspcb,openaq,44.0,73.3,,,,,,,,,,,False
2026-02-09 15:00:00+05:30,sector_11_faridabad_hspcb,openaq,45.0,75.1,,,,,,,,,,,False
2026-02-09 16:00:00+05:30,sector_11_faridabad_hspcb,openaq,40.7,67.8,,,,,,,,,,,False
2026-02-09 17:00:00+05:30,sector_11_faridabad_hspcb,openaq,49.9,83.2,,,,,,,,,,,False
2026-02-09 19:00:00+05:30,sector_11_faridabad_hspcb,openaq,104.0,174.0,,,,,,,,,,,False
2026-02-09 20:00:00+05:30,sector_11_faridabad_hspcb,openaq,154.0,257.0,,,,,,,,,,,False
2026-02-09 21:00:00+05:30,sector_11_faridabad_hspcb,openaq,226.0,376.0,,,,,,,,,,,False
2026-02-09 22:00:00+05:30,sector_11_faridabad_hspcb,openaq,230.0,383.0,,,,,,,,,,,False
2026-02-10 01:00:00+05:30,sector_11_faridabad_hspcb,openaq,102.0,169.0,,,,,,,,,,,False
2026-02-10 02:00:00+05:30,sector_11_faridabad_hspcb,openaq,57.5,95.9,,,,,,,,,,,False
2026-02-10 03:00:00+05:30,sector_11_faridabad_hspcb,openaq,74.8,125.0,,,,,,,,,,,False
2026-02-10 04:00:00+05:30,sector_11_faridabad_hspcb,openaq,107.0,178.0,,,,,,,,,,,False
2026-02-10 05:00:00+05:30,sector_11_faridabad_hspcb,openaq,121.0,202.0,,,,,,,,,,,False
2026-02-10 06:00:00+05:30,sector_11_faridabad_hspcb,openaq,125.0,209.0,,,,,,,,,,,False
2026-02-10 07:00:00+05:30,sector_11_faridabad_hspcb,openaq,143.0,238.0,,,,,,,,,,,False
2026-02-10 08:00:00+05:30,sector_11_faridabad_hspcb,openaq,130.0,217.0,,,,,,,,,,,False
2026-02-10 09:00:00+05:30,sector_11_faridabad_hspcb,openaq,105.0,175.0,,,,,,,,,,,False
2026-02-10 14:00:00+05:30,sector_11_faridabad_hspcb,openaq,107.0,178.0,,,,,,,,,,,False
2026-02-10 15:00:00+05:30,sector_11_faridabad_hspcb,openaq,68.0,113.0,,,,,,,,,,,False
2026-02-10 16:00:00+05:30,sector_11_faridabad_hspcb,openaq,65.2,109.0,,,,,,,,,,,False
2026-02-10 17:00:00+05:30,sector_11_faridabad_hspcb,openaq,63.4,106.0,,,,,,,,,,,False
2026-02-10 18:00:00+05:30,sector_11_faridabad_hspcb,openaq,71.9,120.0,,,,,,,,,,,False
2026-02-10 19:00:00+05:30,sector_11_faridabad_hspcb,openaq,101.0,168.0,,,,,,,,,,,False
2026-02-10 20:00:00+05:30,sector_11_faridabad_hspcb,openaq,184.0,306.0,,,,,,,,,,,False
2026-02-10 21:00:00+05:30,sector_11_faridabad_hspcb,openaq,184.0,306.0,,,,,,,,,,,False
2026-02-10 22:00:00+05:30,sector_11_faridabad_hspcb,openaq,172.0,287.0,,,,,,,,,,,False
2026-02-11 01:00:00+05:30,sector_11_faridabad_hspcb,openaq,149.0,248.0,,,,,,,,,,,False
2026-02-11 02:00:00+05:30,sector_11_faridabad_hspcb,openaq,162.0,270.0,,,,,,,,,,,False
2026-02-11 03:00:00+05:30,sector_11_faridabad_hspcb,openaq,284.0,474.0,,,,,,,,,,,False
2026-02-11 04:00:00+05:30,sector_11_faridabad_hspcb,openaq,165.0,335.0,,,,,,,,,,,False
2026-02-11 05:00:00+05:30,sector_11_faridabad_hspcb,openaq,19.4,43.4,,,,,,,,,,,False
2026-02-11 06:00:00+05:30,sector_11_faridabad_hspcb,openaq,112.0,187.0,,,,,,,,,,,False
2026-02-11 07:00:00+05:30,sector_11_faridabad_hspcb,openaq,182.0,304.0,,,,,,,,,,,False
2026-02-11 08:00:00+05:30,sector_11_faridabad_hspcb,openaq,213.0,354.0,,,,,,,,,,,False
2026-02-11 09:00:00+05:30,sector_11_faridabad_hspcb,openaq,188.0,314.0,,,,,,,,,,,False
2026-02-11 11:00:00+05:30,sector_11_faridabad_hspcb,openaq,89.4,149.0,,,,,,,,,,,False
2026-02-11 12:00:00+05:30,sector_11_faridabad_hspcb,openaq,48.5,80.9,,,,,,,,,,,False
2026-02-13 13:00:00+05:30,sector_11_faridabad_hspcb,openaq,5.5,9.1,,,,,,,,,,,False
2026-02-13 14:00:00+05:30,sector_11_faridabad_hspcb,openaq,5.28,18.4,,,,,,,,,,,False
2026-02-13 15:00:00+05:30,sector_11_faridabad_hspcb,openaq,39.8,73.0,,,,,,,,,,,False
2026-02-13 16:00:00+05:30,sector_11_faridabad_hspcb,openaq,42.5,77.6,,,,,,,,,,,False
2026-02-13 17:00:00+05:30,sector_11_faridabad_hspcb,openaq,43.4,77.2,,,,,,,,,,,False
2026-02-13 18:00:00+05:30,sector_11_faridabad_hspcb,openaq,69.3,122.0,,,,,,,,,,,False
2026-02-13 19:00:00+05:30,sector_11_faridabad_hspcb,openaq,78.1,137.0,,,,,,,,,,,False
2026-02-13 20:00:00+05:30,sector_11_faridabad_hspcb,openaq,110.0,190.0,,,,,,,,,,,False
2026-02-13 21:00:00+05:30,sector_11_faridabad_hspcb,openaq,142.0,243.0,,,,,,,,,,,False
2026-02-13 22:00:00+05:30,sector_11_faridabad_hspcb,openaq,146.0,251.0,,,,,,,,,,,False
2026-02-14 01:00:00+05:30,sector_11_faridabad_hspcb,openaq,130.0,223.0,,,,,,,,,,,False
2026-02-14 02:00:00+05:30,sector_11_faridabad_hspcb,openaq,115.0,199.0,,,,,,,,,,,False
2026-02-14 03:00:00+05:30,sector_11_faridabad_hspcb,openaq,116.0,199.0,,,,,,,,,,,False
2026-02-14 04:00:00+05:30,sector_11_faridabad_hspcb,openaq,123.0,212.0,,,,,,,,,,,False
2026-02-14 05:00:00+05:30,sector_11_faridabad_hspcb,openaq,131.0,226.0,,,,,,,,,,,False
2026-02-14 06:00:00+05:30,sector_11_faridabad_hspcb,openaq,175.0,298.0,,,,,,,,,,,False
2026-02-14 07:00:00+05:30,sector_11_faridabad_hspcb,openaq,234.0,396.0,,,,,,,,,,,False
2026-02-14 08:00:00+05:30,sector_11_faridabad_hspcb,openaq,209.0,355.0,,,,,,,,,,,False
2026-02-14 09:00:00+05:30,sector_11_faridabad_hspcb,openaq,107.0,185.0,,,,,,,,,,,False
2026-02-14 10:00:00+05:30,sector_11_faridabad_hspcb,openaq,146.0,250.0,,,,,,,,,,,False
2026-02-14 11:00:00+05:30,sector_11_faridabad_hspcb,openaq,111.0,192.0,,,,,,,,,,,False
2026-02-14 13:00:00+05:30,sector_11_faridabad_hspcb,openaq,79.9,140.0,,,,,,,,,,,False
2026-02-14 14:00:00+05:30,sector_11_faridabad_hspcb,openaq,43.9,79.9,,,,,,,,,,,False
2026-02-14 15:00:00+05:30,sector_11_faridabad_hspcb,openaq,56.6,101.0,,,,,,,,,,,False
2026-02-14 16:00:00+05:30,sector_11_faridabad_hspcb,openaq,56.2,100.0,,,,,,,,,,,False
2026-02-14 17:00:00+05:30,sector_11_faridabad_hspcb,openaq,61.5,109.0,,,,,,,,,,,False
2026-02-14 18:00:00+05:30,sector_11_faridabad_hspcb,openaq,78.5,137.0,,,,,,,,,,,False
2026-02-14 19:00:00+05:30,sector_11_faridabad_hspcb,openaq,93.9,163.0,,,,,,,,,,,False
2026-02-14 20:00:00+05:30,sector_11_faridabad_hspcb,openaq,133.0,232.0,,,,,,,,,,,False
2026-02-14 21:00:00+05:30,sector_11_faridabad_hspcb,openaq,175.0,298.0,,,,,,,,,,,False
2026-02-15 01:00:00+05:30,sector_11_faridabad_hspcb,openaq,224.0,380.0,,,,,,,,,,,False
2026-02-15 02:00:00+05:30,sector_11_faridabad_hspcb,openaq,267.0,452.0,,,,,,,,,,,False
2026-02-15 03:00:00+05:30,sector_11_faridabad_hspcb,openaq,287.0,486.0,,,,,,,,,,,False
2026-02-15 04:00:00+05:30,sector_11_faridabad_hspcb,openaq,274.0,463.0,,,,,,,,,,,False
2026-02-15 05:00:00+05:30,sector_11_faridabad_hspcb,openaq,178.0,303.0,,,,,,,,,,,False
2026-02-15 06:00:00+05:30,sector_11_faridabad_hspcb,openaq,211.0,358.0,,,,,,,,,,,False
2026-02-15 07:00:00+05:30,sector_11_faridabad_hspcb,openaq,257.0,435.0,,,,,,,,,,,False
2026-02-15 13:00:00+05:30,sector_11_faridabad_hspcb,openaq,76.3,134.0,,,,,,,,,,,False
2026-02-15 14:00:00+05:30,sector_11_faridabad_hspcb,openaq,67.7,120.0,,,,,,,,,,,False
2026-02-15 15:00:00+05:30,sector_11_faridabad_hspcb,openaq,55.0,98.4,,,,,,,,,,,False
2026-02-15 16:00:00+05:30,sector_11_faridabad_hspcb,openaq,61.5,109.0,,,,,,,,,,,False
2026-02-15 17:00:00+05:30,sector_11_faridabad_hspcb,openaq,74.6,131.0,,,,,,,,,,,False
2026-02-15 18:00:00+05:30,sector_11_faridabad_hspcb,openaq,84.8,148.0,,,,,,,,,,,False
2026-02-15 19:00:00+05:30,sector_11_faridabad_hspcb,openaq,109.0,188.0,,,,,,,,,,,False
2026-02-15 20:00:00+05:30,sector_11_faridabad_hspcb,openaq,197.0,335.0,,,,,,,,,,,False
2026-02-16 07:00:00+05:30,sector_11_faridabad_hspcb,openaq,300.0,477.0,,,,,,,,,,,False
2026-02-16 08:00:00+05:30,sector_11_faridabad_hspcb,openaq,316.0,494.0,,,,,,,,,,,False
2026-02-16 09:00:00+05:30,sector_11_faridabad_hspcb,openaq,37.6,69.3,,,,,,,,,,,False
2026-02-17 13:00:00+05:30,sector_11_faridabad_hspcb,openaq,62.5,111.0,,,,,,,,,,,False
2026-02-17 15:00:00+05:30,sector_11_faridabad_hspcb,openaq,53.2,95.3,,,,,,,,,,,False
2026-02-17 16:00:00+05:30,sector_11_faridabad_hspcb,openaq,39.7,72.8,,,,,,,,,,,False
2026-02-17 17:00:00+05:30,sector_11_faridabad_hspcb,openaq,43.6,79.3,,,,,,,,,,,False
2026-02-17 18:00:00+05:30,sector_11_faridabad_hspcb,openaq,60.7,108.0,,,,,,,,,,,False
2026-02-17 19:00:00+05:30,sector_11_faridabad_hspcb,openaq,76.6,134.0,,,,,,,,,,,False
2026-02-17 20:00:00+05:30,sector_11_faridabad_hspcb,openaq,96.9,168.0,,,,,,,,,,,False
2026-02-17 21:00:00+05:30,sector_11_faridabad_hspcb,openaq,120.0,207.0,,,,,,,,,,,False
2026-02-18 07:00:00+05:30,sector_11_faridabad_hspcb,openaq,115.0,198.0,,,,,,,,,,,False
2026-02-18 08:00:00+05:30,sector_11_faridabad_hspcb,openaq,148.0,254.0,,,,,,,,,,,False
2026-02-18 09:00:00+05:30,sector_11_faridabad_hspcb,openaq,215.0,366.0,,,,,,,,,,,False
2026-02-18 10:00:00+05:30,sector_11_faridabad_hspcb,openaq,59.4,106.0,,,,,,,,,,,False
2026-02-18 11:00:00+05:30,sector_11_faridabad_hspcb,openaq,86.4,151.0,,,,,,,,,,,False
2026-02-18 12:00:00+05:30,sector_11_faridabad_hspcb,openaq,66.0,117.0,,,,,,,,,,,False
2026-02-18 13:00:00+05:30,sector_11_faridabad_hspcb,openaq,117.0,202.0,,,,,,,,,,,False
2026-02-18 14:00:00+05:30,sector_11_faridabad_hspcb,openaq,23.8,46.3,,,,,,,,,,,False
2026-02-18 15:00:00+05:30,sector_11_faridabad_hspcb,openaq,38.7,71.1,,,,,,,,,,,False
2026-02-18 16:00:00+05:30,sector_11_faridabad_hspcb,openaq,59.7,106.0,,,,,,,,,,,False
2026-02-18 17:00:00+05:30,sector_11_faridabad_hspcb,openaq,78.0,137.0,,,,,,,,,,,False
2026-02-18 18:00:00+05:30,sector_11_faridabad_hspcb,openaq,77.6,136.0,,,,,,,,,,,False
2026-02-18 19:00:00+05:30,sector_11_faridabad_hspcb,openaq,83.6,146.0,,,,,,,,,,,False
2026-02-18 20:00:00+05:30,sector_11_faridabad_hspcb,openaq,111.0,192.0,,,,,,,,,,,False
2026-02-18 21:00:00+05:30,sector_11_faridabad_hspcb,openaq,90.4,157.0,,,,,,,,,,,False
2026-02-19 16:00:00+05:30,sector_11_faridabad_hspcb,openaq,36.3,67.0,,,,,,,,,,,False
2026-02-19 17:00:00+05:30,sector_11_faridabad_hspcb,openaq,61.5,109.0,,,,,,,,,,,False
2026-02-19 18:00:00+05:30,sector_11_faridabad_hspcb,openaq,92.0,160.0,,,,,,,,,,,False
2026-02-19 19:00:00+05:30,sector_11_faridabad_hspcb,openaq,119.0,205.0,,,,,,,,,,,False
2026-02-19 20:00:00+05:30,sector_11_faridabad_hspcb,openaq,122.0,210.0,,,,,,,,,,,False
2026-02-19 21:00:00+05:30,sector_11_faridabad_hspcb,openaq,111.0,192.0,,,,,,,,,,,False
2026-02-19 22:00:00+05:30,sector_11_faridabad_hspcb,openaq,111.0,192.0,,,,,,,,,,,False
2026-02-20 01:00:00+05:30,sector_11_faridabad_hspcb,openaq,130.0,223.0,,,,,,,,,,,False
2026-02-20 02:00:00+05:30,sector_11_faridabad_hspcb,openaq,120.0,206.0,,,,,,,,,,,False
2026-02-20 03:00:00+05:30,sector_11_faridabad_hspcb,openaq,93.8,163.0,,,,,,,,,,,False
2026-02-20 04:00:00+05:30,sector_11_faridabad_hspcb,openaq,84.0,147.0,,,,,,,,,,,False
2026-02-20 05:00:00+05:30,sector_11_faridabad_hspcb,openaq,105.0,182.0,,,,,,,,,,,False
2026-02-20 06:00:00+05:30,sector_11_faridabad_hspcb,openaq,116.0,201.0,,,,,,,,,,,False
2026-02-20 07:00:00+05:30,sector_11_faridabad_hspcb,openaq,148.0,253.0,,,,,,,,,,,False
2026-02-20 08:00:00+05:30,sector_11_faridabad_hspcb,openaq,133.0,228.0,,,,,,,,,,,False
2026-02-20 09:00:00+05:30,sector_11_faridabad_hspcb,openaq,20.6,41.0,,,,,,,,,,,False
2026-02-20 10:00:00+05:30,sector_11_faridabad_hspcb,openaq,52.9,94.8,,,,,,,,,,,False
2026-02-20 11:00:00+05:30,sector_11_faridabad_hspcb,openaq,82.2,144.0,,,,,,,,,,,False
2026-02-20 12:00:00+05:30,sector_11_faridabad_hspcb,openaq,94.9,165.0,,,,,,,,,,,False
2026-02-20 13:00:00+05:30,sector_11_faridabad_hspcb,openaq,92.7,161.0,,,,,,,,,,,False
2026-02-20 15:00:00+05:30,sector_11_faridabad_hspcb,openaq,46.0,83.3,,,,,,,,,,,False
2026-02-20 16:00:00+05:30,sector_11_faridabad_hspcb,openaq,59.9,107.0,,,,,,,,,,,False
2026-02-20 17:00:00+05:30,sector_11_faridabad_hspcb,openaq,58.4,104.0,,,,,,,,,,,False
2026-02-20 18:00:00+05:30,sector_11_faridabad_hspcb,openaq,71.8,126.0,,,,,,,,,,,False
2026-02-20 19:00:00+05:30,sector_11_faridabad_hspcb,openaq,84.8,148.0,,,,,,,,,,,False
2026-02-20 20:00:00+05:30,sector_11_faridabad_hspcb,openaq,109.0,189.0,,,,,,,,,,,False
2026-02-20 21:00:00+05:30,sector_11_faridabad_hspcb,openaq,117.0,202.0,,,,,,,,,,,False
2026-02-20 22:00:00+05:30,sector_11_faridabad_hspcb,openaq,113.0,195.0,,,,,,,,,,,False
2026-02-21 01:00:00+05:30,sector_11_faridabad_hspcb,openaq,114.0,196.0,,,,,,,,,,,False
2026-02-21 02:00:00+05:30,sector_11_faridabad_hspcb,openaq,138.0,237.0,,,,,,,,,,,False
2026-02-21 03:00:00+05:30,sector_11_faridabad_hspcb,openaq,133.0,228.0,,,,,,,,,,,False
2026-02-21 04:00:00+05:30,sector_11_faridabad_hspcb,openaq,150.0,257.0,,,,,,,,,,,False
2026-02-21 05:00:00+05:30,sector_11_faridabad_hspcb,openaq,159.0,272.0,,,,,,,,,,,False
2026-02-21 06:00:00+05:30,sector_11_faridabad_hspcb,openaq,158.0,269.0,,,,,,,,,,,False
2026-02-21 07:00:00+05:30,sector_11_faridabad_hspcb,openaq,178.0,304.0,,,,,,,,,,,False
2026-02-21 08:00:00+05:30,sector_11_faridabad_hspcb,openaq,154.0,264.0,,,,,,,,,,,False
2026-02-21 09:00:00+05:30,sector_11_faridabad_hspcb,openaq,71.0,125.0,,,,,,,,,,,False
2026-02-21 10:00:00+05:30,sector_11_faridabad_hspcb,openaq,90.3,157.0,,,,,,,,,,,False
2026-02-21 11:00:00+05:30,sector_11_faridabad_hspcb,openaq,83.2,145.0,,,,,,,,,,,False
2026-02-21 13:00:00+05:30,sector_11_faridabad_hspcb,openaq,68.3,121.0,,,,,,,,,,,False
2026-02-21 14:00:00+05:30,sector_11_faridabad_hspcb,openaq,46.7,84.5,,,,,,,,,,,False
2026-02-21 15:00:00+05:30,sector_11_faridabad_hspcb,openaq,45.5,82.5,,,,,,,,,,,False
2026-02-21 17:00:00+05:30,sector_11_faridabad_hspcb,openaq,71.8,126.0,,,,,,,,,,,False
2026-02-21 18:00:00+05:30,sector_11_faridabad_hspcb,openaq,80.3,140.0,,,,,,,,,,,False
2026-02-21 19:00:00+05:30,sector_11_faridabad_hspcb,openaq,94.3,164.0,,,,,,,,,,,False
2026-02-21 20:00:00+05:30,sector_11_faridabad_hspcb,openaq,135.0,232.0,,,,,,,,,,,False
2026-02-21 21:00:00+05:30,sector_11_faridabad_hspcb,openaq,159.0,273.0,,,,,,,,,,,False
2026-02-21 22:00:00+05:30,sector_11_faridabad_hspcb,openaq,212.0,360.0,,,,,,,,,,,False
2026-02-22 02:00:00+05:30,sector_11_faridabad_hspcb,openaq,158.0,270.0,,,,,,,,,,,False
2026-02-22 03:00:00+05:30,sector_11_faridabad_hspcb,openaq,270.0,456.0,,,,,,,,,,,False
2026-02-22 04:00:00+05:30,sector_11_faridabad_hspcb,openaq,299.0,505.0,,,,,,,,,,,False
2026-02-22 05:00:00+05:30,sector_11_faridabad_hspcb,openaq,188.0,319.0,,,,,,,,,,,False
2026-02-22 06:00:00+05:30,sector_11_faridabad_hspcb,openaq,169.0,288.0,,,,,,,,,,,False
2026-02-22 07:00:00+05:30,sector_11_faridabad_hspcb,openaq,247.0,418.0,,,,,,,,,,,False
2026-02-22 08:00:00+05:30,sector_11_faridabad_hspcb,openaq,209.0,356.0,,,,,,,,,,,False
2026-02-22 09:00:00+05:30,sector_11_faridabad_hspcb,openaq,60.8,108.0,,,,,,,,,,,False
2026-02-22 10:00:00+05:30,sector_11_faridabad_hspcb,openaq,96.5,167.0,,,,,,,,,,,False
2026-02-22 11:00:00+05:30,sector_11_faridabad_hspcb,openaq,78.0,137.0,,,,,,,,,,,False
2026-02-22 12:00:00+05:30,sector_11_faridabad_hspcb,openaq,49.7,89.5,,,,,,,,,,,False
2026-02-22 13:00:00+05:30,sector_11_faridabad_hspcb,openaq,60.9,108.0,,,,,,,,,,,False
2026-02-22 14:00:00+05:30,sector_11_faridabad_hspcb,openaq,63.1,112.0,,,,,,,,,,,False
2026-02-22 15:00:00+05:30,sector_11_faridabad_hspcb,openaq,45.4,82.4,,,,,,,,,,,False
2026-02-22 16:00:00+05:30,sector_11_faridabad_hspcb,openaq,54.9,98.2,,,,,,,,,,,False
2026-02-22 17:00:00+05:30,sector_11_faridabad_hspcb,openaq,76.2,134.0,,,,,,,,,,,False
2026-02-22 18:00:00+05:30,sector_11_faridabad_hspcb,openaq,67.1,119.0,,,,,,,,,,,False
2026-02-22 21:00:00+05:30,sector_11_faridabad_hspcb,openaq,211.0,358.0,,,,,,,,,,,False
2026-02-22 22:00:00+05:30,sector_11_faridabad_hspcb,openaq,234.0,396.0,,,,,,,,,,,False
2026-02-23 01:00:00+05:30,sector_11_faridabad_hspcb,openaq,183.0,311.0,,,,,,,,,,,False
2026-02-23 02:00:00+05:30,sector_11_faridabad_hspcb,openaq,192.0,327.0,,,,,,,,,,,False
2026-02-23 03:00:00+05:30,sector_11_faridabad_hspcb,openaq,204.0,347.0,,,,,,,,,,,False
2026-02-23 04:00:00+05:30,sector_11_faridabad_hspcb,openaq,265.0,377.0,,,,,,,,,,,False
2026-02-23 05:00:00+05:30,sector_11_faridabad_hspcb,openaq,421.0,686.0,,,,,,,,,,,False
2026-02-23 06:00:00+05:30,sector_11_faridabad_hspcb,openaq,298.0,433.0,,,,,,,,,,,False
2026-02-23 07:00:00+05:30,sector_11_faridabad_hspcb,openaq,480.0,806.0,,,,,,,,,,,False
2026-02-23 08:00:00+05:30,sector_11_faridabad_hspcb,openaq,361.0,566.0,,,,,,,,,,,False
2026-02-23 09:00:00+05:30,sector_11_faridabad_hspcb,openaq,64.7,115.0,,,,,,,,,,,False
2026-02-23 11:00:00+05:30,sector_11_faridabad_hspcb,openaq,89.4,156.0,,,,,,,,,,,False
2026-02-23 12:00:00+05:30,sector_11_faridabad_hspcb,openaq,70.6,124.0,,,,,,,,,,,False
2026-02-23 13:00:00+05:30,sector_11_faridabad_hspcb,openaq,68.8,121.0,,,,,,,,,,,False
2026-02-23 15:00:00+05:30,sector_11_faridabad_hspcb,openaq,36.2,66.8,,,,,,,,,,,False
2026-02-23 16:00:00+05:30,sector_11_faridabad_hspcb,openaq,64.2,114.0,,,,,,,,,,,False
2026-02-23 17:00:00+05:30,sector_11_faridabad_hspcb,openaq,70.6,124.0,,,,,,,,,,,False
2026-02-23 18:00:00+05:30,sector_11_faridabad_hspcb,openaq,100.0,173.0,,,,,,,,,,,False
2026-02-23 21:00:00+05:30,sector_11_faridabad_hspcb,openaq,209.0,355.0,,,,,,,,,,,False
2026-02-23 22:00:00+05:30,sector_11_faridabad_hspcb,openaq,189.0,321.0,,,,,,,,,,,False
2026-02-24 01:00:00+05:30,sector_11_faridabad_hspcb,openaq,147.0,252.0,,,,,,,,,,,False
2026-02-24 02:00:00+05:30,sector_11_faridabad_hspcb,openaq,142.0,243.0,,,,,,,,,,,False
2026-02-24 03:00:00+05:30,sector_11_faridabad_hspcb,openaq,125.0,215.0,,,,,,,,,,,False
2026-02-24 04:00:00+05:30,sector_11_faridabad_hspcb,openaq,128.0,220.0,,,,,,,,,,,False
2026-02-24 05:00:00+05:30,sector_11_faridabad_hspcb,openaq,124.0,214.0,,,,,,,,,,,False
2026-02-24 06:00:00+05:30,sector_11_faridabad_hspcb,openaq,124.0,213.0,,,,,,,,,,,False
2026-02-24 07:00:00+05:30,sector_11_faridabad_hspcb,openaq,157.0,268.0,,,,,,,,,,,False
2026-02-24 08:00:00+05:30,sector_11_faridabad_hspcb,openaq,160.0,273.0,,,,,,,,,,,False
2026-02-24 09:00:00+05:30,sector_11_faridabad_hspcb,openaq,175.0,224.0,,,,,,,,,,,False
2026-02-24 10:00:00+05:30,sector_11_faridabad_hspcb,openaq,348.0,566.0,,,,,,,,,,,False
2026-02-24 11:00:00+05:30,sector_11_faridabad_hspcb,openaq,179.0,305.0,,,,,,,,,,,False
2026-02-24 12:00:00+05:30,sector_11_faridabad_hspcb,openaq,63.1,112.0,,,,,,,,,,,False
2026-02-24 13:00:00+05:30,sector_11_faridabad_hspcb,openaq,49.6,89.4,,,,,,,,,,,False
2026-02-24 14:00:00+05:30,sector_11_faridabad_hspcb,openaq,77.8,136.0,,,,,,,,,,,False
2026-02-24 18:00:00+05:30,sector_11_faridabad_hspcb,openaq,90.4,157.0,,,,,,,,,,,False
2026-02-24 19:00:00+05:30,sector_11_faridabad_hspcb,openaq,137.0,235.0,,,,,,,,,,,False
2026-02-24 20:00:00+05:30,sector_11_faridabad_hspcb,openaq,172.0,294.0,,,,,,,,,,,False
2026-02-24 21:00:00+05:30,sector_11_faridabad_hspcb,openaq,196.0,333.0,,,,,,,,,,,False
2026-02-24 22:00:00+05:30,sector_11_faridabad_hspcb,openaq,202.0,343.0,,,,,,,,,,,False
2026-02-25 01:00:00+05:30,sector_11_faridabad_hspcb,openaq,172.0,293.0,,,,,,,,,,,False
2026-02-25 02:00:00+05:30,sector_11_faridabad_hspcb,openaq,154.0,263.0,,,,,,,,,,,False
2026-02-25 03:00:00+05:30,sector_11_faridabad_hspcb,openaq,165.0,281.0,,,,,,,,,,,False
2026-02-25 04:00:00+05:30,sector_11_faridabad_hspcb,openaq,161.0,274.0,,,,,,,,,,,False
2026-02-25 05:00:00+05:30,sector_11_faridabad_hspcb,openaq,160.0,273.0,,,,,,,,,,,False
2026-02-25 06:00:00+05:30,sector_11_faridabad_hspcb,openaq,188.0,320.0,,,,,,,,,,,False
2026-02-25 07:00:00+05:30,sector_11_faridabad_hspcb,openaq,264.0,447.0,,,,,,,,,,,False
2026-02-25 08:00:00+05:30,sector_11_faridabad_hspcb,openaq,245.0,414.0,,,,,,,,,,,False
2026-02-25 09:00:00+05:30,sector_11_faridabad_hspcb,openaq,66.7,118.0,,,,,,,,,,,False
2026-02-25 12:00:00+05:30,sector_11_faridabad_hspcb,openaq,44.8,91.2,,,,,,,,,,,False
2026-02-25 13:00:00+05:30,sector_11_faridabad_hspcb,openaq,62.3,132.0,,,,,,,,,,,False
2026-02-25 14:00:00+05:30,sector_11_faridabad_hspcb,openaq,11.2,22.4,,,,,,,,,,,False
2026-02-25 15:00:00+05:30,sector_11_faridabad_hspcb,openaq,37.2,77.2,,,,,,,,,,,False
2026-02-25 17:00:00+05:30,sector_11_faridabad_hspcb,openaq,64.2,126.0,,,,,,,,,,,False
2026-02-25 18:00:00+05:30,sector_11_faridabad_hspcb,openaq,79.9,157.0,,,,,,,,,,,False
2026-02-25 19:00:00+05:30,sector_11_faridabad_hspcb,openaq,122.0,239.0,,,,,,,,,,,False
2026-02-25 20:00:00+05:30,sector_11_faridabad_hspcb,openaq,189.0,372.0,,,,,,,,,,,False
2026-02-25 21:00:00+05:30,sector_11_faridabad_hspcb,openaq,221.0,435.0,,,,,,,,,,,False
2026-02-25 22:00:00+05:30,sector_11_faridabad_hspcb,openaq,261.0,514.0,,,,,,,,,,,False
2026-02-26 01:00:00+05:30,sector_11_faridabad_hspcb,openaq,332.0,652.0,,,,,,,,,,,False
2026-02-26 02:00:00+05:30,sector_11_faridabad_hspcb,openaq,305.0,600.0,,,,,,,,,,,False
2026-02-26 03:00:00+05:30,sector_11_faridabad_hspcb,openaq,274.0,540.0,,,,,,,,,,,False
2026-02-26 04:00:00+05:30,sector_11_faridabad_hspcb,openaq,242.0,476.0,,,,,,,,,,,False
2026-02-26 05:00:00+05:30,sector_11_faridabad_hspcb,openaq,209.0,411.0,,,,,,,,,,,False
2026-02-26 06:00:00+05:30,sector_11_faridabad_hspcb,openaq,262.0,516.0,,,,,,,,,,,False
2026-02-26 07:00:00+05:30,sector_11_faridabad_hspcb,openaq,361.0,672.0,,,,,,,,,,,False
2026-02-26 08:00:00+05:30,sector_11_faridabad_hspcb,openaq,342.0,674.0,,,,,,,,,,,False
2026-02-26 09:00:00+05:30,sector_11_faridabad_hspcb,openaq,143.0,268.0,,,,,,,,,,,False
2026-02-26 10:00:00+05:30,sector_11_faridabad_hspcb,openaq,93.4,184.0,,,,,,,,,,,False
2026-02-26 11:00:00+05:30,sector_11_faridabad_hspcb,openaq,77.7,153.0,,,,,,,,,,,False
2026-02-26 12:00:00+05:30,sector_11_faridabad_hspcb,openaq,99.9,202.0,,,,,,,,,,,False
2026-02-26 13:00:00+05:30,sector_11_faridabad_hspcb,openaq,53.3,105.0,,,,,,,,,,,False
2026-02-26 14:00:00+05:30,sector_11_faridabad_hspcb,openaq,50.6,99.6,,,,,,,,,,,False
2026-02-26 15:00:00+05:30,sector_11_faridabad_hspcb,openaq,77.0,152.0,,,,,,,,,,,False
2026-02-26 16:00:00+05:30,sector_11_faridabad_hspcb,openaq,100.0,197.0,,,,,,,,,,,False
2026-02-26 17:00:00+05:30,sector_11_faridabad_hspcb,openaq,97.8,192.0,,,,,,,,,,,False
2026-02-26 18:00:00+05:30,sector_11_faridabad_hspcb,openaq,121.0,237.0,,,,,,,,,,,False
2026-02-26 19:00:00+05:30,sector_11_faridabad_hspcb,openaq,162.0,319.0,,,,,,,,,,,False
2026-02-26 20:00:00+05:30,sector_11_faridabad_hspcb,openaq,292.0,504.0,,,,,,,,,,,False
2026-02-26 21:00:00+05:30,sector_11_faridabad_hspcb,openaq,420.0,826.0,,,,,,,,,,,False
2026-02-26 22:00:00+05:30,sector_11_faridabad_hspcb,openaq,404.0,795.0,,,,,,,,,,,False
2026-02-27 01:00:00+05:30,sector_11_faridabad_hspcb,openaq,219.0,430.0,,,,,,,,,,,False
2026-02-27 02:00:00+05:30,sector_11_faridabad_hspcb,openaq,174.0,342.0,,,,,,,,,,,False
2026-02-27 03:00:00+05:30,sector_11_faridabad_hspcb,openaq,303.0,506.0,,,,,,,,,,,False
2026-02-27 04:00:00+05:30,sector_11_faridabad_hspcb,openaq,403.0,792.0,,,,,,,,,,,False
2026-02-27 05:00:00+05:30,sector_11_faridabad_hspcb,openaq,392.0,771.0,,,,,,,,,,,False
2026-02-27 06:00:00+05:30,sector_11_faridabad_hspcb,openaq,467.0,918.0,,,,,,,,,,,False
2026-02-27 07:00:00+05:30,sector_11_faridabad_hspcb,openaq,537.0,1060.0,,,,,,,,,,,False
2026-02-27 08:00:00+05:30,sector_11_faridabad_hspcb,openaq,310.0,592.0,,,,,,,,,,,False
2026-02-27 09:00:00+05:30,sector_11_faridabad_hspcb,openaq,195.0,384.0,,,,,,,,,,,False
2026-02-27 10:00:00+05:30,sector_11_faridabad_hspcb,openaq,193.0,379.0,,,,,,,,,,,False
2026-02-27 11:00:00+05:30,sector_11_faridabad_hspcb,openaq,127.0,250.0,,,,,,,,,,,False
2026-02-27 12:00:00+05:30,sector_11_faridabad_hspcb,openaq,103.0,203.0,,,,,,,,,,,False
2026-02-27 13:00:00+05:30,sector_11_faridabad_hspcb,openaq,111.0,218.0,,,,,,,,,,,False
2026-02-27 14:00:00+05:30,sector_11_faridabad_hspcb,openaq,54.1,114.0,,,,,,,,,,,False
2026-02-27 15:00:00+05:30,sector_11_faridabad_hspcb,openaq,58.7,126.0,,,,,,,,,,,False
2026-02-27 16:00:00+05:30,sector_11_faridabad_hspcb,openaq,65.8,141.0,,,,,,,,,,,False
2026-02-27 17:00:00+05:30,sector_11_faridabad_hspcb,openaq,105.0,225.0,,,,,,,,,,,False
2026-02-27 18:00:00+05:30,sector_11_faridabad_hspcb,openaq,161.0,345.0,,,,,,,,,,,False
2026-02-27 19:00:00+05:30,sector_11_faridabad_hspcb,openaq,172.0,369.0,,,,,,,,,,,False
2026-02-27 20:00:00+05:30,sector_11_faridabad_hspcb,openaq,328.0,599.0,,,,,,,,,,,False
2026-02-27 21:00:00+05:30,sector_11_faridabad_hspcb,openaq,337.0,722.0,,,,,,,,,,,False
2026-02-27 22:00:00+05:30,sector_11_faridabad_hspcb,openaq,319.0,684.0,,,,,,,,,,,False
2026-02-28 01:00:00+05:30,sector_11_faridabad_hspcb,openaq,233.0,498.0,,,,,,,,,,,False
2026-02-28 02:00:00+05:30,sector_11_faridabad_hspcb,openaq,183.0,393.0,,,,,,,,,,,False
2026-02-28 03:00:00+05:30,sector_11_faridabad_hspcb,openaq,112.0,239.0,,,,,,,,,,,False
2026-02-28 04:00:00+05:30,sector_11_faridabad_hspcb,openaq,119.0,256.0,,,,,,,,,,,False
2026-02-28 05:00:00+05:30,sector_11_faridabad_hspcb,openaq,235.0,503.0,,,,,,,,,,,False
2026-02-28 06:00:00+05:30,sector_11_faridabad_hspcb,openaq,266.0,570.0,,,,,,,,,,,False
2026-02-28 07:00:00+05:30,sector_11_faridabad_hspcb,openaq,239.0,513.0,,,,,,,,,,,False
2026-02-28 08:00:00+05:30,sector_11_faridabad_hspcb,openaq,325.0,634.0,,,,,,,,,,,False
2026-02-28 09:00:00+05:30,sector_11_faridabad_hspcb,openaq,252.0,530.0,,,,,,,,,,,False
2026-02-28 10:00:00+05:30,sector_11_faridabad_hspcb,openaq,198.0,423.0,,,,,,,,,,,False
2026-02-28 11:00:00+05:30,sector_11_faridabad_hspcb,openaq,114.0,243.0,,,,,,,,,,,False
2026-02-28 12:00:00+05:30,sector_11_faridabad_hspcb,openaq,89.7,192.0,,,,,,,,,,,False
2026-02-28 13:00:00+05:30,sector_11_faridabad_hspcb,openaq,81.0,173.0,,,,,,,,,,,False
2026-02-28 14:00:00+05:30,sector_11_faridabad_hspcb,openaq,101.0,216.0,,,,,,,,,,,False
2026-02-28 15:00:00+05:30,sector_11_faridabad_hspcb,openaq,61.9,,,,,,,,,,,,False
2026-02-28 16:00:00+05:30,sector_11_faridabad_hspcb,openaq,43.4,92.9,,,,,,,,,,,False
2026-02-28 17:00:00+05:30,sector_11_faridabad_hspcb,openaq,86.3,185.0,,,,,,,,,,,False
2026-02-28 19:00:00+05:30,sector_11_faridabad_hspcb,openaq,153.0,327.0,,,,,,,,,,,False
2026-02-28 20:00:00+05:30,sector_11_faridabad_hspcb,openaq,197.0,422.0,,,,,,,,,,,False
2026-02-28 21:00:00+05:30,sector_11_faridabad_hspcb,openaq,209.0,448.0,,,,,,,,,,,False
2026-02-28 22:00:00+05:30,sector_11_faridabad_hspcb,openaq,216.0,463.0,,,,,,,,,,,False
2026-03-01 02:00:00+05:30,sector_11_faridabad_hspcb,openaq,168.0,360.0,,,,,,,,,,,False
2026-03-01 03:00:00+05:30,sector_11_faridabad_hspcb,openaq,139.0,297.0,,,,,,,,,,,False
2026-03-01 04:00:00+05:30,sector_11_faridabad_hspcb,openaq,136.0,292.0,,,,,,,,,,,False
